ds,region,market,account_type,funnel,Identifier,X,new_funnel,generic_cost,competitor_cost,generic_cost_split,competitor_cost_split,Weekend,Month,Year,Mexico_-_Brand_Apr_2024,Mexico_-_Brand_Aug_2024,Mexico_-_Brand_Dec_2024,Mexico_-_Brand_Jul_2024,Mexico_-_Brand_Jun_2024,Mexico_-_Brand_May_2024,Mexico_-_Brand_Nov_2024,Mexico_-_Brand_Oct_2024,Mexico_-_Brand_Sep_2024,Mexico_-_Non_Brand_Apr_2024,Mexico_-_Non_Brand_Aug_2024,Mexico_-_Non_Brand_Dec_2024,Mexico_-_Non_Brand_Jul_2024,Mexico_-_Non_Brand_Jun_2024,Mexico_-_Non_Brand_May_2024,Mexico_-_Non_Brand_Nov_2024,Mexico_-_Non_Brand_Oct_2024,Mexico_-_Non_Brand_Sep_2024,AOV,ROAS
2024-04-25,LATAM,Mexico,-,Brand,L,1022.6799999999998,0,0.0,0.0,0.5,0.5,1,Apr,2024,1022.6799999999998,0.0,0.0,0.0,0.0,0.0,0.0,0.0,0.0,0.0,0.0,0.0,0.0,0.0,0.0,0.0,0.0,0.0,60.9,20.69
2024-04-25,LATAM,Mexico,-,Non_Brand,L,193.62,0,193.62,0.0,1.0,0.0,1,Apr,2024,0.0,0.0,0.0,0.0,0.0,0.0,0.0,0.0,0.0,193.62,0.0,0.0,0.0,0.0,0.0,0.0,0.0,0.0,69.4,3.79
2024-04-26,LATAM,Mexico,-,Brand,L,807.22,0,0.0,0.0,0.5,0.5,1,Apr,2024,807.22,0.0,0.0,0.0,0.0,0.0,0.0,0.0,0.0,0.0,0.0,0.0,0.0,0.0,0.0,0.0,0.0,0.0,60.9,20.69
2024-04-26,LATAM,Mexico,-,Non_Brand,L,240.38,0,240.38,0.0,1.0,0.0,1,Apr,2024,0.0,0.0,0.0,0.0,0.0,0.0,0.0,0.0,0.0,240.38,0.0,0.0,0.0,0.0,0.0,0.0,0.0,0.0,69.4,3.79
2024-04-27,LATAM,Mexico,-,Brand,L,51.02,0,0.0,0.0,0.5,0.5,1,Apr,2024,51.02,0.0,0.0,0.0,0.0,0.0,0.0,0.0,0.0,0.0,0.0,0.0,0.0,0.0,0.0,0.0,0.0,0.0,60.9,20.69
2024-04-27,LATAM,Mexico,-,Non_Brand,L,59.6,0,59.6,0.0,1.0,0.0,1,Apr,2024,0.0,0.0,0.0,0.0,0.0,0.0,0.0,0.0,0.0,59.6,0.0,0.0,0.0,0.0,0.0,0.0,0.0,0.0,69.4,3.79
2024-04-28,LATAM,Mexico,-,Brand,L,26.2,0,0.0,0.0,0.5,0.5,1,Apr,2024,26.2,0.0,0.0,0.0,0.0,0.0,0.0,0.0,0.0,0.0,0.0,0.0,0.0,0.0,0.0,0.0,0.0,0.0,60.9,20.69
2024-04-28,LATAM,Mexico,-,Non_Brand,L,20.48,0,20.48,0.0,1.0,0.0,1,Apr,2024,0.0,0.0,0.0,0.0,0.0,0.0,0.0,0.0,0.0,20.48,0.0,0.0,0.0,0.0,0.0,0.0,0.0,0.0,69.4,3.79
2024-04-29,LATAM,Mexico,-,Brand,L,128.29999999999998,0,0.0,0.0,0.5,0.5,0,Apr,2024,128.29999999999998,0.0,0.0,0.0,0.0,0.0,0.0,0.0,0.0,0.0,0.0,0.0,0.0,0.0,0.0,0.0,0.0,0.0,60.9,20.69
2024-04-29,LATAM,Mexico,-,Non_Brand,L,59.32000000000001,0,59.32000000000001,0.0,1.0,0.0,0,Apr,2024,0.0,0.0,0.0,0.0,0.0,0.0,0.0,0.0,0.0,59.32000000000001,0.0,0.0,0.0,0.0,0.0,0.0,0.0,0.0,69.4,3.79
2024-04-30,LATAM,Mexico,-,Brand,L,553.22,0,0.0,0.0,0.5,0.5,0,Apr,2024,553.22,0.0,0.0,0.0,0.0,0.0,0.0,0.0,0.0,0.0,0.0,0.0,0.0,0.0,0.0,0.0,0.0,0.0,60.9,20.69
2024-04-30,LATAM,Mexico,-,Non_Brand,L,123.7,0,123.7,0.0,1.0,0.0,0,Apr,2024,0.0,0.0,0.0,0.0,0.0,0.0,0.0,0.0,0.0,123.7,0.0,0.0,0.0,0.0,0.0,0.0,0.0,0.0,69.4,3.79
2024-05-01,LATAM,Mexico,-,Brand,L,570.36,0,0.0,0.0,0.5,0.5,1,May,2024,0.0,0.0,0.0,0.0,0.0,570.36,0.0,0.0,0.0,0.0,0.0,0.0,0.0,0.0,0.0,0.0,0.0,0.0,60.9,20.69
2024-05-01,LATAM,Mexico,-,Non_Brand,L,155.66,0,155.66,0.0,1.0,0.0,1,May,2024,0.0,0.0,0.0,0.0,0.0,0.0,0.0,0.0,0.0,0.0,0.0,0.0,0.0,0.0,155.66,0.0,0.0,0.0,69.4,3.79
2024-05-02,LATAM,Mexico,-,Brand,L,768.54,0,0.0,0.0,0.5,0.5,1,May,2024,0.0,0.0,0.0,0.0,0.0,768.54,0.0,0.0,0.0,0.0,0.0,0.0,0.0,0.0,0.0,0.0,0.0,0.0,60.9,20.69
2024-05-02,LATAM,Mexico,-,Non_Brand,L,301.92,0,301.92,0.0,1.0,0.0,1,May,2024,0.0,0.0,0.0,0.0,0.0,0.0,0.0,0.0,0.0,0.0,0.0,0.0,0.0,0.0,301.92,0.0,0.0,0.0,69.4,3.79
2024-05-03,LATAM,Mexico,-,Brand,L,845.0400000000001,0,0.0,0.0,0.5,0.5,1,May,2024,0.0,0.0,0.0,0.0,0.0,845.0400000000001,0.0,0.0,0.0,0.0,0.0,0.0,0.0,0.0,0.0,0.0,0.0,0.0,60.9,20.69
2024-05-03,LATAM,Mexico,-,Non_Brand,L,193.74,0,193.74,0.0,1.0,0.0,1,May,2024,0.0,0.0,0.0,0.0,0.0,0.0,0.0,0.0,0.0,0.0,0.0,0.0,0.0,0.0,193.74,0.0,0.0,0.0,69.4,3.79
2024-05-04,LATAM,Mexico,-,Brand,L,143.73999999999998,0,0.0,0.0,0.5,0.5,1,May,2024,0.0,0.0,0.0,0.0,0.0,143.73999999999998,0.0,0.0,0.0,0.0,0.0,0.0,0.0,0.0,0.0,0.0,0.0,0.0,60.9,20.69
2024-05-04,LATAM,Mexico,-,Non_Brand,L,73.52000000000001,0,73.52000000000001,0.0,1.0,0.0,1,May,2024,0.0,0.0,0.0,0.0,0.0,0.0,0.0,0.0,0.0,0.0,0.0,0.0,0.0,0.0,73.52000000000001,0.0,0.0,0.0,69.4,3.79
2024-05-05,LATAM,Mexico,-,Brand,L,67.46000000000001,0,0.0,0.0,0.5,0.5,1,May,2024,0.0,0.0,0.0,0.0,0.0,67.46000000000001,0.0,0.0,0.0,0.0,0.0,0.0,0.0,0.0,0.0,0.0,0.0,0.0,60.9,20.69
2024-05-05,LATAM,Mexico,-,Non_Brand,L,31.72,0,31.72,0.0,1.0,0.0,1,May,2024,0.0,0.0,0.0,0.0,0.0,0.0,0.0,0.0,0.0,0.0,0.0,0.0,0.0,0.0,31.72,0.0,0.0,0.0,69.4,3.79
2024-05-06,LATAM,Mexico,-,Brand,L,1059.5400000000002,0,0.0,0.0,0.5,0.5,0,May,2024,0.0,0.0,0.0,0.0,0.0,1059.5400000000002,0.0,0.0,0.0,0.0,0.0,0.0,0.0,0.0,0.0,0.0,0.0,0.0,60.9,20.69
2024-05-06,LATAM,Mexico,-,Non_Brand,L,140.14,0,140.14,0.0,1.0,0.0,0,May,2024,0.0,0.0,0.0,0.0,0.0,0.0,0.0,0.0,0.0,0.0,0.0,0.0,0.0,0.0,140.14,0.0,0.0,0.0,69.4,3.79
2024-05-07,LATAM,Mexico,-,Brand,L,1490.06,0,0.0,0.0,0.5,0.5,0,May,2024,0.0,0.0,0.0,0.0,0.0,1490.06,0.0,0.0,0.0,0.0,0.0,0.0,0.0,0.0,0.0,0.0,0.0,0.0,60.9,20.69
2024-05-07,LATAM,Mexico,-,Non_Brand,L,194.89999999999998,0,194.89999999999998,0.0,1.0,0.0,0,May,2024,0.0,0.0,0.0,0.0,0.0,0.0,0.0,0.0,0.0,0.0,0.0,0.0,0.0,0.0,194.89999999999998,0.0,0.0,0.0,69.4,3.79
2024-05-08,LATAM,Mexico,-,Brand,L,808.42,0,0.0,0.0,0.5,0.5,1,May,2024,0.0,0.0,0.0,0.0,0.0,808.42,0.0,0.0,0.0,0.0,0.0,0.0,0.0,0.0,0.0,0.0,0.0,0.0,60.9,20.69
2024-05-08,LATAM,Mexico,-,Non_Brand,L,290.18,0,290.18,0.0,1.0,0.0,1,May,2024,0.0,0.0,0.0,0.0,0.0,0.0,0.0,0.0,0.0,0.0,0.0,0.0,0.0,0.0,290.18,0.0,0.0,0.0,69.4,3.79
2024-05-09,LATAM,Mexico,-,Brand,L,729.9599999999999,0,0.0,0.0,0.5,0.5,1,May,2024,0.0,0.0,0.0,0.0,0.0,729.9599999999999,0.0,0.0,0.0,0.0,0.0,0.0,0.0,0.0,0.0,0.0,0.0,0.0,60.9,20.69
2024-05-09,LATAM,Mexico,-,Non_Brand,L,209.18,0,209.18,0.0,1.0,0.0,1,May,2024,0.0,0.0,0.0,0.0,0.0,0.0,0.0,0.0,0.0,0.0,0.0,0.0,0.0,0.0,209.18,0.0,0.0,0.0,69.4,3.79
2024-05-10,LATAM,Mexico,-,Brand,L,636.52,0,0.0,0.0,0.5,0.5,1,May,2024,0.0,0.0,0.0,0.0,0.0,636.52,0.0,0.0,0.0,0.0,0.0,0.0,0.0,0.0,0.0,0.0,0.0,0.0,60.9,20.69
2024-05-10,LATAM,Mexico,-,Non_Brand,L,229.62,0,229.62,0.0,1.0,0.0,1,May,2024,0.0,0.0,0.0,0.0,0.0,0.0,0.0,0.0,0.0,0.0,0.0,0.0,0.0,0.0,229.62,0.0,0.0,0.0,69.4,3.79
2024-05-11,LATAM,Mexico,-,Brand,L,60.82,0,0.0,0.0,0.5,0.5,1,May,2024,0.0,0.0,0.0,0.0,0.0,60.82,0.0,0.0,0.0,0.0,0.0,0.0,0.0,0.0,0.0,0.0,0.0,0.0,60.9,20.69
2024-05-11,LATAM,Mexico,-,Non_Brand,L,67.96000000000001,0,67.96000000000001,0.0,1.0,0.0,1,May,2024,0.0,0.0,0.0,0.0,0.0,0.0,0.0,0.0,0.0,0.0,0.0,0.0,0.0,0.0,67.96000000000001,0.0,0.0,0.0,69.4,3.79
2024-05-12,LATAM,Mexico,-,Brand,L,42.800000000000004,0,0.0,0.0,0.5,0.5,1,May,2024,0.0,0.0,0.0,0.0,0.0,42.800000000000004,0.0,0.0,0.0,0.0,0.0,0.0,0.0,0.0,0.0,0.0,0.0,0.0,60.9,20.69
2024-05-12,LATAM,Mexico,-,Non_Brand,L,51.4,0,51.4,0.0,1.0,0.0,1,May,2024,0.0,0.0,0.0,0.0,0.0,0.0,0.0,0.0,0.0,0.0,0.0,0.0,0.0,0.0,51.4,0.0,0.0,0.0,69.4,3.79
2024-05-13,LATAM,Mexico,-,Brand,L,751.94,0,0.0,0.0,0.5,0.5,0,May,2024,0.0,0.0,0.0,0.0,0.0,751.94,0.0,0.0,0.0,0.0,0.0,0.0,0.0,0.0,0.0,0.0,0.0,0.0,60.9,20.69
2024-05-13,LATAM,Mexico,-,Non_Brand,L,346.20000000000005,0,346.20000000000005,0.0,1.0,0.0,0,May,2024,0.0,0.0,0.0,0.0,0.0,0.0,0.0,0.0,0.0,0.0,0.0,0.0,0.0,0.0,346.20000000000005,0.0,0.0,0.0,69.4,3.79
2024-05-14,LATAM,Mexico,-,Brand,L,868.4600000000002,0,0.0,0.0,0.5,0.5,0,May,2024,0.0,0.0,0.0,0.0,0.0,868.4600000000002,0.0,0.0,0.0,0.0,0.0,0.0,0.0,0.0,0.0,0.0,0.0,0.0,60.9,20.69
2024-05-14,LATAM,Mexico,-,Non_Brand,L,386.62,0,386.62,0.0,1.0,0.0,0,May,2024,0.0,0.0,0.0,0.0,0.0,0.0,0.0,0.0,0.0,0.0,0.0,0.0,0.0,0.0,386.62,0.0,0.0,0.0,69.4,3.79
2024-05-15,LATAM,Mexico,-,Brand,L,763.5799999999999,0,0.0,0.0,0.5,0.5,1,May,2024,0.0,0.0,0.0,0.0,0.0,763.5799999999999,0.0,0.0,0.0,0.0,0.0,0.0,0.0,0.0,0.0,0.0,0.0,0.0,60.9,20.69
2024-05-15,LATAM,Mexico,-,Non_Brand,L,248.82,0,248.82,0.0,1.0,0.0,1,May,2024,0.0,0.0,0.0,0.0,0.0,0.0,0.0,0.0,0.0,0.0,0.0,0.0,0.0,0.0,248.82,0.0,0.0,0.0,69.4,3.79
2024-05-16,LATAM,Mexico,-,Brand,L,551.04,0,0.0,0.0,0.5,0.5,1,May,2024,0.0,0.0,0.0,0.0,0.0,551.04,0.0,0.0,0.0,0.0,0.0,0.0,0.0,0.0,0.0,0.0,0.0,0.0,60.9,20.69
2024-05-16,LATAM,Mexico,-,Non_Brand,L,221.16,0,221.16,0.0,1.0,0.0,1,May,2024,0.0,0.0,0.0,0.0,0.0,0.0,0.0,0.0,0.0,0.0,0.0,0.0,0.0,0.0,221.16,0.0,0.0,0.0,69.4,3.79
2024-05-17,LATAM,Mexico,-,Brand,L,446.96000000000004,0,0.0,0.0,0.5,0.5,1,May,2024,0.0,0.0,0.0,0.0,0.0,446.96000000000004,0.0,0.0,0.0,0.0,0.0,0.0,0.0,0.0,0.0,0.0,0.0,0.0,60.9,20.69
2024-05-17,LATAM,Mexico,-,Non_Brand,L,340.58,0,340.58,0.0,1.0,0.0,1,May,2024,0.0,0.0,0.0,0.0,0.0,0.0,0.0,0.0,0.0,0.0,0.0,0.0,0.0,0.0,340.58,0.0,0.0,0.0,69.4,3.79
2024-05-18,LATAM,Mexico,-,Brand,L,70.02,0,0.0,0.0,0.5,0.5,1,May,2024,0.0,0.0,0.0,0.0,0.0,70.02,0.0,0.0,0.0,0.0,0.0,0.0,0.0,0.0,0.0,0.0,0.0,0.0,60.9,20.69
2024-05-18,LATAM,Mexico,-,Non_Brand,L,105.9,0,105.9,0.0,1.0,0.0,1,May,2024,0.0,0.0,0.0,0.0,0.0,0.0,0.0,0.0,0.0,0.0,0.0,0.0,0.0,0.0,105.9,0.0,0.0,0.0,69.4,3.79
2024-05-19,LATAM,Mexico,-,Brand,L,27.080000000000002,0,0.0,0.0,0.5,0.5,1,May,2024,0.0,0.0,0.0,0.0,0.0,27.080000000000002,0.0,0.0,0.0,0.0,0.0,0.0,0.0,0.0,0.0,0.0,0.0,0.0,60.9,20.69
2024-05-19,LATAM,Mexico,-,Non_Brand,L,51.36,0,51.36,0.0,1.0,0.0,1,May,2024,0.0,0.0,0.0,0.0,0.0,0.0,0.0,0.0,0.0,0.0,0.0,0.0,0.0,0.0,51.36,0.0,0.0,0.0,69.4,3.79
2024-05-20,LATAM,Mexico,-,Brand,L,506.5599999999999,0,0.0,0.0,0.5,0.5,0,May,2024,0.0,0.0,0.0,0.0,0.0,506.5599999999999,0.0,0.0,0.0,0.0,0.0,0.0,0.0,0.0,0.0,0.0,0.0,0.0,60.9,20.69
2024-05-20,LATAM,Mexico,-,Non_Brand,L,294.86,0,294.86,0.0,1.0,0.0,0,May,2024,0.0,0.0,0.0,0.0,0.0,0.0,0.0,0.0,0.0,0.0,0.0,0.0,0.0,0.0,294.86,0.0,0.0,0.0,69.4,3.79
2024-05-21,LATAM,Mexico,-,Brand,L,438.21999999999997,0,0.0,0.0,0.5,0.5,0,May,2024,0.0,0.0,0.0,0.0,0.0,438.21999999999997,0.0,0.0,0.0,0.0,0.0,0.0,0.0,0.0,0.0,0.0,0.0,0.0,60.9,20.69
2024-05-21,LATAM,Mexico,-,Non_Brand,L,203.76,0,203.76,0.0,1.0,0.0,0,May,2024,0.0,0.0,0.0,0.0,0.0,0.0,0.0,0.0,0.0,0.0,0.0,0.0,0.0,0.0,203.76,0.0,0.0,0.0,69.4,3.79
2024-05-22,LATAM,Mexico,-,Brand,L,471.11999999999995,0,0.0,0.0,0.5,0.5,1,May,2024,0.0,0.0,0.0,0.0,0.0,471.11999999999995,0.0,0.0,0.0,0.0,0.0,0.0,0.0,0.0,0.0,0.0,0.0,0.0,60.9,20.69
2024-05-22,LATAM,Mexico,-,Non_Brand,L,270.12,0,270.12,0.0,1.0,0.0,1,May,2024,0.0,0.0,0.0,0.0,0.0,0.0,0.0,0.0,0.0,0.0,0.0,0.0,0.0,0.0,270.12,0.0,0.0,0.0,69.4,3.79
2024-05-23,LATAM,Mexico,-,Brand,L,319.5,0,0.0,0.0,0.5,0.5,1,May,2024,0.0,0.0,0.0,0.0,0.0,319.5,0.0,0.0,0.0,0.0,0.0,0.0,0.0,0.0,0.0,0.0,0.0,0.0,60.9,20.69
2024-05-23,LATAM,Mexico,-,Non_Brand,L,263.24,0,263.24,0.0,1.0,0.0,1,May,2024,0.0,0.0,0.0,0.0,0.0,0.0,0.0,0.0,0.0,0.0,0.0,0.0,0.0,0.0,263.24,0.0,0.0,0.0,69.4,3.79
2024-05-24,LATAM,Mexico,-,Brand,L,308.78,0,0.0,0.0,0.5,0.5,1,May,2024,0.0,0.0,0.0,0.0,0.0,308.78,0.0,0.0,0.0,0.0,0.0,0.0,0.0,0.0,0.0,0.0,0.0,0.0,60.9,20.69
2024-05-24,LATAM,Mexico,-,Non_Brand,L,173.36,0,173.36,0.0,1.0,0.0,1,May,2024,0.0,0.0,0.0,0.0,0.0,0.0,0.0,0.0,0.0,0.0,0.0,0.0,0.0,0.0,173.36,0.0,0.0,0.0,69.4,3.79
2024-05-25,LATAM,Mexico,-,Brand,L,60.699999999999996,0,0.0,0.0,0.5,0.5,1,May,2024,0.0,0.0,0.0,0.0,0.0,60.699999999999996,0.0,0.0,0.0,0.0,0.0,0.0,0.0,0.0,0.0,0.0,0.0,0.0,60.9,20.69
2024-05-25,LATAM,Mexico,-,Non_Brand,L,142.12,0,142.12,0.0,1.0,0.0,1,May,2024,0.0,0.0,0.0,0.0,0.0,0.0,0.0,0.0,0.0,0.0,0.0,0.0,0.0,0.0,142.12,0.0,0.0,0.0,69.4,3.79
2024-05-26,LATAM,Mexico,-,Brand,L,21.84,0,0.0,0.0,0.5,0.5,1,May,2024,0.0,0.0,0.0,0.0,0.0,21.84,0.0,0.0,0.0,0.0,0.0,0.0,0.0,0.0,0.0,0.0,0.0,0.0,60.9,20.69
2024-05-26,LATAM,Mexico,-,Non_Brand,L,58.86,0,58.86,0.0,1.0,0.0,1,May,2024,0.0,0.0,0.0,0.0,0.0,0.0,0.0,0.0,0.0,0.0,0.0,0.0,0.0,0.0,58.86,0.0,0.0,0.0,69.4,3.79
2024-05-27,LATAM,Mexico,-,Brand,L,372.97999999999996,0,0.0,0.0,0.5,0.5,0,May,2024,0.0,0.0,0.0,0.0,0.0,372.97999999999996,0.0,0.0,0.0,0.0,0.0,0.0,0.0,0.0,0.0,0.0,0.0,0.0,60.9,20.69
2024-05-27,LATAM,Mexico,-,Non_Brand,L,346.58,0,346.58,0.0,1.0,0.0,0,May,2024,0.0,0.0,0.0,0.0,0.0,0.0,0.0,0.0,0.0,0.0,0.0,0.0,0.0,0.0,346.58,0.0,0.0,0.0,69.4,3.79
2024-05-28,LATAM,Mexico,-,Brand,L,602.4000000000001,0,0.0,0.0,0.5,0.5,0,May,2024,0.0,0.0,0.0,0.0,0.0,602.4000000000001,0.0,0.0,0.0,0.0,0.0,0.0,0.0,0.0,0.0,0.0,0.0,0.0,60.9,20.69
2024-05-28,LATAM,Mexico,-,Non_Brand,L,208.86,0,208.86,0.0,1.0,0.0,0,May,2024,0.0,0.0,0.0,0.0,0.0,0.0,0.0,0.0,0.0,0.0,0.0,0.0,0.0,0.0,208.86,0.0,0.0,0.0,69.4,3.79
2024-05-29,LATAM,Mexico,-,Brand,L,656.74,0,0.0,0.0,0.5,0.5,1,May,2024,0.0,0.0,0.0,0.0,0.0,656.74,0.0,0.0,0.0,0.0,0.0,0.0,0.0,0.0,0.0,0.0,0.0,0.0,60.9,20.69
2024-05-29,LATAM,Mexico,-,Non_Brand,L,418.0,0,418.0,0.0,1.0,0.0,1,May,2024,0.0,0.0,0.0,0.0,0.0,0.0,0.0,0.0,0.0,0.0,0.0,0.0,0.0,0.0,418.0,0.0,0.0,0.0,69.4,3.79
2024-05-30,LATAM,Mexico,-,Brand,L,507.41999999999996,0,0.0,0.0,0.5,0.5,1,May,2024,0.0,0.0,0.0,0.0,0.0,507.41999999999996,0.0,0.0,0.0,0.0,0.0,0.0,0.0,0.0,0.0,0.0,0.0,0.0,60.9,20.69
2024-05-30,LATAM,Mexico,-,Non_Brand,L,372.5,0,372.5,0.0,1.0,0.0,1,May,2024,0.0,0.0,0.0,0.0,0.0,0.0,0.0,0.0,0.0,0.0,0.0,0.0,0.0,0.0,372.5,0.0,0.0,0.0,69.4,3.79
2024-05-31,LATAM,Mexico,-,Brand,L,587.04,0,0.0,0.0,0.5,0.5,1,May,2024,0.0,0.0,0.0,0.0,0.0,587.04,0.0,0.0,0.0,0.0,0.0,0.0,0.0,0.0,0.0,0.0,0.0,0.0,60.9,20.69
2024-05-31,LATAM,Mexico,-,Non_Brand,L,401.48,0,401.48,0.0,1.0,0.0,1,May,2024,0.0,0.0,0.0,0.0,0.0,0.0,0.0,0.0,0.0,0.0,0.0,0.0,0.0,0.0,401.48,0.0,0.0,0.0,69.4,3.79
2024-06-01,LATAM,Mexico,-,Brand,L,113.24000000000001,0,0.0,0.0,0.5,0.5,1,Jun,2024,0.0,0.0,0.0,0.0,113.24000000000001,0.0,0.0,0.0,0.0,0.0,0.0,0.0,0.0,0.0,0.0,0.0,0.0,0.0,60.9,20.69
2024-06-01,LATAM,Mexico,-,Non_Brand,L,108.54,0,108.54,0.0,1.0,0.0,1,Jun,2024,0.0,0.0,0.0,0.0,0.0,0.0,0.0,0.0,0.0,0.0,0.0,0.0,0.0,108.54,0.0,0.0,0.0,0.0,69.4,3.79
2024-06-02,LATAM,Mexico,-,Brand,L,42.660000000000004,0,0.0,0.0,0.5,0.5,1,Jun,2024,0.0,0.0,0.0,0.0,42.660000000000004,0.0,0.0,0.0,0.0,0.0,0.0,0.0,0.0,0.0,0.0,0.0,0.0,0.0,60.9,20.69
2024-06-02,LATAM,Mexico,-,Non_Brand,L,118.06,0,118.06,0.0,1.0,0.0,1,Jun,2024,0.0,0.0,0.0,0.0,0.0,0.0,0.0,0.0,0.0,0.0,0.0,0.0,0.0,118.06,0.0,0.0,0.0,0.0,69.4,3.79
2024-06-03,LATAM,Mexico,-,Brand,L,800.64,0,0.0,0.0,0.5,0.5,0,Jun,2024,0.0,0.0,0.0,0.0,800.64,0.0,0.0,0.0,0.0,0.0,0.0,0.0,0.0,0.0,0.0,0.0,0.0,0.0,60.9,20.69
2024-06-03,LATAM,Mexico,-,Non_Brand,L,456.53999999999996,0,456.53999999999996,0.0,1.0,0.0,0,Jun,2024,0.0,0.0,0.0,0.0,0.0,0.0,0.0,0.0,0.0,0.0,0.0,0.0,0.0,456.53999999999996,0.0,0.0,0.0,0.0,69.4,3.79
2024-06-04,LATAM,Mexico,-,Brand,L,897.1000000000001,0,0.0,0.0,0.5,0.5,0,Jun,2024,0.0,0.0,0.0,0.0,897.1000000000001,0.0,0.0,0.0,0.0,0.0,0.0,0.0,0.0,0.0,0.0,0.0,0.0,0.0,60.9,20.69
2024-06-04,LATAM,Mexico,-,Non_Brand,L,422.65999999999997,0,422.65999999999997,0.0,1.0,0.0,0,Jun,2024,0.0,0.0,0.0,0.0,0.0,0.0,0.0,0.0,0.0,0.0,0.0,0.0,0.0,422.65999999999997,0.0,0.0,0.0,0.0,69.4,3.79
2024-06-05,LATAM,Mexico,-,Brand,L,836.8399999999999,0,0.0,0.0,0.5,0.5,1,Jun,2024,0.0,0.0,0.0,0.0,836.8399999999999,0.0,0.0,0.0,0.0,0.0,0.0,0.0,0.0,0.0,0.0,0.0,0.0,0.0,60.9,20.69
2024-06-05,LATAM,Mexico,-,Non_Brand,L,519.24,0,519.24,0.0,1.0,0.0,1,Jun,2024,0.0,0.0,0.0,0.0,0.0,0.0,0.0,0.0,0.0,0.0,0.0,0.0,0.0,519.24,0.0,0.0,0.0,0.0,69.4,3.79
2024-06-06,LATAM,Mexico,-,Brand,L,1246.96,0,0.0,0.0,0.5,0.5,1,Jun,2024,0.0,0.0,0.0,0.0,1246.96,0.0,0.0,0.0,0.0,0.0,0.0,0.0,0.0,0.0,0.0,0.0,0.0,0.0,60.9,20.69
2024-06-06,LATAM,Mexico,-,Non_Brand,L,316.36,0,316.36,0.0,1.0,0.0,1,Jun,2024,0.0,0.0,0.0,0.0,0.0,0.0,0.0,0.0,0.0,0.0,0.0,0.0,0.0,316.36,0.0,0.0,0.0,0.0,69.4,3.79
2024-06-07,LATAM,Mexico,-,Brand,L,423.3,0,0.0,0.0,0.5,0.5,1,Jun,2024,0.0,0.0,0.0,0.0,423.3,0.0,0.0,0.0,0.0,0.0,0.0,0.0,0.0,0.0,0.0,0.0,0.0,0.0,60.9,20.69
2024-06-07,LATAM,Mexico,-,Non_Brand,L,275.08,0,275.08,0.0,1.0,0.0,1,Jun,2024,0.0,0.0,0.0,0.0,0.0,0.0,0.0,0.0,0.0,0.0,0.0,0.0,0.0,275.08,0.0,0.0,0.0,0.0,69.4,3.79
2024-06-08,LATAM,Mexico,-,Brand,L,63.980000000000004,0,0.0,0.0,0.5,0.5,1,Jun,2024,0.0,0.0,0.0,0.0,63.980000000000004,0.0,0.0,0.0,0.0,0.0,0.0,0.0,0.0,0.0,0.0,0.0,0.0,0.0,60.9,20.69
2024-06-08,LATAM,Mexico,-,Non_Brand,L,119.78,0,119.78,0.0,1.0,0.0,1,Jun,2024,0.0,0.0,0.0,0.0,0.0,0.0,0.0,0.0,0.0,0.0,0.0,0.0,0.0,119.78,0.0,0.0,0.0,0.0,69.4,3.79
2024-06-09,LATAM,Mexico,-,Brand,L,33.36,0,0.0,0.0,0.5,0.5,1,Jun,2024,0.0,0.0,0.0,0.0,33.36,0.0,0.0,0.0,0.0,0.0,0.0,0.0,0.0,0.0,0.0,0.0,0.0,0.0,60.9,20.69
2024-06-09,LATAM,Mexico,-,Non_Brand,L,109.32,0,109.32,0.0,1.0,0.0,1,Jun,2024,0.0,0.0,0.0,0.0,0.0,0.0,0.0,0.0,0.0,0.0,0.0,0.0,0.0,109.32,0.0,0.0,0.0,0.0,69.4,3.79
2024-06-10,LATAM,Mexico,-,Brand,L,654.1,0,0.0,0.0,0.5,0.5,0,Jun,2024,0.0,0.0,0.0,0.0,654.1,0.0,0.0,0.0,0.0,0.0,0.0,0.0,0.0,0.0,0.0,0.0,0.0,0.0,60.9,20.69
2024-06-10,LATAM,Mexico,-,Non_Brand,L,360.98,0,360.98,0.0,1.0,0.0,0,Jun,2024,0.0,0.0,0.0,0.0,0.0,0.0,0.0,0.0,0.0,0.0,0.0,0.0,0.0,360.98,0.0,0.0,0.0,0.0,69.4,3.79
2024-06-11,LATAM,Mexico,-,Brand,L,598.36,0,0.0,0.0,0.5,0.5,0,Jun,2024,0.0,0.0,0.0,0.0,598.36,0.0,0.0,0.0,0.0,0.0,0.0,0.0,0.0,0.0,0.0,0.0,0.0,0.0,60.9,20.69
2024-06-11,LATAM,Mexico,-,Non_Brand,L,479.2,0,479.2,0.0,1.0,0.0,0,Jun,2024,0.0,0.0,0.0,0.0,0.0,0.0,0.0,0.0,0.0,0.0,0.0,0.0,0.0,479.2,0.0,0.0,0.0,0.0,69.4,3.79
2024-06-12,LATAM,Mexico,-,Brand,L,383.42,0,0.0,0.0,0.5,0.5,1,Jun,2024,0.0,0.0,0.0,0.0,383.42,0.0,0.0,0.0,0.0,0.0,0.0,0.0,0.0,0.0,0.0,0.0,0.0,0.0,60.9,20.69
2024-06-12,LATAM,Mexico,-,Non_Brand,L,397.53999999999996,0,397.53999999999996,0.0,1.0,0.0,1,Jun,2024,0.0,0.0,0.0,0.0,0.0,0.0,0.0,0.0,0.0,0.0,0.0,0.0,0.0,397.53999999999996,0.0,0.0,0.0,0.0,69.4,3.79
2024-06-13,LATAM,Mexico,-,Brand,L,344.94000000000005,0,0.0,0.0,0.5,0.5,1,Jun,2024,0.0,0.0,0.0,0.0,344.94000000000005,0.0,0.0,0.0,0.0,0.0,0.0,0.0,0.0,0.0,0.0,0.0,0.0,0.0,60.9,20.69
2024-06-13,LATAM,Mexico,-,Non_Brand,L,525.9,0,525.9,0.0,1.0,0.0,1,Jun,2024,0.0,0.0,0.0,0.0,0.0,0.0,0.0,0.0,0.0,0.0,0.0,0.0,0.0,525.9,0.0,0.0,0.0,0.0,69.4,3.79
2024-06-14,LATAM,Mexico,-,Brand,L,262.3,0,0.0,0.0,0.5,0.5,1,Jun,2024,0.0,0.0,0.0,0.0,262.3,0.0,0.0,0.0,0.0,0.0,0.0,0.0,0.0,0.0,0.0,0.0,0.0,0.0,60.9,20.69
2024-06-14,LATAM,Mexico,-,Non_Brand,L,304.62,0,304.62,0.0,1.0,0.0,1,Jun,2024,0.0,0.0,0.0,0.0,0.0,0.0,0.0,0.0,0.0,0.0,0.0,0.0,0.0,304.62,0.0,0.0,0.0,0.0,69.4,3.79
2024-06-15,LATAM,Mexico,-,Brand,L,39.28,0,0.0,0.0,0.5,0.5,1,Jun,2024,0.0,0.0,0.0,0.0,39.28,0.0,0.0,0.0,0.0,0.0,0.0,0.0,0.0,0.0,0.0,0.0,0.0,0.0,60.9,20.69
2024-06-15,LATAM,Mexico,-,Non_Brand,L,138.14000000000001,0,138.14000000000001,0.0,1.0,0.0,1,Jun,2024,0.0,0.0,0.0,0.0,0.0,0.0,0.0,0.0,0.0,0.0,0.0,0.0,0.0,138.14000000000001,0.0,0.0,0.0,0.0,69.4,3.79
2024-06-16,LATAM,Mexico,-,Brand,L,24.34,0,0.0,0.0,0.5,0.5,1,Jun,2024,0.0,0.0,0.0,0.0,24.34,0.0,0.0,0.0,0.0,0.0,0.0,0.0,0.0,0.0,0.0,0.0,0.0,0.0,60.9,20.69
2024-06-16,LATAM,Mexico,-,Non_Brand,L,120.0,0,120.0,0.0,1.0,0.0,1,Jun,2024,0.0,0.0,0.0,0.0,0.0,0.0,0.0,0.0,0.0,0.0,0.0,0.0,0.0,120.0,0.0,0.0,0.0,0.0,69.4,3.79
2024-06-17,LATAM,Mexico,-,Brand,L,365.76000000000005,0,0.0,0.0,0.5,0.5,0,Jun,2024,0.0,0.0,0.0,0.0,365.76000000000005,0.0,0.0,0.0,0.0,0.0,0.0,0.0,0.0,0.0,0.0,0.0,0.0,0.0,60.9,20.69
2024-06-17,LATAM,Mexico,-,Non_Brand,L,449.24,0,449.24,0.0,1.0,0.0,0,Jun,2024,0.0,0.0,0.0,0.0,0.0,0.0,0.0,0.0,0.0,0.0,0.0,0.0,0.0,449.24,0.0,0.0,0.0,0.0,69.4,3.79
2024-06-18,LATAM,Mexico,-,Brand,L,458.70000000000005,0,0.0,0.0,0.5,0.5,0,Jun,2024,0.0,0.0,0.0,0.0,458.70000000000005,0.0,0.0,0.0,0.0,0.0,0.0,0.0,0.0,0.0,0.0,0.0,0.0,0.0,60.9,20.69
2024-06-18,LATAM,Mexico,-,Non_Brand,L,516.9,0,516.9,0.0,1.0,0.0,0,Jun,2024,0.0,0.0,0.0,0.0,0.0,0.0,0.0,0.0,0.0,0.0,0.0,0.0,0.0,516.9,0.0,0.0,0.0,0.0,69.4,3.79
2024-06-19,LATAM,Mexico,-,Brand,L,484.90000000000003,0,0.0,0.0,0.5,0.5,1,Jun,2024,0.0,0.0,0.0,0.0,484.90000000000003,0.0,0.0,0.0,0.0,0.0,0.0,0.0,0.0,0.0,0.0,0.0,0.0,0.0,60.9,20.69
2024-06-19,LATAM,Mexico,-,Non_Brand,L,484.76,0,484.76,0.0,1.0,0.0,1,Jun,2024,0.0,0.0,0.0,0.0,0.0,0.0,0.0,0.0,0.0,0.0,0.0,0.0,0.0,484.76,0.0,0.0,0.0,0.0,69.4,3.79
2024-06-20,LATAM,Mexico,-,Brand,L,364.4,0,0.0,0.0,0.5,0.5,1,Jun,2024,0.0,0.0,0.0,0.0,364.4,0.0,0.0,0.0,0.0,0.0,0.0,0.0,0.0,0.0,0.0,0.0,0.0,0.0,60.9,20.69
2024-06-20,LATAM,Mexico,-,Non_Brand,L,489.7,0,489.7,0.0,1.0,0.0,1,Jun,2024,0.0,0.0,0.0,0.0,0.0,0.0,0.0,0.0,0.0,0.0,0.0,0.0,0.0,489.7,0.0,0.0,0.0,0.0,69.4,3.79
2024-06-21,LATAM,Mexico,-,Brand,L,336.94,0,0.0,0.0,0.5,0.5,1,Jun,2024,0.0,0.0,0.0,0.0,336.94,0.0,0.0,0.0,0.0,0.0,0.0,0.0,0.0,0.0,0.0,0.0,0.0,0.0,60.9,20.69
2024-06-21,LATAM,Mexico,-,Non_Brand,L,592.56,0,592.56,0.0,1.0,0.0,1,Jun,2024,0.0,0.0,0.0,0.0,0.0,0.0,0.0,0.0,0.0,0.0,0.0,0.0,0.0,592.56,0.0,0.0,0.0,0.0,69.4,3.79
2024-06-22,LATAM,Mexico,-,Brand,L,58.44,0,0.0,0.0,0.5,0.5,1,Jun,2024,0.0,0.0,0.0,0.0,58.44,0.0,0.0,0.0,0.0,0.0,0.0,0.0,0.0,0.0,0.0,0.0,0.0,0.0,60.9,20.69
2024-06-22,LATAM,Mexico,-,Non_Brand,L,201.06,0,201.06,0.0,1.0,0.0,1,Jun,2024,0.0,0.0,0.0,0.0,0.0,0.0,0.0,0.0,0.0,0.0,0.0,0.0,0.0,201.06,0.0,0.0,0.0,0.0,69.4,3.79
2024-06-23,LATAM,Mexico,-,Brand,L,41.24,0,0.0,0.0,0.5,0.5,1,Jun,2024,0.0,0.0,0.0,0.0,41.24,0.0,0.0,0.0,0.0,0.0,0.0,0.0,0.0,0.0,0.0,0.0,0.0,0.0,60.9,20.69
2024-06-23,LATAM,Mexico,-,Non_Brand,L,157.22,0,157.22,0.0,1.0,0.0,1,Jun,2024,0.0,0.0,0.0,0.0,0.0,0.0,0.0,0.0,0.0,0.0,0.0,0.0,0.0,157.22,0.0,0.0,0.0,0.0,69.4,3.79
2024-06-24,LATAM,Mexico,-,Brand,L,876.06,0,0.0,0.0,0.5,0.5,0,Jun,2024,0.0,0.0,0.0,0.0,876.06,0.0,0.0,0.0,0.0,0.0,0.0,0.0,0.0,0.0,0.0,0.0,0.0,0.0,60.9,20.69
2024-06-24,LATAM,Mexico,-,Non_Brand,L,522.12,0,522.12,0.0,1.0,0.0,0,Jun,2024,0.0,0.0,0.0,0.0,0.0,0.0,0.0,0.0,0.0,0.0,0.0,0.0,0.0,522.12,0.0,0.0,0.0,0.0,69.4,3.79
2024-06-25,LATAM,Mexico,-,Brand,L,1167.44,0,0.0,0.0,0.5,0.5,0,Jun,2024,0.0,0.0,0.0,0.0,1167.44,0.0,0.0,0.0,0.0,0.0,0.0,0.0,0.0,0.0,0.0,0.0,0.0,0.0,60.9,20.69
2024-06-25,LATAM,Mexico,-,Non_Brand,L,634.0799999999999,0,634.0799999999999,0.0,1.0,0.0,0,Jun,2024,0.0,0.0,0.0,0.0,0.0,0.0,0.0,0.0,0.0,0.0,0.0,0.0,0.0,634.0799999999999,0.0,0.0,0.0,0.0,69.4,3.79
2024-06-26,LATAM,Mexico,-,Brand,L,989.3799999999999,0,0.0,0.0,0.5,0.5,1,Jun,2024,0.0,0.0,0.0,0.0,989.3799999999999,0.0,0.0,0.0,0.0,0.0,0.0,0.0,0.0,0.0,0.0,0.0,0.0,0.0,60.9,20.69
2024-06-26,LATAM,Mexico,-,Non_Brand,L,292.38,0,292.38,0.0,1.0,0.0,1,Jun,2024,0.0,0.0,0.0,0.0,0.0,0.0,0.0,0.0,0.0,0.0,0.0,0.0,0.0,292.38,0.0,0.0,0.0,0.0,69.4,3.79
2024-06-27,LATAM,Mexico,-,Brand,L,289.16,0,0.0,0.0,0.5,0.5,1,Jun,2024,0.0,0.0,0.0,0.0,289.16,0.0,0.0,0.0,0.0,0.0,0.0,0.0,0.0,0.0,0.0,0.0,0.0,0.0,60.9,20.69
2024-06-27,LATAM,Mexico,-,Non_Brand,L,152.04,0,152.04,0.0,1.0,0.0,1,Jun,2024,0.0,0.0,0.0,0.0,0.0,0.0,0.0,0.0,0.0,0.0,0.0,0.0,0.0,152.04,0.0,0.0,0.0,0.0,69.4,3.79
2024-06-28,LATAM,Mexico,-,Brand,L,571.8000000000001,0,0.0,0.0,0.5,0.5,1,Jun,2024,0.0,0.0,0.0,0.0,571.8000000000001,0.0,0.0,0.0,0.0,0.0,0.0,0.0,0.0,0.0,0.0,0.0,0.0,0.0,60.9,20.69
2024-06-28,LATAM,Mexico,-,Non_Brand,L,114.96,0,114.96,0.0,1.0,0.0,1,Jun,2024,0.0,0.0,0.0,0.0,0.0,0.0,0.0,0.0,0.0,0.0,0.0,0.0,0.0,114.96,0.0,0.0,0.0,0.0,69.4,3.79
2024-06-29,LATAM,Mexico,-,Brand,L,117.36,0,0.0,0.0,0.5,0.5,1,Jun,2024,0.0,0.0,0.0,0.0,117.36,0.0,0.0,0.0,0.0,0.0,0.0,0.0,0.0,0.0,0.0,0.0,0.0,0.0,60.9,20.69
2024-06-29,LATAM,Mexico,-,Non_Brand,L,390.9,0,390.9,0.0,1.0,0.0,1,Jun,2024,0.0,0.0,0.0,0.0,0.0,0.0,0.0,0.0,0.0,0.0,0.0,0.0,0.0,390.9,0.0,0.0,0.0,0.0,69.4,3.79
2024-06-30,LATAM,Mexico,-,Brand,L,69.34,0,0.0,0.0,0.5,0.5,1,Jun,2024,0.0,0.0,0.0,0.0,69.34,0.0,0.0,0.0,0.0,0.0,0.0,0.0,0.0,0.0,0.0,0.0,0.0,0.0,60.9,20.69
2024-06-30,LATAM,Mexico,-,Non_Brand,L,176.92,0,176.92,0.0,1.0,0.0,1,Jun,2024,0.0,0.0,0.0,0.0,0.0,0.0,0.0,0.0,0.0,0.0,0.0,0.0,0.0,176.92,0.0,0.0,0.0,0.0,69.4,3.79
2024-07-01,LATAM,Mexico,-,Brand,L,941.52,0,0.0,0.0,0.5,0.5,0,Jul,2024,0.0,0.0,0.0,941.52,0.0,0.0,0.0,0.0,0.0,0.0,0.0,0.0,0.0,0.0,0.0,0.0,0.0,0.0,60.9,20.69
2024-07-01,LATAM,Mexico,-,Non_Brand,L,662.28,0,662.28,0.0,1.0,0.0,0,Jul,2024,0.0,0.0,0.0,0.0,0.0,0.0,0.0,0.0,0.0,0.0,0.0,0.0,662.28,0.0,0.0,0.0,0.0,0.0,69.4,3.79
2024-07-02,LATAM,Mexico,-,Brand,L,847.9599999999999,0,0.0,0.0,0.5,0.5,0,Jul,2024,0.0,0.0,0.0,847.9599999999999,0.0,0.0,0.0,0.0,0.0,0.0,0.0,0.0,0.0,0.0,0.0,0.0,0.0,0.0,60.9,20.69
2024-07-02,LATAM,Mexico,-,Non_Brand,L,728.1800000000001,0,728.1800000000001,0.0,1.0,0.0,0,Jul,2024,0.0,0.0,0.0,0.0,0.0,0.0,0.0,0.0,0.0,0.0,0.0,0.0,728.1800000000001,0.0,0.0,0.0,0.0,0.0,69.4,3.79
2024-07-03,LATAM,Mexico,-,Brand,L,865.38,0,0.0,0.0,0.5,0.5,1,Jul,2024,0.0,0.0,0.0,865.38,0.0,0.0,0.0,0.0,0.0,0.0,0.0,0.0,0.0,0.0,0.0,0.0,0.0,0.0,60.9,20.69
2024-07-03,LATAM,Mexico,-,Non_Brand,L,539.84,0,539.84,0.0,1.0,0.0,1,Jul,2024,0.0,0.0,0.0,0.0,0.0,0.0,0.0,0.0,0.0,0.0,0.0,0.0,539.84,0.0,0.0,0.0,0.0,0.0,69.4,3.79
2024-07-04,LATAM,Mexico,-,Brand,L,728.04,0,0.0,0.0,0.5,0.5,1,Jul,2024,0.0,0.0,0.0,728.04,0.0,0.0,0.0,0.0,0.0,0.0,0.0,0.0,0.0,0.0,0.0,0.0,0.0,0.0,60.9,20.69
2024-07-04,LATAM,Mexico,-,Non_Brand,L,428.62,0,428.62,0.0,1.0,0.0,1,Jul,2024,0.0,0.0,0.0,0.0,0.0,0.0,0.0,0.0,0.0,0.0,0.0,0.0,428.62,0.0,0.0,0.0,0.0,0.0,69.4,3.79
2024-07-05,LATAM,Mexico,-,Brand,L,719.7,0,0.0,0.0,0.5,0.5,1,Jul,2024,0.0,0.0,0.0,719.7,0.0,0.0,0.0,0.0,0.0,0.0,0.0,0.0,0.0,0.0,0.0,0.0,0.0,0.0,60.9,20.69
2024-07-05,LATAM,Mexico,-,Non_Brand,L,268.48,0,268.48,0.0,1.0,0.0,1,Jul,2024,0.0,0.0,0.0,0.0,0.0,0.0,0.0,0.0,0.0,0.0,0.0,0.0,268.48,0.0,0.0,0.0,0.0,0.0,69.4,3.79
2024-07-06,LATAM,Mexico,-,Brand,L,71.7,0,0.0,0.0,0.5,0.5,1,Jul,2024,0.0,0.0,0.0,71.7,0.0,0.0,0.0,0.0,0.0,0.0,0.0,0.0,0.0,0.0,0.0,0.0,0.0,0.0,60.9,20.69
2024-07-06,LATAM,Mexico,-,Non_Brand,L,102.86,0,102.86,0.0,1.0,0.0,1,Jul,2024,0.0,0.0,0.0,0.0,0.0,0.0,0.0,0.0,0.0,0.0,0.0,0.0,102.86,0.0,0.0,0.0,0.0,0.0,69.4,3.79
2024-07-07,LATAM,Mexico,-,Brand,L,31.779999999999998,0,0.0,0.0,0.5,0.5,1,Jul,2024,0.0,0.0,0.0,31.779999999999998,0.0,0.0,0.0,0.0,0.0,0.0,0.0,0.0,0.0,0.0,0.0,0.0,0.0,0.0,60.9,20.69
2024-07-07,LATAM,Mexico,-,Non_Brand,L,101.78,0,101.78,0.0,1.0,0.0,1,Jul,2024,0.0,0.0,0.0,0.0,0.0,0.0,0.0,0.0,0.0,0.0,0.0,0.0,101.78,0.0,0.0,0.0,0.0,0.0,69.4,3.79
2024-07-08,LATAM,Mexico,-,Brand,L,657.08,0,0.0,0.0,0.5,0.5,0,Jul,2024,0.0,0.0,0.0,657.08,0.0,0.0,0.0,0.0,0.0,0.0,0.0,0.0,0.0,0.0,0.0,0.0,0.0,0.0,60.9,20.69
2024-07-08,LATAM,Mexico,-,Non_Brand,L,683.5,0,683.5,0.0,1.0,0.0,0,Jul,2024,0.0,0.0,0.0,0.0,0.0,0.0,0.0,0.0,0.0,0.0,0.0,0.0,683.5,0.0,0.0,0.0,0.0,0.0,69.4,3.79
2024-07-09,LATAM,Mexico,-,Brand,L,800.7199999999999,0,0.0,0.0,0.5,0.5,0,Jul,2024,0.0,0.0,0.0,800.7199999999999,0.0,0.0,0.0,0.0,0.0,0.0,0.0,0.0,0.0,0.0,0.0,0.0,0.0,0.0,60.9,20.69
2024-07-09,LATAM,Mexico,-,Non_Brand,L,292.0,0,292.0,0.0,1.0,0.0,0,Jul,2024,0.0,0.0,0.0,0.0,0.0,0.0,0.0,0.0,0.0,0.0,0.0,0.0,292.0,0.0,0.0,0.0,0.0,0.0,69.4,3.79
2024-07-10,LATAM,Mexico,-,Brand,L,823.56,0,0.0,0.0,0.5,0.5,1,Jul,2024,0.0,0.0,0.0,823.56,0.0,0.0,0.0,0.0,0.0,0.0,0.0,0.0,0.0,0.0,0.0,0.0,0.0,0.0,60.9,20.69
2024-07-10,LATAM,Mexico,-,Non_Brand,L,148.68,0,148.68,0.0,1.0,0.0,1,Jul,2024,0.0,0.0,0.0,0.0,0.0,0.0,0.0,0.0,0.0,0.0,0.0,0.0,148.68,0.0,0.0,0.0,0.0,0.0,69.4,3.79
2024-07-11,LATAM,Mexico,-,Brand,L,495.90000000000003,0,0.0,0.0,0.5,0.5,1,Jul,2024,0.0,0.0,0.0,495.90000000000003,0.0,0.0,0.0,0.0,0.0,0.0,0.0,0.0,0.0,0.0,0.0,0.0,0.0,0.0,60.9,20.69
2024-07-11,LATAM,Mexico,-,Non_Brand,L,150.42000000000002,0,150.42000000000002,0.0,1.0,0.0,1,Jul,2024,0.0,0.0,0.0,0.0,0.0,0.0,0.0,0.0,0.0,0.0,0.0,0.0,150.42000000000002,0.0,0.0,0.0,0.0,0.0,69.4,3.79
2024-07-12,LATAM,Mexico,-,Brand,L,462.1,0,0.0,0.0,0.5,0.5,1,Jul,2024,0.0,0.0,0.0,462.1,0.0,0.0,0.0,0.0,0.0,0.0,0.0,0.0,0.0,0.0,0.0,0.0,0.0,0.0,60.9,20.69
2024-07-12,LATAM,Mexico,-,Non_Brand,L,172.1,0,172.1,0.0,1.0,0.0,1,Jul,2024,0.0,0.0,0.0,0.0,0.0,0.0,0.0,0.0,0.0,0.0,0.0,0.0,172.1,0.0,0.0,0.0,0.0,0.0,69.4,3.79
2024-07-13,LATAM,Mexico,-,Brand,L,67.10000000000001,0,0.0,0.0,0.5,0.5,1,Jul,2024,0.0,0.0,0.0,67.10000000000001,0.0,0.0,0.0,0.0,0.0,0.0,0.0,0.0,0.0,0.0,0.0,0.0,0.0,0.0,60.9,20.69
2024-07-13,LATAM,Mexico,-,Non_Brand,L,38.16,0,38.16,0.0,1.0,0.0,1,Jul,2024,0.0,0.0,0.0,0.0,0.0,0.0,0.0,0.0,0.0,0.0,0.0,0.0,38.16,0.0,0.0,0.0,0.0,0.0,69.4,3.79
2024-07-14,LATAM,Mexico,-,Brand,L,46.22,0,0.0,0.0,0.5,0.5,1,Jul,2024,0.0,0.0,0.0,46.22,0.0,0.0,0.0,0.0,0.0,0.0,0.0,0.0,0.0,0.0,0.0,0.0,0.0,0.0,60.9,20.69
2024-07-14,LATAM,Mexico,-,Non_Brand,L,27.42,0,27.42,0.0,1.0,0.0,1,Jul,2024,0.0,0.0,0.0,0.0,0.0,0.0,0.0,0.0,0.0,0.0,0.0,0.0,27.42,0.0,0.0,0.0,0.0,0.0,69.4,3.79
2024-07-15,LATAM,Mexico,-,Brand,L,547.14,0,0.0,0.0,0.5,0.5,0,Jul,2024,0.0,0.0,0.0,547.14,0.0,0.0,0.0,0.0,0.0,0.0,0.0,0.0,0.0,0.0,0.0,0.0,0.0,0.0,60.9,20.69
2024-07-15,LATAM,Mexico,-,Non_Brand,L,138.01999999999998,0,138.01999999999998,0.0,1.0,0.0,0,Jul,2024,0.0,0.0,0.0,0.0,0.0,0.0,0.0,0.0,0.0,0.0,0.0,0.0,138.01999999999998,0.0,0.0,0.0,0.0,0.0,69.4,3.79
2024-07-16,LATAM,Mexico,-,Brand,L,560.62,0,0.0,0.0,0.5,0.5,0,Jul,2024,0.0,0.0,0.0,560.62,0.0,0.0,0.0,0.0,0.0,0.0,0.0,0.0,0.0,0.0,0.0,0.0,0.0,0.0,60.9,20.69
2024-07-16,LATAM,Mexico,-,Non_Brand,L,155.14,0,155.14,0.0,1.0,0.0,0,Jul,2024,0.0,0.0,0.0,0.0,0.0,0.0,0.0,0.0,0.0,0.0,0.0,0.0,155.14,0.0,0.0,0.0,0.0,0.0,69.4,3.79
2024-07-17,LATAM,Mexico,-,Brand,L,620.6200000000001,0,0.0,0.0,0.5,0.5,1,Jul,2024,0.0,0.0,0.0,620.6200000000001,0.0,0.0,0.0,0.0,0.0,0.0,0.0,0.0,0.0,0.0,0.0,0.0,0.0,0.0,60.9,20.69
2024-07-17,LATAM,Mexico,-,Non_Brand,L,95.74,0,95.74,0.0,1.0,0.0,1,Jul,2024,0.0,0.0,0.0,0.0,0.0,0.0,0.0,0.0,0.0,0.0,0.0,0.0,95.74,0.0,0.0,0.0,0.0,0.0,69.4,3.79
2024-07-18,LATAM,Mexico,-,Brand,L,542.8,0,0.0,0.0,0.5,0.5,1,Jul,2024,0.0,0.0,0.0,542.8,0.0,0.0,0.0,0.0,0.0,0.0,0.0,0.0,0.0,0.0,0.0,0.0,0.0,0.0,60.9,20.69
2024-07-18,LATAM,Mexico,-,Non_Brand,L,137.95999999999998,0,137.95999999999998,0.0,1.0,0.0,1,Jul,2024,0.0,0.0,0.0,0.0,0.0,0.0,0.0,0.0,0.0,0.0,0.0,0.0,137.95999999999998,0.0,0.0,0.0,0.0,0.0,69.4,3.79
2024-07-19,LATAM,Mexico,-,Brand,L,483.94,0,0.0,0.0,0.5,0.5,1,Jul,2024,0.0,0.0,0.0,483.94,0.0,0.0,0.0,0.0,0.0,0.0,0.0,0.0,0.0,0.0,0.0,0.0,0.0,0.0,60.9,20.69
2024-07-19,LATAM,Mexico,-,Non_Brand,L,118.62,0,118.62,0.0,1.0,0.0,1,Jul,2024,0.0,0.0,0.0,0.0,0.0,0.0,0.0,0.0,0.0,0.0,0.0,0.0,118.62,0.0,0.0,0.0,0.0,0.0,69.4,3.79
2024-07-20,LATAM,Mexico,-,Brand,L,81.7,0,0.0,0.0,0.5,0.5,1,Jul,2024,0.0,0.0,0.0,81.7,0.0,0.0,0.0,0.0,0.0,0.0,0.0,0.0,0.0,0.0,0.0,0.0,0.0,0.0,60.9,20.69
2024-07-20,LATAM,Mexico,-,Non_Brand,L,34.86,0,34.86,0.0,1.0,0.0,1,Jul,2024,0.0,0.0,0.0,0.0,0.0,0.0,0.0,0.0,0.0,0.0,0.0,0.0,34.86,0.0,0.0,0.0,0.0,0.0,69.4,3.79
2024-07-21,LATAM,Mexico,-,Brand,L,45.72,0,0.0,0.0,0.5,0.5,1,Jul,2024,0.0,0.0,0.0,45.72,0.0,0.0,0.0,0.0,0.0,0.0,0.0,0.0,0.0,0.0,0.0,0.0,0.0,0.0,60.9,20.69
2024-07-21,LATAM,Mexico,-,Non_Brand,L,204.24,0,204.24,0.0,1.0,0.0,1,Jul,2024,0.0,0.0,0.0,0.0,0.0,0.0,0.0,0.0,0.0,0.0,0.0,0.0,204.24,0.0,0.0,0.0,0.0,0.0,69.4,3.79
2024-07-22,LATAM,Mexico,-,Brand,L,836.18,0,0.0,0.0,0.5,0.5,0,Jul,2024,0.0,0.0,0.0,836.18,0.0,0.0,0.0,0.0,0.0,0.0,0.0,0.0,0.0,0.0,0.0,0.0,0.0,0.0,60.9,20.69
2024-07-22,LATAM,Mexico,-,Non_Brand,L,400.5,0,400.5,0.0,1.0,0.0,0,Jul,2024,0.0,0.0,0.0,0.0,0.0,0.0,0.0,0.0,0.0,0.0,0.0,0.0,400.5,0.0,0.0,0.0,0.0,0.0,69.4,3.79
2024-07-23,LATAM,Mexico,-,Brand,L,979.36,0,0.0,0.0,0.5,0.5,0,Jul,2024,0.0,0.0,0.0,979.36,0.0,0.0,0.0,0.0,0.0,0.0,0.0,0.0,0.0,0.0,0.0,0.0,0.0,0.0,60.9,20.69
2024-07-23,LATAM,Mexico,-,Non_Brand,L,530.4,0,530.4,0.0,1.0,0.0,0,Jul,2024,0.0,0.0,0.0,0.0,0.0,0.0,0.0,0.0,0.0,0.0,0.0,0.0,530.4,0.0,0.0,0.0,0.0,0.0,69.4,3.79
2024-07-24,LATAM,Mexico,-,Brand,L,723.88,0,0.0,0.0,0.5,0.5,1,Jul,2024,0.0,0.0,0.0,723.88,0.0,0.0,0.0,0.0,0.0,0.0,0.0,0.0,0.0,0.0,0.0,0.0,0.0,0.0,60.9,20.69
2024-07-24,LATAM,Mexico,-,Non_Brand,L,555.74,0,555.74,0.0,1.0,0.0,1,Jul,2024,0.0,0.0,0.0,0.0,0.0,0.0,0.0,0.0,0.0,0.0,0.0,0.0,555.74,0.0,0.0,0.0,0.0,0.0,69.4,3.79
2024-07-25,LATAM,Mexico,-,Brand,L,526.06,0,0.0,0.0,0.5,0.5,1,Jul,2024,0.0,0.0,0.0,526.06,0.0,0.0,0.0,0.0,0.0,0.0,0.0,0.0,0.0,0.0,0.0,0.0,0.0,0.0,60.9,20.69
2024-07-25,LATAM,Mexico,-,Non_Brand,L,451.72,0,451.72,0.0,1.0,0.0,1,Jul,2024,0.0,0.0,0.0,0.0,0.0,0.0,0.0,0.0,0.0,0.0,0.0,0.0,451.72,0.0,0.0,0.0,0.0,0.0,69.4,3.79
2024-07-26,LATAM,Mexico,-,Brand,L,454.06,0,0.0,0.0,0.5,0.5,1,Jul,2024,0.0,0.0,0.0,454.06,0.0,0.0,0.0,0.0,0.0,0.0,0.0,0.0,0.0,0.0,0.0,0.0,0.0,0.0,60.9,20.69
2024-07-26,LATAM,Mexico,-,Non_Brand,L,657.46,0,657.46,0.0,1.0,0.0,1,Jul,2024,0.0,0.0,0.0,0.0,0.0,0.0,0.0,0.0,0.0,0.0,0.0,0.0,657.46,0.0,0.0,0.0,0.0,0.0,69.4,3.79
2024-07-27,LATAM,Mexico,-,Brand,L,49.64,0,0.0,0.0,0.5,0.5,1,Jul,2024,0.0,0.0,0.0,49.64,0.0,0.0,0.0,0.0,0.0,0.0,0.0,0.0,0.0,0.0,0.0,0.0,0.0,0.0,60.9,20.69
2024-07-27,LATAM,Mexico,-,Non_Brand,L,500.76,0,500.76,0.0,1.0,0.0,1,Jul,2024,0.0,0.0,0.0,0.0,0.0,0.0,0.0,0.0,0.0,0.0,0.0,0.0,500.76,0.0,0.0,0.0,0.0,0.0,69.4,3.79
2024-07-28,LATAM,Mexico,-,Brand,L,30.46,0,0.0,0.0,0.5,0.5,1,Jul,2024,0.0,0.0,0.0,30.46,0.0,0.0,0.0,0.0,0.0,0.0,0.0,0.0,0.0,0.0,0.0,0.0,0.0,0.0,60.9,20.69
2024-07-28,LATAM,Mexico,-,Non_Brand,L,279.6,0,279.6,0.0,1.0,0.0,1,Jul,2024,0.0,0.0,0.0,0.0,0.0,0.0,0.0,0.0,0.0,0.0,0.0,0.0,279.6,0.0,0.0,0.0,0.0,0.0,69.4,3.79
2024-07-29,LATAM,Mexico,-,Brand,L,563.98,0,0.0,0.0,0.5,0.5,0,Jul,2024,0.0,0.0,0.0,563.98,0.0,0.0,0.0,0.0,0.0,0.0,0.0,0.0,0.0,0.0,0.0,0.0,0.0,0.0,60.9,20.69
2024-07-29,LATAM,Mexico,-,Non_Brand,L,605.7,0,605.7,0.0,1.0,0.0,0,Jul,2024,0.0,0.0,0.0,0.0,0.0,0.0,0.0,0.0,0.0,0.0,0.0,0.0,605.7,0.0,0.0,0.0,0.0,0.0,69.4,3.79
2024-07-30,LATAM,Mexico,-,Brand,L,558.18,0,0.0,0.0,0.5,0.5,0,Jul,2024,0.0,0.0,0.0,558.18,0.0,0.0,0.0,0.0,0.0,0.0,0.0,0.0,0.0,0.0,0.0,0.0,0.0,0.0,60.9,20.69
2024-07-30,LATAM,Mexico,-,Non_Brand,L,484.36,0,484.36,0.0,1.0,0.0,0,Jul,2024,0.0,0.0,0.0,0.0,0.0,0.0,0.0,0.0,0.0,0.0,0.0,0.0,484.36,0.0,0.0,0.0,0.0,0.0,69.4,3.79
2024-07-31,LATAM,Mexico,-,Brand,L,504.26,0,0.0,0.0,0.5,0.5,1,Jul,2024,0.0,0.0,0.0,504.26,0.0,0.0,0.0,0.0,0.0,0.0,0.0,0.0,0.0,0.0,0.0,0.0,0.0,0.0,60.9,20.69
2024-07-31,LATAM,Mexico,-,Non_Brand,L,280.16,0,280.16,0.0,1.0,0.0,1,Jul,2024,0.0,0.0,0.0,0.0,0.0,0.0,0.0,0.0,0.0,0.0,0.0,0.0,280.16,0.0,0.0,0.0,0.0,0.0,69.4,3.79
2024-08-01,LATAM,Mexico,-,Brand,L,350.36,0,0.0,0.0,0.5,0.5,1,Aug,2024,0.0,350.36,0.0,0.0,0.0,0.0,0.0,0.0,0.0,0.0,0.0,0.0,0.0,0.0,0.0,0.0,0.0,0.0,60.9,20.69
2024-08-01,LATAM,Mexico,-,Non_Brand,L,114.44,0,114.44,0.0,1.0,0.0,1,Aug,2024,0.0,0.0,0.0,0.0,0.0,0.0,0.0,0.0,0.0,0.0,114.44,0.0,0.0,0.0,0.0,0.0,0.0,0.0,69.4,3.79
2024-08-02,LATAM,Mexico,-,Brand,L,395.88,0,0.0,0.0,0.5,0.5,1,Aug,2024,0.0,395.88,0.0,0.0,0.0,0.0,0.0,0.0,0.0,0.0,0.0,0.0,0.0,0.0,0.0,0.0,0.0,0.0,60.9,20.69
2024-08-02,LATAM,Mexico,-,Non_Brand,L,433.97999999999996,0,433.97999999999996,0.0,1.0,0.0,1,Aug,2024,0.0,0.0,0.0,0.0,0.0,0.0,0.0,0.0,0.0,0.0,433.97999999999996,0.0,0.0,0.0,0.0,0.0,0.0,0.0,69.4,3.79
2024-08-03,LATAM,Mexico,-,Brand,L,64.64,0,0.0,0.0,0.5,0.5,1,Aug,2024,0.0,64.64,0.0,0.0,0.0,0.0,0.0,0.0,0.0,0.0,0.0,0.0,0.0,0.0,0.0,0.0,0.0,0.0,60.9,20.69
2024-08-03,LATAM,Mexico,-,Non_Brand,L,342.6,0,342.6,0.0,1.0,0.0,1,Aug,2024,0.0,0.0,0.0,0.0,0.0,0.0,0.0,0.0,0.0,0.0,342.6,0.0,0.0,0.0,0.0,0.0,0.0,0.0,69.4,3.79
2024-08-04,LATAM,Mexico,-,Brand,L,41.1,0,0.0,0.0,0.5,0.5,1,Aug,2024,0.0,41.1,0.0,0.0,0.0,0.0,0.0,0.0,0.0,0.0,0.0,0.0,0.0,0.0,0.0,0.0,0.0,0.0,60.9,20.69
2024-08-04,LATAM,Mexico,-,Non_Brand,L,275.34000000000003,0,275.34000000000003,0.0,1.0,0.0,1,Aug,2024,0.0,0.0,0.0,0.0,0.0,0.0,0.0,0.0,0.0,0.0,275.34000000000003,0.0,0.0,0.0,0.0,0.0,0.0,0.0,69.4,3.79
2024-08-05,LATAM,Mexico,-,Brand,L,836.8400000000001,0,0.0,0.0,0.5,0.5,0,Aug,2024,0.0,836.8400000000001,0.0,0.0,0.0,0.0,0.0,0.0,0.0,0.0,0.0,0.0,0.0,0.0,0.0,0.0,0.0,0.0,60.9,20.69
2024-08-05,LATAM,Mexico,-,Non_Brand,L,628.24,0,628.24,0.0,1.0,0.0,0,Aug,2024,0.0,0.0,0.0,0.0,0.0,0.0,0.0,0.0,0.0,0.0,628.24,0.0,0.0,0.0,0.0,0.0,0.0,0.0,69.4,3.79
2024-08-06,LATAM,Mexico,-,Brand,L,875.1,0,0.0,0.0,0.5,0.5,0,Aug,2024,0.0,875.1,0.0,0.0,0.0,0.0,0.0,0.0,0.0,0.0,0.0,0.0,0.0,0.0,0.0,0.0,0.0,0.0,60.9,20.69
2024-08-06,LATAM,Mexico,-,Non_Brand,L,359.06,0,359.06,0.0,1.0,0.0,0,Aug,2024,0.0,0.0,0.0,0.0,0.0,0.0,0.0,0.0,0.0,0.0,359.06,0.0,0.0,0.0,0.0,0.0,0.0,0.0,69.4,3.79
2024-08-07,LATAM,Mexico,-,Brand,L,753.96,0,0.0,0.0,0.5,0.5,1,Aug,2024,0.0,753.96,0.0,0.0,0.0,0.0,0.0,0.0,0.0,0.0,0.0,0.0,0.0,0.0,0.0,0.0,0.0,0.0,60.9,20.69
2024-08-07,LATAM,Mexico,-,Non_Brand,L,686.92,0,686.92,0.0,1.0,0.0,1,Aug,2024,0.0,0.0,0.0,0.0,0.0,0.0,0.0,0.0,0.0,0.0,686.92,0.0,0.0,0.0,0.0,0.0,0.0,0.0,69.4,3.79
2024-08-08,LATAM,Mexico,-,Brand,L,491.6400000000001,0,0.0,0.0,0.5,0.5,1,Aug,2024,0.0,491.6400000000001,0.0,0.0,0.0,0.0,0.0,0.0,0.0,0.0,0.0,0.0,0.0,0.0,0.0,0.0,0.0,0.0,60.9,20.69
2024-08-08,LATAM,Mexico,-,Non_Brand,L,633.54,0,633.54,0.0,1.0,0.0,1,Aug,2024,0.0,0.0,0.0,0.0,0.0,0.0,0.0,0.0,0.0,0.0,633.54,0.0,0.0,0.0,0.0,0.0,0.0,0.0,69.4,3.79
2024-08-09,LATAM,Mexico,-,Brand,L,650.26,0,0.0,0.0,0.5,0.5,1,Aug,2024,0.0,650.26,0.0,0.0,0.0,0.0,0.0,0.0,0.0,0.0,0.0,0.0,0.0,0.0,0.0,0.0,0.0,0.0,60.9,20.69
2024-08-09,LATAM,Mexico,-,Non_Brand,L,737.92,0,737.92,0.0,1.0,0.0,1,Aug,2024,0.0,0.0,0.0,0.0,0.0,0.0,0.0,0.0,0.0,0.0,737.92,0.0,0.0,0.0,0.0,0.0,0.0,0.0,69.4,3.79
2024-08-10,LATAM,Mexico,-,Brand,L,112.66000000000001,0,0.0,0.0,0.5,0.5,1,Aug,2024,0.0,112.66000000000001,0.0,0.0,0.0,0.0,0.0,0.0,0.0,0.0,0.0,0.0,0.0,0.0,0.0,0.0,0.0,0.0,60.9,20.69
2024-08-10,LATAM,Mexico,-,Non_Brand,L,215.4,0,215.4,0.0,1.0,0.0,1,Aug,2024,0.0,0.0,0.0,0.0,0.0,0.0,0.0,0.0,0.0,0.0,215.4,0.0,0.0,0.0,0.0,0.0,0.0,0.0,69.4,3.79
2024-08-11,LATAM,Mexico,-,Brand,L,73.2,0,0.0,0.0,0.5,0.5,1,Aug,2024,0.0,73.2,0.0,0.0,0.0,0.0,0.0,0.0,0.0,0.0,0.0,0.0,0.0,0.0,0.0,0.0,0.0,0.0,60.9,20.69
2024-08-11,LATAM,Mexico,-,Non_Brand,L,51.56,0,51.56,0.0,1.0,0.0,1,Aug,2024,0.0,0.0,0.0,0.0,0.0,0.0,0.0,0.0,0.0,0.0,51.56,0.0,0.0,0.0,0.0,0.0,0.0,0.0,69.4,3.79
2024-08-12,LATAM,Mexico,-,Brand,L,907.2799999999999,0,0.0,0.0,0.5,0.5,0,Aug,2024,0.0,907.2799999999999,0.0,0.0,0.0,0.0,0.0,0.0,0.0,0.0,0.0,0.0,0.0,0.0,0.0,0.0,0.0,0.0,60.9,20.69
2024-08-12,LATAM,Mexico,-,Non_Brand,L,1183.12,0,1183.12,0.0,1.0,0.0,0,Aug,2024,0.0,0.0,0.0,0.0,0.0,0.0,0.0,0.0,0.0,0.0,1183.12,0.0,0.0,0.0,0.0,0.0,0.0,0.0,69.4,3.79
2024-08-13,LATAM,Mexico,-,Brand,L,908.3199999999999,0,0.0,0.0,0.5,0.5,0,Aug,2024,0.0,908.3199999999999,0.0,0.0,0.0,0.0,0.0,0.0,0.0,0.0,0.0,0.0,0.0,0.0,0.0,0.0,0.0,0.0,60.9,20.69
2024-08-13,LATAM,Mexico,-,Non_Brand,L,548.64,0,548.64,0.0,1.0,0.0,0,Aug,2024,0.0,0.0,0.0,0.0,0.0,0.0,0.0,0.0,0.0,0.0,548.64,0.0,0.0,0.0,0.0,0.0,0.0,0.0,69.4,3.79
2024-08-14,LATAM,Mexico,-,Brand,L,832.32,0,0.0,0.0,0.5,0.5,1,Aug,2024,0.0,832.32,0.0,0.0,0.0,0.0,0.0,0.0,0.0,0.0,0.0,0.0,0.0,0.0,0.0,0.0,0.0,0.0,60.9,20.69
2024-08-14,LATAM,Mexico,-,Non_Brand,L,432.96000000000004,0,432.96000000000004,0.0,1.0,0.0,1,Aug,2024,0.0,0.0,0.0,0.0,0.0,0.0,0.0,0.0,0.0,0.0,432.96000000000004,0.0,0.0,0.0,0.0,0.0,0.0,0.0,69.4,3.79
2024-08-15,LATAM,Mexico,-,Brand,L,722.3,0,0.0,0.0,0.5,0.5,1,Aug,2024,0.0,722.3,0.0,0.0,0.0,0.0,0.0,0.0,0.0,0.0,0.0,0.0,0.0,0.0,0.0,0.0,0.0,0.0,60.9,20.69
2024-08-15,LATAM,Mexico,-,Non_Brand,L,465.58,0,465.58,0.0,1.0,0.0,1,Aug,2024,0.0,0.0,0.0,0.0,0.0,0.0,0.0,0.0,0.0,0.0,465.58,0.0,0.0,0.0,0.0,0.0,0.0,0.0,69.4,3.79
2024-08-16,LATAM,Mexico,-,Brand,L,632.6,0,0.0,0.0,0.5,0.5,1,Aug,2024,0.0,632.6,0.0,0.0,0.0,0.0,0.0,0.0,0.0,0.0,0.0,0.0,0.0,0.0,0.0,0.0,0.0,0.0,60.9,20.69
2024-08-16,LATAM,Mexico,-,Non_Brand,L,378.5,0,378.5,0.0,1.0,0.0,1,Aug,2024,0.0,0.0,0.0,0.0,0.0,0.0,0.0,0.0,0.0,0.0,378.5,0.0,0.0,0.0,0.0,0.0,0.0,0.0,69.4,3.79
2024-08-17,LATAM,Mexico,-,Brand,L,106.82,0,0.0,0.0,0.5,0.5,1,Aug,2024,0.0,106.82,0.0,0.0,0.0,0.0,0.0,0.0,0.0,0.0,0.0,0.0,0.0,0.0,0.0,0.0,0.0,0.0,60.9,20.69
2024-08-17,LATAM,Mexico,-,Non_Brand,L,205.66,0,205.66,0.0,1.0,0.0,1,Aug,2024,0.0,0.0,0.0,0.0,0.0,0.0,0.0,0.0,0.0,0.0,205.66,0.0,0.0,0.0,0.0,0.0,0.0,0.0,69.4,3.79
2024-08-18,LATAM,Mexico,-,Brand,L,82.16,0,0.0,0.0,0.5,0.5,1,Aug,2024,0.0,82.16,0.0,0.0,0.0,0.0,0.0,0.0,0.0,0.0,0.0,0.0,0.0,0.0,0.0,0.0,0.0,0.0,60.9,20.69
2024-08-18,LATAM,Mexico,-,Non_Brand,L,129.04000000000002,0,129.04000000000002,0.0,1.0,0.0,1,Aug,2024,0.0,0.0,0.0,0.0,0.0,0.0,0.0,0.0,0.0,0.0,129.04000000000002,0.0,0.0,0.0,0.0,0.0,0.0,0.0,69.4,3.79
2024-08-19,LATAM,Mexico,-,Brand,L,1112.8,0,0.0,0.0,0.5,0.5,0,Aug,2024,0.0,1112.8,0.0,0.0,0.0,0.0,0.0,0.0,0.0,0.0,0.0,0.0,0.0,0.0,0.0,0.0,0.0,0.0,60.9,20.69
2024-08-19,LATAM,Mexico,-,Non_Brand,L,213.56,0,213.56,0.0,1.0,0.0,0,Aug,2024,0.0,0.0,0.0,0.0,0.0,0.0,0.0,0.0,0.0,0.0,213.56,0.0,0.0,0.0,0.0,0.0,0.0,0.0,69.4,3.79
2024-08-20,LATAM,Mexico,-,Brand,L,1027.34,0,0.0,0.0,0.5,0.5,0,Aug,2024,0.0,1027.34,0.0,0.0,0.0,0.0,0.0,0.0,0.0,0.0,0.0,0.0,0.0,0.0,0.0,0.0,0.0,0.0,60.9,20.69
2024-08-20,LATAM,Mexico,-,Non_Brand,L,202.28,0,202.28,0.0,1.0,0.0,0,Aug,2024,0.0,0.0,0.0,0.0,0.0,0.0,0.0,0.0,0.0,0.0,202.28,0.0,0.0,0.0,0.0,0.0,0.0,0.0,69.4,3.79
2024-08-21,LATAM,Mexico,-,Brand,L,992.9399999999999,0,0.0,0.0,0.5,0.5,1,Aug,2024,0.0,992.9399999999999,0.0,0.0,0.0,0.0,0.0,0.0,0.0,0.0,0.0,0.0,0.0,0.0,0.0,0.0,0.0,0.0,60.9,20.69
2024-08-21,LATAM,Mexico,-,Non_Brand,L,160.28,0,160.28,0.0,1.0,0.0,1,Aug,2024,0.0,0.0,0.0,0.0,0.0,0.0,0.0,0.0,0.0,0.0,160.28,0.0,0.0,0.0,0.0,0.0,0.0,0.0,69.4,3.79
2024-08-22,LATAM,Mexico,-,Brand,L,734.58,0,0.0,0.0,0.5,0.5,1,Aug,2024,0.0,734.58,0.0,0.0,0.0,0.0,0.0,0.0,0.0,0.0,0.0,0.0,0.0,0.0,0.0,0.0,0.0,0.0,60.9,20.69
2024-08-22,LATAM,Mexico,-,Non_Brand,L,134.44,0,134.44,0.0,1.0,0.0,1,Aug,2024,0.0,0.0,0.0,0.0,0.0,0.0,0.0,0.0,0.0,0.0,134.44,0.0,0.0,0.0,0.0,0.0,0.0,0.0,69.4,3.79
2024-08-23,LATAM,Mexico,-,Brand,L,436.52000000000004,0,0.0,0.0,0.5,0.5,1,Aug,2024,0.0,436.52000000000004,0.0,0.0,0.0,0.0,0.0,0.0,0.0,0.0,0.0,0.0,0.0,0.0,0.0,0.0,0.0,0.0,60.9,20.69
2024-08-23,LATAM,Mexico,-,Non_Brand,L,83.92,0,83.92,0.0,1.0,0.0,1,Aug,2024,0.0,0.0,0.0,0.0,0.0,0.0,0.0,0.0,0.0,0.0,83.92,0.0,0.0,0.0,0.0,0.0,0.0,0.0,69.4,3.79
2024-08-24,LATAM,Mexico,-,Brand,L,107.82,0,0.0,0.0,0.5,0.5,1,Aug,2024,0.0,107.82,0.0,0.0,0.0,0.0,0.0,0.0,0.0,0.0,0.0,0.0,0.0,0.0,0.0,0.0,0.0,0.0,60.9,20.69
2024-08-24,LATAM,Mexico,-,Non_Brand,L,44.08,0,44.08,0.0,1.0,0.0,1,Aug,2024,0.0,0.0,0.0,0.0,0.0,0.0,0.0,0.0,0.0,0.0,44.08,0.0,0.0,0.0,0.0,0.0,0.0,0.0,69.4,3.79
2024-08-25,LATAM,Mexico,-,Brand,L,67.48,0,0.0,0.0,0.5,0.5,1,Aug,2024,0.0,67.48,0.0,0.0,0.0,0.0,0.0,0.0,0.0,0.0,0.0,0.0,0.0,0.0,0.0,0.0,0.0,0.0,60.9,20.69
2024-08-25,LATAM,Mexico,-,Non_Brand,L,19.18,0,19.18,0.0,1.0,0.0,1,Aug,2024,0.0,0.0,0.0,0.0,0.0,0.0,0.0,0.0,0.0,0.0,19.18,0.0,0.0,0.0,0.0,0.0,0.0,0.0,69.4,3.79
2024-08-26,LATAM,Mexico,-,Brand,L,758.48,0,0.0,0.0,0.5,0.5,0,Aug,2024,0.0,758.48,0.0,0.0,0.0,0.0,0.0,0.0,0.0,0.0,0.0,0.0,0.0,0.0,0.0,0.0,0.0,0.0,60.9,20.69
2024-08-26,LATAM,Mexico,-,Non_Brand,L,268.04,0,268.04,0.0,1.0,0.0,0,Aug,2024,0.0,0.0,0.0,0.0,0.0,0.0,0.0,0.0,0.0,0.0,268.04,0.0,0.0,0.0,0.0,0.0,0.0,0.0,69.4,3.79
2024-08-27,LATAM,Mexico,-,Brand,L,810.3199999999999,0,0.0,0.0,0.5,0.5,0,Aug,2024,0.0,810.3199999999999,0.0,0.0,0.0,0.0,0.0,0.0,0.0,0.0,0.0,0.0,0.0,0.0,0.0,0.0,0.0,0.0,60.9,20.69
2024-08-27,LATAM,Mexico,-,Non_Brand,L,275.22,0,275.22,0.0,1.0,0.0,0,Aug,2024,0.0,0.0,0.0,0.0,0.0,0.0,0.0,0.0,0.0,0.0,275.22,0.0,0.0,0.0,0.0,0.0,0.0,0.0,69.4,3.79
2024-08-28,LATAM,Mexico,-,Brand,L,848.4,0,0.0,0.0,0.5,0.5,1,Aug,2024,0.0,848.4,0.0,0.0,0.0,0.0,0.0,0.0,0.0,0.0,0.0,0.0,0.0,0.0,0.0,0.0,0.0,0.0,60.9,20.69
2024-08-28,LATAM,Mexico,-,Non_Brand,L,123.94,0,123.94,0.0,1.0,0.0,1,Aug,2024,0.0,0.0,0.0,0.0,0.0,0.0,0.0,0.0,0.0,0.0,123.94,0.0,0.0,0.0,0.0,0.0,0.0,0.0,69.4,3.79
2024-08-29,LATAM,Mexico,-,Brand,L,887.6,0,0.0,0.0,0.5,0.5,1,Aug,2024,0.0,887.6,0.0,0.0,0.0,0.0,0.0,0.0,0.0,0.0,0.0,0.0,0.0,0.0,0.0,0.0,0.0,0.0,60.9,20.69
2024-08-29,LATAM,Mexico,-,Non_Brand,L,171.78,0,171.78,0.0,1.0,0.0,1,Aug,2024,0.0,0.0,0.0,0.0,0.0,0.0,0.0,0.0,0.0,0.0,171.78,0.0,0.0,0.0,0.0,0.0,0.0,0.0,69.4,3.79
2024-08-30,LATAM,Mexico,-,Brand,L,877.76,0,0.0,0.0,0.5,0.5,1,Aug,2024,0.0,877.76,0.0,0.0,0.0,0.0,0.0,0.0,0.0,0.0,0.0,0.0,0.0,0.0,0.0,0.0,0.0,0.0,60.9,20.69
2024-08-30,LATAM,Mexico,-,Non_Brand,L,86.12,0,86.12,0.0,1.0,0.0,1,Aug,2024,0.0,0.0,0.0,0.0,0.0,0.0,0.0,0.0,0.0,0.0,86.12,0.0,0.0,0.0,0.0,0.0,0.0,0.0,69.4,3.79
2024-08-31,LATAM,Mexico,-,Brand,L,404.05999999999995,0,0.0,0.0,0.5,0.5,1,Aug,2024,0.0,404.05999999999995,0.0,0.0,0.0,0.0,0.0,0.0,0.0,0.0,0.0,0.0,0.0,0.0,0.0,0.0,0.0,0.0,60.9,20.69
2024-08-31,LATAM,Mexico,-,Non_Brand,L,106.86,0,106.86,0.0,1.0,0.0,1,Aug,2024,0.0,0.0,0.0,0.0,0.0,0.0,0.0,0.0,0.0,0.0,106.86,0.0,0.0,0.0,0.0,0.0,0.0,0.0,69.4,3.79
2024-09-01,LATAM,Mexico,-,Brand,L,359.9,0,0.0,0.0,0.5,0.5,1,Sep,2024,0.0,0.0,0.0,0.0,0.0,0.0,0.0,0.0,359.9,0.0,0.0,0.0,0.0,0.0,0.0,0.0,0.0,0.0,60.9,20.69
2024-09-01,LATAM,Mexico,-,Non_Brand,L,36.86,0,36.86,0.0,1.0,0.0,1,Sep,2024,0.0,0.0,0.0,0.0,0.0,0.0,0.0,0.0,0.0,0.0,0.0,0.0,0.0,0.0,0.0,0.0,0.0,36.86,69.4,3.79
2024-09-02,LATAM,Mexico,-,Brand,L,914.2599999999999,0,0.0,0.0,0.5,0.5,0,Sep,2024,0.0,0.0,0.0,0.0,0.0,0.0,0.0,0.0,914.2599999999999,0.0,0.0,0.0,0.0,0.0,0.0,0.0,0.0,0.0,60.9,20.69
2024-09-02,LATAM,Mexico,-,Non_Brand,L,147.0,0,147.0,0.0,1.0,0.0,0,Sep,2024,0.0,0.0,0.0,0.0,0.0,0.0,0.0,0.0,0.0,0.0,0.0,0.0,0.0,0.0,0.0,0.0,0.0,147.0,69.4,3.79
2024-09-03,LATAM,Mexico,-,Brand,L,1104.26,0,0.0,0.0,0.5,0.5,0,Sep,2024,0.0,0.0,0.0,0.0,0.0,0.0,0.0,0.0,1104.26,0.0,0.0,0.0,0.0,0.0,0.0,0.0,0.0,0.0,60.9,20.69
2024-09-03,LATAM,Mexico,-,Non_Brand,L,107.42,0,107.42,0.0,1.0,0.0,0,Sep,2024,0.0,0.0,0.0,0.0,0.0,0.0,0.0,0.0,0.0,0.0,0.0,0.0,0.0,0.0,0.0,0.0,0.0,107.42,69.4,3.79
2024-09-04,LATAM,Mexico,-,Brand,L,979.5,0,0.0,0.0,0.5,0.5,1,Sep,2024,0.0,0.0,0.0,0.0,0.0,0.0,0.0,0.0,979.5,0.0,0.0,0.0,0.0,0.0,0.0,0.0,0.0,0.0,60.9,20.69
2024-09-04,LATAM,Mexico,-,Non_Brand,L,93.84,0,93.84,0.0,1.0,0.0,1,Sep,2024,0.0,0.0,0.0,0.0,0.0,0.0,0.0,0.0,0.0,0.0,0.0,0.0,0.0,0.0,0.0,0.0,0.0,93.84,69.4,3.79
2024-09-05,LATAM,Mexico,-,Brand,L,798.6399999999999,0,0.0,0.0,0.5,0.5,1,Sep,2024,0.0,0.0,0.0,0.0,0.0,0.0,0.0,0.0,798.6399999999999,0.0,0.0,0.0,0.0,0.0,0.0,0.0,0.0,0.0,60.9,20.69
2024-09-05,LATAM,Mexico,-,Non_Brand,L,103.0,0,103.0,0.0,1.0,0.0,1,Sep,2024,0.0,0.0,0.0,0.0,0.0,0.0,0.0,0.0,0.0,0.0,0.0,0.0,0.0,0.0,0.0,0.0,0.0,103.0,69.4,3.79
2024-09-06,LATAM,Mexico,-,Brand,L,685.6400000000001,0,0.0,0.0,0.5,0.5,1,Sep,2024,0.0,0.0,0.0,0.0,0.0,0.0,0.0,0.0,685.6400000000001,0.0,0.0,0.0,0.0,0.0,0.0,0.0,0.0,0.0,60.9,20.69
2024-09-06,LATAM,Mexico,-,Non_Brand,L,132.04,0,132.04,0.0,1.0,0.0,1,Sep,2024,0.0,0.0,0.0,0.0,0.0,0.0,0.0,0.0,0.0,0.0,0.0,0.0,0.0,0.0,0.0,0.0,0.0,132.04,69.4,3.79
2024-09-07,LATAM,Mexico,-,Brand,L,143.23999999999998,0,0.0,0.0,0.5,0.5,1,Sep,2024,0.0,0.0,0.0,0.0,0.0,0.0,0.0,0.0,143.23999999999998,0.0,0.0,0.0,0.0,0.0,0.0,0.0,0.0,0.0,60.9,20.69
2024-09-07,LATAM,Mexico,-,Non_Brand,L,20.96,0,20.96,0.0,1.0,0.0,1,Sep,2024,0.0,0.0,0.0,0.0,0.0,0.0,0.0,0.0,0.0,0.0,0.0,0.0,0.0,0.0,0.0,0.0,0.0,20.96,69.4,3.79
2024-09-08,LATAM,Mexico,-,Brand,L,87.84,0,0.0,0.0,0.5,0.5,1,Sep,2024,0.0,0.0,0.0,0.0,0.0,0.0,0.0,0.0,87.84,0.0,0.0,0.0,0.0,0.0,0.0,0.0,0.0,0.0,60.9,20.69
2024-09-08,LATAM,Mexico,-,Non_Brand,L,243.6621145374449,0,0.0,0.0,0.5,0.5,1,Sep,2024,0.0,0.0,0.0,0.0,0.0,0.0,0.0,0.0,0.0,0.0,0.0,0.0,0.0,0.0,0.0,0.0,0.0,243.6621145374449,69.4,3.79
2024-09-09,LATAM,Mexico,-,Brand,L,1058.1,0,0.0,0.0,0.5,0.5,0,Sep,2024,0.0,0.0,0.0,0.0,0.0,0.0,0.0,0.0,1058.1,0.0,0.0,0.0,0.0,0.0,0.0,0.0,0.0,0.0,60.9,20.69
2024-09-09,LATAM,Mexico,-,Non_Brand,L,135.34,0,135.34,0.0,1.0,0.0,0,Sep,2024,0.0,0.0,0.0,0.0,0.0,0.0,0.0,0.0,0.0,0.0,0.0,0.0,0.0,0.0,0.0,0.0,0.0,135.34,69.4,3.79
2024-09-10,LATAM,Mexico,-,Brand,L,1008.3000000000001,0,0.0,0.0,0.5,0.5,0,Sep,2024,0.0,0.0,0.0,0.0,0.0,0.0,0.0,0.0,1008.3000000000001,0.0,0.0,0.0,0.0,0.0,0.0,0.0,0.0,0.0,60.9,20.69
2024-09-10,LATAM,Mexico,-,Non_Brand,L,173.62,0,173.62,0.0,1.0,0.0,0,Sep,2024,0.0,0.0,0.0,0.0,0.0,0.0,0.0,0.0,0.0,0.0,0.0,0.0,0.0,0.0,0.0,0.0,0.0,173.62,69.4,3.79
2024-09-11,LATAM,Mexico,-,Brand,L,831.8,0,0.0,0.0,0.5,0.5,1,Sep,2024,0.0,0.0,0.0,0.0,0.0,0.0,0.0,0.0,831.8,0.0,0.0,0.0,0.0,0.0,0.0,0.0,0.0,0.0,60.9,20.69
2024-09-11,LATAM,Mexico,-,Non_Brand,L,102.0,0,102.0,0.0,1.0,0.0,1,Sep,2024,0.0,0.0,0.0,0.0,0.0,0.0,0.0,0.0,0.0,0.0,0.0,0.0,0.0,0.0,0.0,0.0,0.0,102.0,69.4,3.79
2024-09-12,LATAM,Mexico,-,Brand,L,841.56,0,0.0,0.0,0.5,0.5,1,Sep,2024,0.0,0.0,0.0,0.0,0.0,0.0,0.0,0.0,841.56,0.0,0.0,0.0,0.0,0.0,0.0,0.0,0.0,0.0,60.9,20.69
2024-09-12,LATAM,Mexico,-,Non_Brand,L,182.07999999999998,0,182.07999999999998,0.0,1.0,0.0,1,Sep,2024,0.0,0.0,0.0,0.0,0.0,0.0,0.0,0.0,0.0,0.0,0.0,0.0,0.0,0.0,0.0,0.0,0.0,182.07999999999998,69.4,3.79
2024-09-13,LATAM,Mexico,-,Brand,L,524.6800000000001,0,0.0,0.0,0.5,0.5,1,Sep,2024,0.0,0.0,0.0,0.0,0.0,0.0,0.0,0.0,524.6800000000001,0.0,0.0,0.0,0.0,0.0,0.0,0.0,0.0,0.0,60.9,20.69
2024-09-13,LATAM,Mexico,-,Non_Brand,L,41.879999999999995,0,41.879999999999995,0.0,1.0,0.0,1,Sep,2024,0.0,0.0,0.0,0.0,0.0,0.0,0.0,0.0,0.0,0.0,0.0,0.0,0.0,0.0,0.0,0.0,0.0,41.879999999999995,69.4,3.79
2024-09-14,LATAM,Mexico,-,Brand,L,115.56000000000002,0,0.0,0.0,0.5,0.5,1,Sep,2024,0.0,0.0,0.0,0.0,0.0,0.0,0.0,0.0,115.56000000000002,0.0,0.0,0.0,0.0,0.0,0.0,0.0,0.0,0.0,60.9,20.69
2024-09-14,LATAM,Mexico,-,Non_Brand,L,37.44,0,37.44,0.0,1.0,0.0,1,Sep,2024,0.0,0.0,0.0,0.0,0.0,0.0,0.0,0.0,0.0,0.0,0.0,0.0,0.0,0.0,0.0,0.0,0.0,37.44,69.4,3.79
2024-09-15,LATAM,Mexico,-,Brand,L,106.36,0,0.0,0.0,0.5,0.5,1,Sep,2024,0.0,0.0,0.0,0.0,0.0,0.0,0.0,0.0,106.36,0.0,0.0,0.0,0.0,0.0,0.0,0.0,0.0,0.0,60.9,20.69
2024-09-15,LATAM,Mexico,-,Non_Brand,L,243.6621145374449,0,0.0,0.0,0.5,0.5,1,Sep,2024,0.0,0.0,0.0,0.0,0.0,0.0,0.0,0.0,0.0,0.0,0.0,0.0,0.0,0.0,0.0,0.0,0.0,243.6621145374449,69.4,3.79
2024-09-16,LATAM,Mexico,-,Brand,L,934.9999999999998,0,0.0,0.0,0.5,0.5,0,Sep,2024,0.0,0.0,0.0,0.0,0.0,0.0,0.0,0.0,934.9999999999998,0.0,0.0,0.0,0.0,0.0,0.0,0.0,0.0,0.0,60.9,20.69
2024-09-16,LATAM,Mexico,-,Non_Brand,L,63.019999999999996,0,63.019999999999996,0.0,1.0,0.0,0,Sep,2024,0.0,0.0,0.0,0.0,0.0,0.0,0.0,0.0,0.0,0.0,0.0,0.0,0.0,0.0,0.0,0.0,0.0,63.019999999999996,69.4,3.79
2024-09-17,LATAM,Mexico,-,Brand,L,1037.04,0,0.0,0.0,0.5,0.5,0,Sep,2024,0.0,0.0,0.0,0.0,0.0,0.0,0.0,0.0,1037.04,0.0,0.0,0.0,0.0,0.0,0.0,0.0,0.0,0.0,60.9,20.69
2024-09-17,LATAM,Mexico,-,Non_Brand,L,140.5,0,140.5,0.0,1.0,0.0,0,Sep,2024,0.0,0.0,0.0,0.0,0.0,0.0,0.0,0.0,0.0,0.0,0.0,0.0,0.0,0.0,0.0,0.0,0.0,140.5,69.4,3.79
2024-09-18,LATAM,Mexico,-,Brand,L,1346.48,0,0.0,0.0,0.5,0.5,1,Sep,2024,0.0,0.0,0.0,0.0,0.0,0.0,0.0,0.0,1346.48,0.0,0.0,0.0,0.0,0.0,0.0,0.0,0.0,0.0,60.9,20.69
2024-09-18,LATAM,Mexico,-,Non_Brand,L,142.44,0,142.44,0.0,1.0,0.0,1,Sep,2024,0.0,0.0,0.0,0.0,0.0,0.0,0.0,0.0,0.0,0.0,0.0,0.0,0.0,0.0,0.0,0.0,0.0,142.44,69.4,3.79
2024-09-19,LATAM,Mexico,-,Brand,L,1279.66,0,0.0,0.0,0.5,0.5,1,Sep,2024,0.0,0.0,0.0,0.0,0.0,0.0,0.0,0.0,1279.66,0.0,0.0,0.0,0.0,0.0,0.0,0.0,0.0,0.0,60.9,20.69
2024-09-19,LATAM,Mexico,-,Non_Brand,L,84.06,0,84.06,0.0,1.0,0.0,1,Sep,2024,0.0,0.0,0.0,0.0,0.0,0.0,0.0,0.0,0.0,0.0,0.0,0.0,0.0,0.0,0.0,0.0,0.0,84.06,69.4,3.79
2024-09-20,LATAM,Mexico,-,Brand,L,941.46,0,0.0,0.0,0.5,0.5,1,Sep,2024,0.0,0.0,0.0,0.0,0.0,0.0,0.0,0.0,941.46,0.0,0.0,0.0,0.0,0.0,0.0,0.0,0.0,0.0,60.9,20.69
2024-09-20,LATAM,Mexico,-,Non_Brand,L,45.5,0,45.5,0.0,1.0,0.0,1,Sep,2024,0.0,0.0,0.0,0.0,0.0,0.0,0.0,0.0,0.0,0.0,0.0,0.0,0.0,0.0,0.0,0.0,0.0,45.5,69.4,3.79
2024-09-21,LATAM,Mexico,-,Brand,L,201.62,0,0.0,0.0,0.5,0.5,1,Sep,2024,0.0,0.0,0.0,0.0,0.0,0.0,0.0,0.0,201.62,0.0,0.0,0.0,0.0,0.0,0.0,0.0,0.0,0.0,60.9,20.69
2024-09-21,LATAM,Mexico,-,Non_Brand,L,243.6621145374449,0,0.0,0.0,0.5,0.5,1,Sep,2024,0.0,0.0,0.0,0.0,0.0,0.0,0.0,0.0,0.0,0.0,0.0,0.0,0.0,0.0,0.0,0.0,0.0,243.6621145374449,69.4,3.79
2024-09-22,LATAM,Mexico,-,Brand,L,139.5,0,0.0,0.0,0.5,0.5,1,Sep,2024,0.0,0.0,0.0,0.0,0.0,0.0,0.0,0.0,139.5,0.0,0.0,0.0,0.0,0.0,0.0,0.0,0.0,0.0,60.9,20.69
2024-09-22,LATAM,Mexico,-,Non_Brand,L,243.6621145374449,0,0.0,0.0,0.5,0.5,1,Sep,2024,0.0,0.0,0.0,0.0,0.0,0.0,0.0,0.0,0.0,0.0,0.0,0.0,0.0,0.0,0.0,0.0,0.0,243.6621145374449,69.4,3.79
2024-09-23,LATAM,Mexico,-,Brand,L,1219.38,0,0.0,0.0,0.5,0.5,0,Sep,2024,0.0,0.0,0.0,0.0,0.0,0.0,0.0,0.0,1219.38,0.0,0.0,0.0,0.0,0.0,0.0,0.0,0.0,0.0,60.9,20.69
2024-09-23,LATAM,Mexico,-,Non_Brand,L,43.48,0,43.48,0.0,1.0,0.0,0,Sep,2024,0.0,0.0,0.0,0.0,0.0,0.0,0.0,0.0,0.0,0.0,0.0,0.0,0.0,0.0,0.0,0.0,0.0,43.48,69.4,3.79
2024-09-24,LATAM,Mexico,-,Brand,L,1420.96,0,0.0,0.0,0.5,0.5,0,Sep,2024,0.0,0.0,0.0,0.0,0.0,0.0,0.0,0.0,1420.96,0.0,0.0,0.0,0.0,0.0,0.0,0.0,0.0,0.0,60.9,20.69
2024-09-24,LATAM,Mexico,-,Non_Brand,L,2.9,0,2.9,0.0,1.0,0.0,0,Sep,2024,0.0,0.0,0.0,0.0,0.0,0.0,0.0,0.0,0.0,0.0,0.0,0.0,0.0,0.0,0.0,0.0,0.0,2.9,69.4,3.79
2024-09-25,LATAM,Mexico,-,Brand,L,1559.06,0,0.0,0.0,0.5,0.5,1,Sep,2024,0.0,0.0,0.0,0.0,0.0,0.0,0.0,0.0,1559.06,0.0,0.0,0.0,0.0,0.0,0.0,0.0,0.0,0.0,60.9,20.69
2024-09-25,LATAM,Mexico,-,Non_Brand,L,9.38,0,9.38,0.0,1.0,0.0,1,Sep,2024,0.0,0.0,0.0,0.0,0.0,0.0,0.0,0.0,0.0,0.0,0.0,0.0,0.0,0.0,0.0,0.0,0.0,9.38,69.4,3.79
2024-09-26,LATAM,Mexico,-,Brand,L,1032.1,0,0.0,0.0,0.5,0.5,1,Sep,2024,0.0,0.0,0.0,0.0,0.0,0.0,0.0,0.0,1032.1,0.0,0.0,0.0,0.0,0.0,0.0,0.0,0.0,0.0,60.9,20.69
2024-09-26,LATAM,Mexico,-,Non_Brand,L,1.04,0,1.04,0.0,1.0,0.0,1,Sep,2024,0.0,0.0,0.0,0.0,0.0,0.0,0.0,0.0,0.0,0.0,0.0,0.0,0.0,0.0,0.0,0.0,0.0,1.04,69.4,3.79
2024-09-27,LATAM,Mexico,-,Brand,L,670.92,0,0.0,0.0,0.5,0.5,1,Sep,2024,0.0,0.0,0.0,0.0,0.0,0.0,0.0,0.0,670.92,0.0,0.0,0.0,0.0,0.0,0.0,0.0,0.0,0.0,60.9,20.69
2024-09-27,LATAM,Mexico,-,Non_Brand,L,243.6621145374449,0,0.0,0.0,0.5,0.5,1,Sep,2024,0.0,0.0,0.0,0.0,0.0,0.0,0.0,0.0,0.0,0.0,0.0,0.0,0.0,0.0,0.0,0.0,0.0,243.6621145374449,69.4,3.79
2024-09-28,LATAM,Mexico,-,Brand,L,22.799999999999997,0,0.0,0.0,0.5,0.5,1,Sep,2024,0.0,0.0,0.0,0.0,0.0,0.0,0.0,0.0,22.799999999999997,0.0,0.0,0.0,0.0,0.0,0.0,0.0,0.0,0.0,60.9,20.69
2024-09-28,LATAM,Mexico,-,Non_Brand,L,243.6621145374449,0,0.0,0.0,0.5,0.5,1,Sep,2024,0.0,0.0,0.0,0.0,0.0,0.0,0.0,0.0,0.0,0.0,0.0,0.0,0.0,0.0,0.0,0.0,0.0,243.6621145374449,69.4,3.79
2024-09-29,LATAM,Mexico,-,Brand,L,97.56000000000002,0,0.0,0.0,0.5,0.5,1,Sep,2024,0.0,0.0,0.0,0.0,0.0,0.0,0.0,0.0,97.56000000000002,0.0,0.0,0.0,0.0,0.0,0.0,0.0,0.0,0.0,60.9,20.69
2024-09-29,LATAM,Mexico,-,Non_Brand,L,243.6621145374449,0,0.0,0.0,0.5,0.5,1,Sep,2024,0.0,0.0,0.0,0.0,0.0,0.0,0.0,0.0,0.0,0.0,0.0,0.0,0.0,0.0,0.0,0.0,0.0,243.6621145374449,69.4,3.79
2024-09-30,LATAM,Mexico,-,Brand,L,903.14,0,0.0,0.0,0.5,0.5,0,Sep,2024,0.0,0.0,0.0,0.0,0.0,0.0,0.0,0.0,903.14,0.0,0.0,0.0,0.0,0.0,0.0,0.0,0.0,0.0,60.9,20.69
2024-09-30,LATAM,Mexico,-,Non_Brand,L,13.54,0,13.54,0.0,1.0,0.0,0,Sep,2024,0.0,0.0,0.0,0.0,0.0,0.0,0.0,0.0,0.0,0.0,0.0,0.0,0.0,0.0,0.0,0.0,0.0,13.54,69.4,3.79
2024-10-01,LATAM,Mexico,-,Brand,L,1245.5799999999997,0,0.0,0.0,0.5,0.5,0,Oct,2024,0.0,0.0,0.0,0.0,0.0,0.0,0.0,1245.5799999999997,0.0,0.0,0.0,0.0,0.0,0.0,0.0,0.0,0.0,0.0,60.9,20.69
2024-10-01,LATAM,Mexico,-,Non_Brand,L,1.2,0,1.2,0.0,1.0,0.0,0,Oct,2024,0.0,0.0,0.0,0.0,0.0,0.0,0.0,0.0,0.0,0.0,0.0,0.0,0.0,0.0,0.0,0.0,1.2,0.0,69.4,3.79
2024-10-02,LATAM,Mexico,-,Brand,L,1158.04,0,0.0,0.0,0.5,0.5,1,Oct,2024,0.0,0.0,0.0,0.0,0.0,0.0,0.0,1158.04,0.0,0.0,0.0,0.0,0.0,0.0,0.0,0.0,0.0,0.0,60.9,20.69
2024-10-02,LATAM,Mexico,-,Non_Brand,L,1.48,0,1.48,0.0,1.0,0.0,1,Oct,2024,0.0,0.0,0.0,0.0,0.0,0.0,0.0,0.0,0.0,0.0,0.0,0.0,0.0,0.0,0.0,0.0,1.48,0.0,69.4,3.79
2024-10-03,LATAM,Mexico,-,Brand,L,900.34,0,0.0,0.0,0.5,0.5,1,Oct,2024,0.0,0.0,0.0,0.0,0.0,0.0,0.0,900.34,0.0,0.0,0.0,0.0,0.0,0.0,0.0,0.0,0.0,0.0,60.9,20.69
2024-10-03,LATAM,Mexico,-,Non_Brand,L,4.2,0,4.2,0.0,1.0,0.0,1,Oct,2024,0.0,0.0,0.0,0.0,0.0,0.0,0.0,0.0,0.0,0.0,0.0,0.0,0.0,0.0,0.0,0.0,4.2,0.0,69.4,3.79
2024-10-04,LATAM,Mexico,-,Brand,L,738.3399999999999,0,0.0,0.0,0.5,0.5,1,Oct,2024,0.0,0.0,0.0,0.0,0.0,0.0,0.0,738.3399999999999,0.0,0.0,0.0,0.0,0.0,0.0,0.0,0.0,0.0,0.0,60.9,20.69
2024-10-04,LATAM,Mexico,-,Non_Brand,L,5.36,0,5.36,0.0,1.0,0.0,1,Oct,2024,0.0,0.0,0.0,0.0,0.0,0.0,0.0,0.0,0.0,0.0,0.0,0.0,0.0,0.0,0.0,0.0,5.36,0.0,69.4,3.79
2024-10-05,LATAM,Mexico,-,Brand,L,133.92000000000002,0,0.0,0.0,0.5,0.5,1,Oct,2024,0.0,0.0,0.0,0.0,0.0,0.0,0.0,133.92000000000002,0.0,0.0,0.0,0.0,0.0,0.0,0.0,0.0,0.0,0.0,60.9,20.69
2024-10-05,LATAM,Mexico,-,Non_Brand,L,243.6621145374449,0,0.0,0.0,0.5,0.5,1,Oct,2024,0.0,0.0,0.0,0.0,0.0,0.0,0.0,0.0,0.0,0.0,0.0,0.0,0.0,0.0,0.0,0.0,243.6621145374449,0.0,69.4,3.79
2024-10-06,LATAM,Mexico,-,Brand,L,95.58,0,0.0,0.0,0.5,0.5,1,Oct,2024,0.0,0.0,0.0,0.0,0.0,0.0,0.0,95.58,0.0,0.0,0.0,0.0,0.0,0.0,0.0,0.0,0.0,0.0,60.9,20.69
2024-10-06,LATAM,Mexico,-,Non_Brand,L,243.6621145374449,0,0.0,0.0,0.5,0.5,1,Oct,2024,0.0,0.0,0.0,0.0,0.0,0.0,0.0,0.0,0.0,0.0,0.0,0.0,0.0,0.0,0.0,0.0,243.6621145374449,0.0,69.4,3.79
2024-10-07,LATAM,Mexico,-,Brand,L,933.3200000000002,0,0.0,0.0,0.5,0.5,0,Oct,2024,0.0,0.0,0.0,0.0,0.0,0.0,0.0,933.3200000000002,0.0,0.0,0.0,0.0,0.0,0.0,0.0,0.0,0.0,0.0,60.9,20.69
2024-10-07,LATAM,Mexico,-,Non_Brand,L,11.66,0,11.66,0.0,1.0,0.0,0,Oct,2024,0.0,0.0,0.0,0.0,0.0,0.0,0.0,0.0,0.0,0.0,0.0,0.0,0.0,0.0,0.0,0.0,11.66,0.0,69.4,3.79
2024-10-08,LATAM,Mexico,-,Brand,L,735.6800000000001,0,0.0,0.0,0.5,0.5,0,Oct,2024,0.0,0.0,0.0,0.0,0.0,0.0,0.0,735.6800000000001,0.0,0.0,0.0,0.0,0.0,0.0,0.0,0.0,0.0,0.0,60.9,20.69
2024-10-08,LATAM,Mexico,-,Non_Brand,L,7.4,0,7.4,0.0,1.0,0.0,0,Oct,2024,0.0,0.0,0.0,0.0,0.0,0.0,0.0,0.0,0.0,0.0,0.0,0.0,0.0,0.0,0.0,0.0,7.4,0.0,69.4,3.79
2024-10-09,LATAM,Mexico,-,Brand,L,752.1799999999998,0,0.0,0.0,0.5,0.5,1,Oct,2024,0.0,0.0,0.0,0.0,0.0,0.0,0.0,752.1799999999998,0.0,0.0,0.0,0.0,0.0,0.0,0.0,0.0,0.0,0.0,60.9,20.69
2024-10-09,LATAM,Mexico,-,Non_Brand,L,1.58,0,1.58,0.0,1.0,0.0,1,Oct,2024,0.0,0.0,0.0,0.0,0.0,0.0,0.0,0.0,0.0,0.0,0.0,0.0,0.0,0.0,0.0,0.0,1.58,0.0,69.4,3.79
2024-10-10,LATAM,Mexico,-,Brand,L,923.7600000000002,0,0.0,0.0,0.5,0.5,1,Oct,2024,0.0,0.0,0.0,0.0,0.0,0.0,0.0,923.7600000000002,0.0,0.0,0.0,0.0,0.0,0.0,0.0,0.0,0.0,0.0,60.9,20.69
2024-10-10,LATAM,Mexico,-,Non_Brand,L,243.6621145374449,0,0.0,0.0,0.5,0.5,1,Oct,2024,0.0,0.0,0.0,0.0,0.0,0.0,0.0,0.0,0.0,0.0,0.0,0.0,0.0,0.0,0.0,0.0,243.6621145374449,0.0,69.4,3.79
2024-10-11,LATAM,Mexico,-,Brand,L,770.78,0,0.0,0.0,0.5,0.5,1,Oct,2024,0.0,0.0,0.0,0.0,0.0,0.0,0.0,770.78,0.0,0.0,0.0,0.0,0.0,0.0,0.0,0.0,0.0,0.0,60.9,20.69
2024-10-11,LATAM,Mexico,-,Non_Brand,L,243.6621145374449,0,0.0,0.0,0.5,0.5,1,Oct,2024,0.0,0.0,0.0,0.0,0.0,0.0,0.0,0.0,0.0,0.0,0.0,0.0,0.0,0.0,0.0,0.0,243.6621145374449,0.0,69.4,3.79
2024-10-12,LATAM,Mexico,-,Brand,L,141.51999999999998,0,0.0,0.0,0.5,0.5,1,Oct,2024,0.0,0.0,0.0,0.0,0.0,0.0,0.0,141.51999999999998,0.0,0.0,0.0,0.0,0.0,0.0,0.0,0.0,0.0,0.0,60.9,20.69
2024-10-12,LATAM,Mexico,-,Non_Brand,L,243.6621145374449,0,0.0,0.0,0.5,0.5,1,Oct,2024,0.0,0.0,0.0,0.0,0.0,0.0,0.0,0.0,0.0,0.0,0.0,0.0,0.0,0.0,0.0,0.0,243.6621145374449,0.0,69.4,3.79
2024-10-13,LATAM,Mexico,-,Brand,L,76.72,0,0.0,0.0,0.5,0.5,1,Oct,2024,0.0,0.0,0.0,0.0,0.0,0.0,0.0,76.72,0.0,0.0,0.0,0.0,0.0,0.0,0.0,0.0,0.0,0.0,60.9,20.69
2024-10-13,LATAM,Mexico,-,Non_Brand,L,243.6621145374449,0,0.0,0.0,0.5,0.5,1,Oct,2024,0.0,0.0,0.0,0.0,0.0,0.0,0.0,0.0,0.0,0.0,0.0,0.0,0.0,0.0,0.0,0.0,243.6621145374449,0.0,69.4,3.79
2024-10-14,LATAM,Mexico,-,Brand,L,879.6199999999999,0,0.0,0.0,0.5,0.5,0,Oct,2024,0.0,0.0,0.0,0.0,0.0,0.0,0.0,879.6199999999999,0.0,0.0,0.0,0.0,0.0,0.0,0.0,0.0,0.0,0.0,60.9,20.69
2024-10-14,LATAM,Mexico,-,Non_Brand,L,1.06,0,1.06,0.0,1.0,0.0,0,Oct,2024,0.0,0.0,0.0,0.0,0.0,0.0,0.0,0.0,0.0,0.0,0.0,0.0,0.0,0.0,0.0,0.0,1.06,0.0,69.4,3.79
2024-10-15,LATAM,Mexico,-,Brand,L,892.4999999999999,0,0.0,0.0,0.5,0.5,0,Oct,2024,0.0,0.0,0.0,0.0,0.0,0.0,0.0,892.4999999999999,0.0,0.0,0.0,0.0,0.0,0.0,0.0,0.0,0.0,0.0,60.9,20.69
2024-10-15,LATAM,Mexico,-,Non_Brand,L,243.6621145374449,0,0.0,0.0,0.5,0.5,0,Oct,2024,0.0,0.0,0.0,0.0,0.0,0.0,0.0,0.0,0.0,0.0,0.0,0.0,0.0,0.0,0.0,0.0,243.6621145374449,0.0,69.4,3.79
2024-10-16,LATAM,Mexico,-,Brand,L,1039.32,0,0.0,0.0,0.5,0.5,1,Oct,2024,0.0,0.0,0.0,0.0,0.0,0.0,0.0,1039.32,0.0,0.0,0.0,0.0,0.0,0.0,0.0,0.0,0.0,0.0,60.9,20.69
2024-10-16,LATAM,Mexico,-,Non_Brand,L,6.28,0,6.28,0.0,1.0,0.0,1,Oct,2024,0.0,0.0,0.0,0.0,0.0,0.0,0.0,0.0,0.0,0.0,0.0,0.0,0.0,0.0,0.0,0.0,6.28,0.0,69.4,3.79
2024-10-17,LATAM,Mexico,-,Brand,L,851.46,0,0.0,0.0,0.5,0.5,1,Oct,2024,0.0,0.0,0.0,0.0,0.0,0.0,0.0,851.46,0.0,0.0,0.0,0.0,0.0,0.0,0.0,0.0,0.0,0.0,60.9,20.69
2024-10-17,LATAM,Mexico,-,Non_Brand,L,5.32,0,5.32,0.0,1.0,0.0,1,Oct,2024,0.0,0.0,0.0,0.0,0.0,0.0,0.0,0.0,0.0,0.0,0.0,0.0,0.0,0.0,0.0,0.0,5.32,0.0,69.4,3.79
2024-10-18,LATAM,Mexico,-,Brand,L,693.6400000000001,0,0.0,0.0,0.5,0.5,1,Oct,2024,0.0,0.0,0.0,0.0,0.0,0.0,0.0,693.6400000000001,0.0,0.0,0.0,0.0,0.0,0.0,0.0,0.0,0.0,0.0,60.9,20.69
2024-10-18,LATAM,Mexico,-,Non_Brand,L,243.6621145374449,0,0.0,0.0,0.5,0.5,1,Oct,2024,0.0,0.0,0.0,0.0,0.0,0.0,0.0,0.0,0.0,0.0,0.0,0.0,0.0,0.0,0.0,0.0,243.6621145374449,0.0,69.4,3.79
2024-10-19,LATAM,Mexico,-,Brand,L,134.88,0,0.0,0.0,0.5,0.5,1,Oct,2024,0.0,0.0,0.0,0.0,0.0,0.0,0.0,134.88,0.0,0.0,0.0,0.0,0.0,0.0,0.0,0.0,0.0,0.0,60.9,20.69
2024-10-19,LATAM,Mexico,-,Non_Brand,L,243.6621145374449,0,0.0,0.0,0.5,0.5,1,Oct,2024,0.0,0.0,0.0,0.0,0.0,0.0,0.0,0.0,0.0,0.0,0.0,0.0,0.0,0.0,0.0,0.0,243.6621145374449,0.0,69.4,3.79
2024-10-20,LATAM,Mexico,-,Brand,L,85.58,0,0.0,0.0,0.5,0.5,1,Oct,2024,0.0,0.0,0.0,0.0,0.0,0.0,0.0,85.58,0.0,0.0,0.0,0.0,0.0,0.0,0.0,0.0,0.0,0.0,60.9,20.69
2024-10-20,LATAM,Mexico,-,Non_Brand,L,243.6621145374449,0,0.0,0.0,0.5,0.5,1,Oct,2024,0.0,0.0,0.0,0.0,0.0,0.0,0.0,0.0,0.0,0.0,0.0,0.0,0.0,0.0,0.0,0.0,243.6621145374449,0.0,69.4,3.79
2024-10-21,LATAM,Mexico,-,Brand,L,786.98,0,0.0,0.0,0.5,0.5,0,Oct,2024,0.0,0.0,0.0,0.0,0.0,0.0,0.0,786.98,0.0,0.0,0.0,0.0,0.0,0.0,0.0,0.0,0.0,0.0,60.9,20.69
2024-10-21,LATAM,Mexico,-,Non_Brand,L,0.6,0,0.6,0.0,1.0,0.0,0,Oct,2024,0.0,0.0,0.0,0.0,0.0,0.0,0.0,0.0,0.0,0.0,0.0,0.0,0.0,0.0,0.0,0.0,0.6,0.0,69.4,3.79
2024-10-22,LATAM,Mexico,-,Brand,L,1002.7599999999999,0,0.0,0.0,0.5,0.5,0,Oct,2024,0.0,0.0,0.0,0.0,0.0,0.0,0.0,1002.7599999999999,0.0,0.0,0.0,0.0,0.0,0.0,0.0,0.0,0.0,0.0,60.9,20.69
2024-10-22,LATAM,Mexico,-,Non_Brand,L,1.0,0,1.0,0.0,1.0,0.0,0,Oct,2024,0.0,0.0,0.0,0.0,0.0,0.0,0.0,0.0,0.0,0.0,0.0,0.0,0.0,0.0,0.0,0.0,1.0,0.0,69.4,3.79
2024-10-23,LATAM,Mexico,-,Brand,L,1103.18,0,0.0,0.0,0.5,0.5,1,Oct,2024,0.0,0.0,0.0,0.0,0.0,0.0,0.0,1103.18,0.0,0.0,0.0,0.0,0.0,0.0,0.0,0.0,0.0,0.0,60.9,20.69
2024-10-23,LATAM,Mexico,-,Non_Brand,L,11.5,0,11.5,0.0,1.0,0.0,1,Oct,2024,0.0,0.0,0.0,0.0,0.0,0.0,0.0,0.0,0.0,0.0,0.0,0.0,0.0,0.0,0.0,0.0,11.5,0.0,69.4,3.79
2024-10-24,LATAM,Mexico,-,Brand,L,1236.1,0,0.0,0.0,0.5,0.5,1,Oct,2024,0.0,0.0,0.0,0.0,0.0,0.0,0.0,1236.1,0.0,0.0,0.0,0.0,0.0,0.0,0.0,0.0,0.0,0.0,60.9,20.69
2024-10-24,LATAM,Mexico,-,Non_Brand,L,2.68,0,2.68,0.0,1.0,0.0,1,Oct,2024,0.0,0.0,0.0,0.0,0.0,0.0,0.0,0.0,0.0,0.0,0.0,0.0,0.0,0.0,0.0,0.0,2.68,0.0,69.4,3.79
2024-10-25,LATAM,Mexico,-,Brand,L,1048.2800000000002,0,0.0,0.0,0.5,0.5,1,Oct,2024,0.0,0.0,0.0,0.0,0.0,0.0,0.0,1048.2800000000002,0.0,0.0,0.0,0.0,0.0,0.0,0.0,0.0,0.0,0.0,60.9,20.69
2024-10-25,LATAM,Mexico,-,Non_Brand,L,21.98,0,19.78,2.2,0.899909008189263,0.100090991810737,1,Oct,2024,0.0,0.0,0.0,0.0,0.0,0.0,0.0,0.0,0.0,0.0,0.0,0.0,0.0,0.0,0.0,0.0,21.98,0.0,69.4,3.79
2024-10-26,LATAM,Mexico,-,Brand,L,236.3,0,0.0,0.0,0.5,0.5,1,Oct,2024,0.0,0.0,0.0,0.0,0.0,0.0,0.0,236.3,0.0,0.0,0.0,0.0,0.0,0.0,0.0,0.0,0.0,0.0,60.9,20.69
2024-10-26,LATAM,Mexico,-,Non_Brand,L,4.1,0,4.1,0.0,1.0,0.0,1,Oct,2024,0.0,0.0,0.0,0.0,0.0,0.0,0.0,0.0,0.0,0.0,0.0,0.0,0.0,0.0,0.0,0.0,4.1,0.0,69.4,3.79
2024-10-27,LATAM,Mexico,-,Brand,L,157.54000000000002,0,0.0,0.0,0.5,0.5,1,Oct,2024,0.0,0.0,0.0,0.0,0.0,0.0,0.0,157.54000000000002,0.0,0.0,0.0,0.0,0.0,0.0,0.0,0.0,0.0,0.0,60.9,20.69
2024-10-27,LATAM,Mexico,-,Non_Brand,L,6.58,0,6.54,0.04,0.99,0.010000000000000009,1,Oct,2024,0.0,0.0,0.0,0.0,0.0,0.0,0.0,0.0,0.0,0.0,0.0,0.0,0.0,0.0,0.0,0.0,6.58,0.0,69.4,3.79
2024-10-28,LATAM,Mexico,-,Brand,L,1344.1799999999998,0,0.0,0.0,0.5,0.5,0,Oct,2024,0.0,0.0,0.0,0.0,0.0,0.0,0.0,1344.1799999999998,0.0,0.0,0.0,0.0,0.0,0.0,0.0,0.0,0.0,0.0,60.9,20.69
2024-10-28,LATAM,Mexico,-,Non_Brand,L,40.279999999999994,0,37.959999999999994,2.32,0.94240317775571,0.05759682224428997,0,Oct,2024,0.0,0.0,0.0,0.0,0.0,0.0,0.0,0.0,0.0,0.0,0.0,0.0,0.0,0.0,0.0,0.0,40.279999999999994,0.0,69.4,3.79
2024-10-29,LATAM,Mexico,-,Brand,L,1210.7799999999997,0,0.0,0.0,0.5,0.5,0,Oct,2024,0.0,0.0,0.0,0.0,0.0,0.0,0.0,1210.7799999999997,0.0,0.0,0.0,0.0,0.0,0.0,0.0,0.0,0.0,0.0,60.9,20.69
2024-10-29,LATAM,Mexico,-,Non_Brand,L,43.480000000000004,0,41.82,1.66,0.9618215271389146,0.038178472861085444,0,Oct,2024,0.0,0.0,0.0,0.0,0.0,0.0,0.0,0.0,0.0,0.0,0.0,0.0,0.0,0.0,0.0,0.0,43.480000000000004,0.0,69.4,3.79
2024-10-30,LATAM,Mexico,-,Brand,L,1280.3,0,0.0,0.0,0.5,0.5,1,Oct,2024,0.0,0.0,0.0,0.0,0.0,0.0,0.0,1280.3,0.0,0.0,0.0,0.0,0.0,0.0,0.0,0.0,0.0,0.0,60.9,20.69
2024-10-30,LATAM,Mexico,-,Non_Brand,L,55.900000000000006,0,55.900000000000006,0.0,1.0,0.0,1,Oct,2024,0.0,0.0,0.0,0.0,0.0,0.0,0.0,0.0,0.0,0.0,0.0,0.0,0.0,0.0,0.0,0.0,55.900000000000006,0.0,69.4,3.79
2024-10-31,LATAM,Mexico,-,Brand,L,617.94,0,0.0,0.0,0.5,0.5,1,Oct,2024,0.0,0.0,0.0,0.0,0.0,0.0,0.0,617.94,0.0,0.0,0.0,0.0,0.0,0.0,0.0,0.0,0.0,0.0,60.9,20.69
2024-10-31,LATAM,Mexico,-,Non_Brand,L,70.0,0,70.0,0.0,1.0,0.0,1,Oct,2024,0.0,0.0,0.0,0.0,0.0,0.0,0.0,0.0,0.0,0.0,0.0,0.0,0.0,0.0,0.0,0.0,70.0,0.0,69.4,3.79
2024-11-01,LATAM,Mexico,-,Brand,L,752.0,0,0.0,0.0,0.5,0.5,1,Nov,2024,0.0,0.0,0.0,0.0,0.0,0.0,752.0,0.0,0.0,0.0,0.0,0.0,0.0,0.0,0.0,0.0,0.0,0.0,60.9,20.69
2024-11-01,LATAM,Mexico,-,Non_Brand,L,24.82,0,24.82,0.0,1.0,0.0,1,Nov,2024,0.0,0.0,0.0,0.0,0.0,0.0,0.0,0.0,0.0,0.0,0.0,0.0,0.0,0.0,0.0,24.82,0.0,0.0,69.4,3.79
2024-11-02,LATAM,Mexico,-,Brand,L,187.57999999999998,0,0.0,0.0,0.5,0.5,1,Nov,2024,0.0,0.0,0.0,0.0,0.0,0.0,187.57999999999998,0.0,0.0,0.0,0.0,0.0,0.0,0.0,0.0,0.0,0.0,0.0,60.9,20.69
2024-11-02,LATAM,Mexico,-,Non_Brand,L,9.84,0,9.84,0.0,1.0,0.0,1,Nov,2024,0.0,0.0,0.0,0.0,0.0,0.0,0.0,0.0,0.0,0.0,0.0,0.0,0.0,0.0,0.0,9.84,0.0,0.0,69.4,3.79
2024-11-03,LATAM,Mexico,-,Brand,L,152.35999999999999,0,0.0,0.0,0.5,0.5,1,Nov,2024,0.0,0.0,0.0,0.0,0.0,0.0,152.35999999999999,0.0,0.0,0.0,0.0,0.0,0.0,0.0,0.0,0.0,0.0,0.0,60.9,20.69
2024-11-03,LATAM,Mexico,-,Non_Brand,L,15.68,0,15.68,0.0,1.0,0.0,1,Nov,2024,0.0,0.0,0.0,0.0,0.0,0.0,0.0,0.0,0.0,0.0,0.0,0.0,0.0,0.0,0.0,15.68,0.0,0.0,69.4,3.79
2024-11-04,LATAM,Mexico,-,Brand,L,1093.3200000000002,0,0.0,0.0,0.5,0.5,0,Nov,2024,0.0,0.0,0.0,0.0,0.0,0.0,1093.3200000000002,0.0,0.0,0.0,0.0,0.0,0.0,0.0,0.0,0.0,0.0,0.0,60.9,20.69
2024-11-04,LATAM,Mexico,-,Non_Brand,L,170.22,0,170.22,0.0,1.0,0.0,0,Nov,2024,0.0,0.0,0.0,0.0,0.0,0.0,0.0,0.0,0.0,0.0,0.0,0.0,0.0,0.0,0.0,170.22,0.0,0.0,69.4,3.79
2024-11-05,LATAM,Mexico,-,Brand,L,876.6199999999999,0,0.0,0.0,0.5,0.5,0,Nov,2024,0.0,0.0,0.0,0.0,0.0,0.0,876.6199999999999,0.0,0.0,0.0,0.0,0.0,0.0,0.0,0.0,0.0,0.0,0.0,60.9,20.69
2024-11-05,LATAM,Mexico,-,Non_Brand,L,218.38,0,218.33999999999997,0.04,0.999816833043319,0.00018316695668096905,0,Nov,2024,0.0,0.0,0.0,0.0,0.0,0.0,0.0,0.0,0.0,0.0,0.0,0.0,0.0,0.0,0.0,218.38,0.0,0.0,69.4,3.79
2024-11-06,LATAM,Mexico,-,Brand,L,993.68,0,0.0,0.0,0.5,0.5,1,Nov,2024,0.0,0.0,0.0,0.0,0.0,0.0,993.68,0.0,0.0,0.0,0.0,0.0,0.0,0.0,0.0,0.0,0.0,0.0,60.9,20.69
2024-11-06,LATAM,Mexico,-,Non_Brand,L,230.4,0,226.46,3.94,0.9828993055555556,0.017100694444444398,1,Nov,2024,0.0,0.0,0.0,0.0,0.0,0.0,0.0,0.0,0.0,0.0,0.0,0.0,0.0,0.0,0.0,230.4,0.0,0.0,69.4,3.79
2024-11-07,LATAM,Mexico,-,Brand,L,821.8799999999999,0,0.0,0.0,0.5,0.5,1,Nov,2024,0.0,0.0,0.0,0.0,0.0,0.0,821.8799999999999,0.0,0.0,0.0,0.0,0.0,0.0,0.0,0.0,0.0,0.0,0.0,60.9,20.69
2024-11-07,LATAM,Mexico,-,Non_Brand,L,218.5,0,218.45999999999998,0.04,0.9998169336384439,0.00018306636155607237,1,Nov,2024,0.0,0.0,0.0,0.0,0.0,0.0,0.0,0.0,0.0,0.0,0.0,0.0,0.0,0.0,0.0,218.5,0.0,0.0,69.4,3.79
2024-11-08,LATAM,Mexico,-,Brand,L,735.4800000000001,0,0.0,0.0,0.5,0.5,1,Nov,2024,0.0,0.0,0.0,0.0,0.0,0.0,735.4800000000001,0.0,0.0,0.0,0.0,0.0,0.0,0.0,0.0,0.0,0.0,0.0,60.9,20.69
2024-11-08,LATAM,Mexico,-,Non_Brand,L,156.72,0,156.64,0.08,1.0,0.0,1,Nov,2024,0.0,0.0,0.0,0.0,0.0,0.0,0.0,0.0,0.0,0.0,0.0,0.0,0.0,0.0,0.0,156.72,0.0,0.0,69.4,3.79
2024-11-09,LATAM,Mexico,-,Brand,L,149.46,0,0.0,0.0,0.5,0.5,1,Nov,2024,0.0,0.0,0.0,0.0,0.0,0.0,149.46,0.0,0.0,0.0,0.0,0.0,0.0,0.0,0.0,0.0,0.0,0.0,60.9,20.69
2024-11-09,LATAM,Mexico,-,Non_Brand,L,76.04,0,71.32000000000001,4.72,0.9379274066280905,0.06207259337190951,1,Nov,2024,0.0,0.0,0.0,0.0,0.0,0.0,0.0,0.0,0.0,0.0,0.0,0.0,0.0,0.0,0.0,76.04,0.0,0.0,69.4,3.79
2024-11-10,LATAM,Mexico,-,Brand,L,108.22,0,0.0,0.0,0.5,0.5,1,Nov,2024,0.0,0.0,0.0,0.0,0.0,0.0,108.22,0.0,0.0,0.0,0.0,0.0,0.0,0.0,0.0,0.0,0.0,0.0,60.9,20.69
2024-11-10,LATAM,Mexico,-,Non_Brand,L,59.300000000000004,0,57.02,2.28,0.96,0.040000000000000036,1,Nov,2024,0.0,0.0,0.0,0.0,0.0,0.0,0.0,0.0,0.0,0.0,0.0,0.0,0.0,0.0,0.0,59.300000000000004,0.0,0.0,69.4,3.79
2024-11-11,LATAM,Mexico,-,Brand,L,794.72,0,0.0,0.0,0.5,0.5,0,Nov,2024,0.0,0.0,0.0,0.0,0.0,0.0,794.72,0.0,0.0,0.0,0.0,0.0,0.0,0.0,0.0,0.0,0.0,0.0,60.9,20.69
2024-11-11,LATAM,Mexico,-,Non_Brand,L,284.42,0,280.66,3.76,0.9867801139160397,0.013219886083960297,0,Nov,2024,0.0,0.0,0.0,0.0,0.0,0.0,0.0,0.0,0.0,0.0,0.0,0.0,0.0,0.0,0.0,284.42,0.0,0.0,69.4,3.79
2024-11-12,LATAM,Mexico,-,Brand,L,989.44,0,0.0,0.0,0.5,0.5,0,Nov,2024,0.0,0.0,0.0,0.0,0.0,0.0,989.44,0.0,0.0,0.0,0.0,0.0,0.0,0.0,0.0,0.0,0.0,0.0,60.9,20.69
2024-11-12,LATAM,Mexico,-,Non_Brand,L,411.46000000000004,0,408.68,2.78,0.9932435716716085,0.006756428328391517,0,Nov,2024,0.0,0.0,0.0,0.0,0.0,0.0,0.0,0.0,0.0,0.0,0.0,0.0,0.0,0.0,0.0,411.46000000000004,0.0,0.0,69.4,3.79
2024-11-13,LATAM,Mexico,-,Brand,L,860.58,0,0.0,0.0,0.5,0.5,1,Nov,2024,0.0,0.0,0.0,0.0,0.0,0.0,860.58,0.0,0.0,0.0,0.0,0.0,0.0,0.0,0.0,0.0,0.0,0.0,60.9,20.69
2024-11-13,LATAM,Mexico,-,Non_Brand,L,568.0200000000001,0,567.4000000000001,0.62,1.0,0.0,1,Nov,2024,0.0,0.0,0.0,0.0,0.0,0.0,0.0,0.0,0.0,0.0,0.0,0.0,0.0,0.0,0.0,568.0200000000001,0.0,0.0,69.4,3.79
2024-11-14,LATAM,Mexico,-,Brand,L,786.76,0,0.0,0.0,0.5,0.5,1,Nov,2024,0.0,0.0,0.0,0.0,0.0,0.0,786.76,0.0,0.0,0.0,0.0,0.0,0.0,0.0,0.0,0.0,0.0,0.0,60.9,20.69
2024-11-14,LATAM,Mexico,-,Non_Brand,L,317.02,0,313.84,3.18,0.9899690871238408,0.010030912876159204,1,Nov,2024,0.0,0.0,0.0,0.0,0.0,0.0,0.0,0.0,0.0,0.0,0.0,0.0,0.0,0.0,0.0,317.02,0.0,0.0,69.4,3.79
2024-11-15,LATAM,Mexico,-,Brand,L,931.4000000000001,0,0.0,0.0,0.5,0.5,1,Nov,2024,0.0,0.0,0.0,0.0,0.0,0.0,931.4000000000001,0.0,0.0,0.0,0.0,0.0,0.0,0.0,0.0,0.0,0.0,0.0,60.9,20.69
2024-11-15,LATAM,Mexico,-,Non_Brand,L,233.28,0,228.68,4.6,0.980281207133059,0.019718792866941004,1,Nov,2024,0.0,0.0,0.0,0.0,0.0,0.0,0.0,0.0,0.0,0.0,0.0,0.0,0.0,0.0,0.0,233.28,0.0,0.0,69.4,3.79
2024-11-16,LATAM,Mexico,-,Brand,L,221.32000000000002,0,0.0,0.0,0.5,0.5,1,Nov,2024,0.0,0.0,0.0,0.0,0.0,0.0,221.32000000000002,0.0,0.0,0.0,0.0,0.0,0.0,0.0,0.0,0.0,0.0,0.0,60.9,20.69
2024-11-16,LATAM,Mexico,-,Non_Brand,L,128.04,0,127.67999999999999,0.36,0.9971883786316776,0.002811621368322359,1,Nov,2024,0.0,0.0,0.0,0.0,0.0,0.0,0.0,0.0,0.0,0.0,0.0,0.0,0.0,0.0,0.0,128.04,0.0,0.0,69.4,3.79
2024-11-17,LATAM,Mexico,-,Brand,L,192.12,0,0.0,0.0,0.5,0.5,1,Nov,2024,0.0,0.0,0.0,0.0,0.0,0.0,192.12,0.0,0.0,0.0,0.0,0.0,0.0,0.0,0.0,0.0,0.0,0.0,60.9,20.69
2024-11-17,LATAM,Mexico,-,Non_Brand,L,106.08000000000001,0,106.08000000000001,0.0,1.0,0.0,1,Nov,2024,0.0,0.0,0.0,0.0,0.0,0.0,0.0,0.0,0.0,0.0,0.0,0.0,0.0,0.0,0.0,106.08000000000001,0.0,0.0,69.4,3.79
2024-11-18,LATAM,Mexico,-,Brand,L,636.5,0,0.0,0.0,0.5,0.5,0,Nov,2024,0.0,0.0,0.0,0.0,0.0,0.0,636.5,0.0,0.0,0.0,0.0,0.0,0.0,0.0,0.0,0.0,0.0,0.0,60.9,20.69
2024-11-18,LATAM,Mexico,-,Non_Brand,L,668.72,0,666.5799999999999,2.14,0.9967998564421582,0.003200143557841817,0,Nov,2024,0.0,0.0,0.0,0.0,0.0,0.0,0.0,0.0,0.0,0.0,0.0,0.0,0.0,0.0,0.0,668.72,0.0,0.0,69.4,3.79
2024-11-19,LATAM,Mexico,-,Brand,L,1438.6399999999999,0,0.0,0.0,0.5,0.5,0,Nov,2024,0.0,0.0,0.0,0.0,0.0,0.0,1438.6399999999999,0.0,0.0,0.0,0.0,0.0,0.0,0.0,0.0,0.0,0.0,0.0,60.9,20.69
2024-11-19,LATAM,Mexico,-,Non_Brand,L,570.9000000000001,0,567.9000000000001,3.0,0.9947451392538098,0.005254860746190193,0,Nov,2024,0.0,0.0,0.0,0.0,0.0,0.0,0.0,0.0,0.0,0.0,0.0,0.0,0.0,0.0,0.0,570.9000000000001,0.0,0.0,69.4,3.79
2024-11-20,LATAM,Mexico,-,Brand,L,1334.3000000000002,0,0.0,0.0,0.5,0.5,1,Nov,2024,0.0,0.0,0.0,0.0,0.0,0.0,1334.3000000000002,0.0,0.0,0.0,0.0,0.0,0.0,0.0,0.0,0.0,0.0,0.0,60.9,20.69
2024-11-20,LATAM,Mexico,-,Non_Brand,L,560.4,0,559.88,0.52,0.999072091363312,0.0009279086366880129,1,Nov,2024,0.0,0.0,0.0,0.0,0.0,0.0,0.0,0.0,0.0,0.0,0.0,0.0,0.0,0.0,0.0,560.4,0.0,0.0,69.4,3.79
2024-11-21,LATAM,Mexico,-,Brand,L,1185.3000000000002,0,0.0,0.0,0.5,0.5,1,Nov,2024,0.0,0.0,0.0,0.0,0.0,0.0,1185.3000000000002,0.0,0.0,0.0,0.0,0.0,0.0,0.0,0.0,0.0,0.0,0.0,60.9,20.69
2024-11-21,LATAM,Mexico,-,Non_Brand,L,396.16,0,395.4,0.76,0.9980815831987077,0.0019184168012923442,1,Nov,2024,0.0,0.0,0.0,0.0,0.0,0.0,0.0,0.0,0.0,0.0,0.0,0.0,0.0,0.0,0.0,396.16,0.0,0.0,69.4,3.79
2024-11-22,LATAM,Mexico,-,Brand,L,1049.94,0,0.0,0.0,0.5,0.5,1,Nov,2024,0.0,0.0,0.0,0.0,0.0,0.0,1049.94,0.0,0.0,0.0,0.0,0.0,0.0,0.0,0.0,0.0,0.0,0.0,60.9,20.69
2024-11-22,LATAM,Mexico,-,Non_Brand,L,367.38,0,365.46,1.92,0.9947738036910011,0.005226196308998898,1,Nov,2024,0.0,0.0,0.0,0.0,0.0,0.0,0.0,0.0,0.0,0.0,0.0,0.0,0.0,0.0,0.0,367.38,0.0,0.0,69.4,3.79
2024-11-23,LATAM,Mexico,-,Brand,L,359.9200000000001,0,0.0,0.0,0.5,0.5,1,Nov,2024,0.0,0.0,0.0,0.0,0.0,0.0,359.9200000000001,0.0,0.0,0.0,0.0,0.0,0.0,0.0,0.0,0.0,0.0,0.0,60.9,20.69
2024-11-23,LATAM,Mexico,-,Non_Brand,L,191.78,0,190.1,1.68,0.99,0.010000000000000009,1,Nov,2024,0.0,0.0,0.0,0.0,0.0,0.0,0.0,0.0,0.0,0.0,0.0,0.0,0.0,0.0,0.0,191.78,0.0,0.0,69.4,3.79
2024-11-24,LATAM,Mexico,-,Brand,L,258.61999999999995,0,0.0,0.0,0.5,0.5,1,Nov,2024,0.0,0.0,0.0,0.0,0.0,0.0,258.61999999999995,0.0,0.0,0.0,0.0,0.0,0.0,0.0,0.0,0.0,0.0,0.0,60.9,20.69
2024-11-24,LATAM,Mexico,-,Non_Brand,L,191.0,0,191.0,0.0,1.0,0.0,1,Nov,2024,0.0,0.0,0.0,0.0,0.0,0.0,0.0,0.0,0.0,0.0,0.0,0.0,0.0,0.0,0.0,191.0,0.0,0.0,69.4,3.79
2024-11-25,LATAM,Mexico,-,Brand,L,1605.6799999999998,0,0.0,0.0,0.5,0.5,0,Nov,2024,0.0,0.0,0.0,0.0,0.0,0.0,1605.6799999999998,0.0,0.0,0.0,0.0,0.0,0.0,0.0,0.0,0.0,0.0,0.0,60.9,20.69
2024-11-25,LATAM,Mexico,-,Non_Brand,L,687.02,0,683.66,3.36,0.9951093126837647,0.00489068731623532,0,Nov,2024,0.0,0.0,0.0,0.0,0.0,0.0,0.0,0.0,0.0,0.0,0.0,0.0,0.0,0.0,0.0,687.02,0.0,0.0,69.4,3.79
2024-11-26,LATAM,Mexico,-,Brand,L,1490.4,0,0.0,0.0,0.5,0.5,0,Nov,2024,0.0,0.0,0.0,0.0,0.0,0.0,1490.4,0.0,0.0,0.0,0.0,0.0,0.0,0.0,0.0,0.0,0.0,0.0,60.9,20.69
2024-11-26,LATAM,Mexico,-,Non_Brand,L,501.36,0,495.53999999999996,5.819999999999999,0.9883915749162279,0.011608425083772134,0,Nov,2024,0.0,0.0,0.0,0.0,0.0,0.0,0.0,0.0,0.0,0.0,0.0,0.0,0.0,0.0,0.0,501.36,0.0,0.0,69.4,3.79
2024-11-27,LATAM,Mexico,-,Brand,L,1880.06,0,0.0,0.0,0.5,0.5,1,Nov,2024,0.0,0.0,0.0,0.0,0.0,0.0,1880.06,0.0,0.0,0.0,0.0,0.0,0.0,0.0,0.0,0.0,0.0,0.0,60.9,20.69
2024-11-27,LATAM,Mexico,-,Non_Brand,L,498.94,0,494.17999999999995,4.76,0.9904597747224115,0.009540225277588466,1,Nov,2024,0.0,0.0,0.0,0.0,0.0,0.0,0.0,0.0,0.0,0.0,0.0,0.0,0.0,0.0,0.0,498.94,0.0,0.0,69.4,3.79
2024-11-28,LATAM,Mexico,-,Brand,L,1896.5600000000002,0,0.0,0.0,0.5,0.5,1,Nov,2024,0.0,0.0,0.0,0.0,0.0,0.0,1896.5600000000002,0.0,0.0,0.0,0.0,0.0,0.0,0.0,0.0,0.0,0.0,0.0,60.9,20.69
2024-11-28,LATAM,Mexico,-,Non_Brand,L,528.82,0,522.5600000000001,6.26,0.9881623236640067,0.011837676335993308,1,Nov,2024,0.0,0.0,0.0,0.0,0.0,0.0,0.0,0.0,0.0,0.0,0.0,0.0,0.0,0.0,0.0,528.82,0.0,0.0,69.4,3.79
2024-11-29,LATAM,Mexico,-,Brand,L,1620.5400000000004,0,0.0,0.0,0.5,0.5,1,Nov,2024,0.0,0.0,0.0,0.0,0.0,0.0,1620.5400000000004,0.0,0.0,0.0,0.0,0.0,0.0,0.0,0.0,0.0,0.0,0.0,60.9,20.69
2024-11-29,LATAM,Mexico,-,Non_Brand,L,327.67999999999995,0,319.47999999999996,8.2,0.9749755859375,0.0250244140625,1,Nov,2024,0.0,0.0,0.0,0.0,0.0,0.0,0.0,0.0,0.0,0.0,0.0,0.0,0.0,0.0,0.0,327.67999999999995,0.0,0.0,69.4,3.79
2024-11-30,LATAM,Mexico,-,Brand,L,646.1600000000001,0,0.0,0.0,0.5,0.5,1,Nov,2024,0.0,0.0,0.0,0.0,0.0,0.0,646.1600000000001,0.0,0.0,0.0,0.0,0.0,0.0,0.0,0.0,0.0,0.0,0.0,60.9,20.69
2024-11-30,LATAM,Mexico,-,Non_Brand,L,135.84,0,132.74,3.1,0.9771790341578328,0.022820965842167196,1,Nov,2024,0.0,0.0,0.0,0.0,0.0,0.0,0.0,0.0,0.0,0.0,0.0,0.0,0.0,0.0,0.0,135.84,0.0,0.0,69.4,3.79
2024-12-01,LATAM,Mexico,-,Brand,L,366.21999999999997,0,0.0,0.0,0.5,0.5,1,Dec,2024,0.0,0.0,366.21999999999997,0.0,0.0,0.0,0.0,0.0,0.0,0.0,0.0,0.0,0.0,0.0,0.0,0.0,0.0,0.0,60.9,20.69
2024-12-01,LATAM,Mexico,-,Non_Brand,L,116.61999999999999,0,116.61999999999999,0.0,1.0,0.0,1,Dec,2024,0.0,0.0,0.0,0.0,0.0,0.0,0.0,0.0,0.0,0.0,0.0,116.61999999999999,0.0,0.0,0.0,0.0,0.0,0.0,69.4,3.79
2024-12-02,LATAM,Mexico,-,Brand,L,2155.46,0,0.0,0.0,0.5,0.5,0,Dec,2024,0.0,0.0,2155.46,0.0,0.0,0.0,0.0,0.0,0.0,0.0,0.0,0.0,0.0,0.0,0.0,0.0,0.0,0.0,60.9,20.69
2024-12-02,LATAM,Mexico,-,Non_Brand,L,589.36,0,585.4,3.96,0.9932808470204968,0.006719152979503207,0,Dec,2024,0.0,0.0,0.0,0.0,0.0,0.0,0.0,0.0,0.0,0.0,0.0,589.36,0.0,0.0,0.0,0.0,0.0,0.0,69.4,3.79
2024-12-03,LATAM,Mexico,-,Brand,L,522.8399999999999,0,0.0,0.0,0.5,0.5,0,Dec,2024,0.0,0.0,522.8399999999999,0.0,0.0,0.0,0.0,0.0,0.0,0.0,0.0,0.0,0.0,0.0,0.0,0.0,0.0,0.0,60.9,20.69
2024-12-03,LATAM,Mexico,-,Non_Brand,L,165.08,0,160.14,4.94,0.9700751150957112,0.029924884904288795,0,Dec,2024,0.0,0.0,0.0,0.0,0.0,0.0,0.0,0.0,0.0,0.0,0.0,165.08,0.0,0.0,0.0,0.0,0.0,0.0,69.4,3.79
2024-12-04,LATAM,Mexico,-,Brand,L,627.22,0,0.0,0.0,0.5,0.5,1,Dec,2024,0.0,0.0,627.22,0.0,0.0,0.0,0.0,0.0,0.0,0.0,0.0,0.0,0.0,0.0,0.0,0.0,0.0,0.0,60.9,20.69
2024-12-04,LATAM,Mexico,-,Non_Brand,L,131.9,0,128.72,3.18,0.98,0.020000000000000018,1,Dec,2024,0.0,0.0,0.0,0.0,0.0,0.0,0.0,0.0,0.0,0.0,0.0,131.9,0.0,0.0,0.0,0.0,0.0,0.0,69.4,3.79
2024-12-05,LATAM,Mexico,-,Brand,L,718.58,0,0.0,0.0,0.5,0.5,1,Dec,2024,0.0,0.0,718.58,0.0,0.0,0.0,0.0,0.0,0.0,0.0,0.0,0.0,0.0,0.0,0.0,0.0,0.0,0.0,60.9,20.69
2024-12-05,LATAM,Mexico,-,Non_Brand,L,167.66000000000003,0,164.26000000000002,3.4,0.9797208636526303,0.020279136347369664,1,Dec,2024,0.0,0.0,0.0,0.0,0.0,0.0,0.0,0.0,0.0,0.0,0.0,167.66000000000003,0.0,0.0,0.0,0.0,0.0,0.0,69.4,3.79
2024-12-06,LATAM,Mexico,-,Brand,L,805.5000000000001,0,0.0,0.0,0.5,0.5,1,Dec,2024,0.0,0.0,805.5000000000001,0.0,0.0,0.0,0.0,0.0,0.0,0.0,0.0,0.0,0.0,0.0,0.0,0.0,0.0,0.0,60.9,20.69
2024-12-06,LATAM,Mexico,-,Non_Brand,L,187.08,0,185.38,1.7000000000000002,0.9909129784049605,0.00908702159503949,1,Dec,2024,0.0,0.0,0.0,0.0,0.0,0.0,0.0,0.0,0.0,0.0,0.0,187.08,0.0,0.0,0.0,0.0,0.0,0.0,69.4,3.79
2024-12-07,LATAM,Mexico,-,Brand,L,271.65999999999997,0,0.0,0.0,0.5,0.5,1,Dec,2024,0.0,0.0,271.65999999999997,0.0,0.0,0.0,0.0,0.0,0.0,0.0,0.0,0.0,0.0,0.0,0.0,0.0,0.0,0.0,60.9,20.69
2024-12-07,LATAM,Mexico,-,Non_Brand,L,77.36,0,76.25999999999999,1.1,0.985780765253361,0.014219234746638998,1,Dec,2024,0.0,0.0,0.0,0.0,0.0,0.0,0.0,0.0,0.0,0.0,0.0,77.36,0.0,0.0,0.0,0.0,0.0,0.0,69.4,3.79
2024-12-08,LATAM,Mexico,-,Brand,L,235.08,0,0.0,0.0,0.5,0.5,1,Dec,2024,0.0,0.0,235.08,0.0,0.0,0.0,0.0,0.0,0.0,0.0,0.0,0.0,0.0,0.0,0.0,0.0,0.0,0.0,60.9,20.69
2024-12-08,LATAM,Mexico,-,Non_Brand,L,94.08,0,93.52000000000001,0.56,0.9940476190476191,0.005952380952380931,1,Dec,2024,0.0,0.0,0.0,0.0,0.0,0.0,0.0,0.0,0.0,0.0,0.0,94.08,0.0,0.0,0.0,0.0,0.0,0.0,69.4,3.79
2024-12-09,LATAM,Mexico,-,Brand,L,1113.6200000000001,0,0.0,0.0,0.5,0.5,0,Dec,2024,0.0,0.0,1113.6200000000001,0.0,0.0,0.0,0.0,0.0,0.0,0.0,0.0,0.0,0.0,0.0,0.0,0.0,0.0,0.0,60.9,20.69
2024-12-09,LATAM,Mexico,-,Non_Brand,L,200.76,0,193.64000000000001,7.12,0.9645347678820482,0.03546523211795183,0,Dec,2024,0.0,0.0,0.0,0.0,0.0,0.0,0.0,0.0,0.0,0.0,0.0,200.76,0.0,0.0,0.0,0.0,0.0,0.0,69.4,3.79
2024-12-10,LATAM,Mexico,-,Brand,L,1237.48,0,0.0,0.0,0.5,0.5,0,Dec,2024,0.0,0.0,1237.48,0.0,0.0,0.0,0.0,0.0,0.0,0.0,0.0,0.0,0.0,0.0,0.0,0.0,0.0,0.0,60.9,20.69
2024-12-10,LATAM,Mexico,-,Non_Brand,L,257.58000000000004,0,252.92000000000002,4.66,0.98,0.020000000000000018,0,Dec,2024,0.0,0.0,0.0,0.0,0.0,0.0,0.0,0.0,0.0,0.0,0.0,257.58000000000004,0.0,0.0,0.0,0.0,0.0,0.0,69.4,3.79
2024-12-11,LATAM,Mexico,-,Brand,L,1484.1000000000004,0,0.0,0.0,0.5,0.5,1,Dec,2024,0.0,0.0,1484.1000000000004,0.0,0.0,0.0,0.0,0.0,0.0,0.0,0.0,0.0,0.0,0.0,0.0,0.0,0.0,0.0,60.9,20.69
2024-12-11,LATAM,Mexico,-,Non_Brand,L,666.0,0,663.9799999999999,2.02,0.996966966966967,0.003033033033033039,1,Dec,2024,0.0,0.0,0.0,0.0,0.0,0.0,0.0,0.0,0.0,0.0,0.0,666.0,0.0,0.0,0.0,0.0,0.0,0.0,69.4,3.79
2024-12-12,LATAM,Mexico,-,Brand,L,1447.9999999999998,0,0.0,0.0,0.5,0.5,1,Dec,2024,0.0,0.0,1447.9999999999998,0.0,0.0,0.0,0.0,0.0,0.0,0.0,0.0,0.0,0.0,0.0,0.0,0.0,0.0,0.0,60.9,20.69
2024-12-12,LATAM,Mexico,-,Non_Brand,L,459.26,0,452.02000000000004,7.239999999999999,0.9842355092975656,0.015764490702434353,1,Dec,2024,0.0,0.0,0.0,0.0,0.0,0.0,0.0,0.0,0.0,0.0,0.0,459.26,0.0,0.0,0.0,0.0,0.0,0.0,69.4,3.79
2024-12-13,LATAM,Mexico,-,Brand,L,1218.52,0,0.0,0.0,0.5,0.5,1,Dec,2024,0.0,0.0,1218.52,0.0,0.0,0.0,0.0,0.0,0.0,0.0,0.0,0.0,0.0,0.0,0.0,0.0,0.0,0.0,60.9,20.69
2024-12-13,LATAM,Mexico,-,Non_Brand,L,441.73999999999995,0,433.91999999999996,7.82,0.9822972789423643,0.017702721057635706,1,Dec,2024,0.0,0.0,0.0,0.0,0.0,0.0,0.0,0.0,0.0,0.0,0.0,441.73999999999995,0.0,0.0,0.0,0.0,0.0,0.0,69.4,3.79
2024-12-14,LATAM,Mexico,-,Brand,L,332.1000000000001,0,0.0,0.0,0.5,0.5,1,Dec,2024,0.0,0.0,332.1000000000001,0.0,0.0,0.0,0.0,0.0,0.0,0.0,0.0,0.0,0.0,0.0,0.0,0.0,0.0,0.0,60.9,20.69
2024-12-14,LATAM,Mexico,-,Non_Brand,L,194.02,0,190.66000000000003,3.36,0.98,0.020000000000000018,1,Dec,2024,0.0,0.0,0.0,0.0,0.0,0.0,0.0,0.0,0.0,0.0,0.0,194.02,0.0,0.0,0.0,0.0,0.0,0.0,69.4,3.79
2024-12-15,LATAM,Mexico,-,Brand,L,317.94,0,0.0,0.0,0.5,0.5,1,Dec,2024,0.0,0.0,317.94,0.0,0.0,0.0,0.0,0.0,0.0,0.0,0.0,0.0,0.0,0.0,0.0,0.0,0.0,0.0,60.9,20.69
2024-12-15,LATAM,Mexico,-,Non_Brand,L,172.92000000000002,0,170.82,2.1,0.9878556557945871,0.012144344205412883,1,Dec,2024,0.0,0.0,0.0,0.0,0.0,0.0,0.0,0.0,0.0,0.0,0.0,172.92000000000002,0.0,0.0,0.0,0.0,0.0,0.0,69.4,3.79
2024-12-16,LATAM,Mexico,-,Brand,L,1534.22,0,0.0,0.0,0.5,0.5,0,Dec,2024,0.0,0.0,1534.22,0.0,0.0,0.0,0.0,0.0,0.0,0.0,0.0,0.0,0.0,0.0,0.0,0.0,0.0,0.0,60.9,20.69
2024-12-16,LATAM,Mexico,-,Non_Brand,L,501.06,0,471.03999999999996,30.02,0.9400870155270826,0.059912984472917374,0,Dec,2024,0.0,0.0,0.0,0.0,0.0,0.0,0.0,0.0,0.0,0.0,0.0,501.06,0.0,0.0,0.0,0.0,0.0,0.0,69.4,3.79
2024-12-17,LATAM,Mexico,-,Brand,L,1574.1599999999996,0,0.0,0.0,0.5,0.5,0,Dec,2024,0.0,0.0,1574.1599999999996,0.0,0.0,0.0,0.0,0.0,0.0,0.0,0.0,0.0,0.0,0.0,0.0,0.0,0.0,0.0,60.9,20.69
2024-12-17,LATAM,Mexico,-,Non_Brand,L,536.2,0,501.24,34.96,0.9348004475941812,0.06519955240581876,0,Dec,2024,0.0,0.0,0.0,0.0,0.0,0.0,0.0,0.0,0.0,0.0,0.0,536.2,0.0,0.0,0.0,0.0,0.0,0.0,69.4,3.79
2024-12-18,LATAM,Mexico,-,Brand,L,1371.78,0,0.0,0.0,0.5,0.5,1,Dec,2024,0.0,0.0,1371.78,0.0,0.0,0.0,0.0,0.0,0.0,0.0,0.0,0.0,0.0,0.0,0.0,0.0,0.0,0.0,60.9,20.69
2024-12-18,LATAM,Mexico,-,Non_Brand,L,512.5,0,465.88,46.620000000000005,0.9090341463414634,0.0909658536585366,1,Dec,2024,0.0,0.0,0.0,0.0,0.0,0.0,0.0,0.0,0.0,0.0,0.0,512.5,0.0,0.0,0.0,0.0,0.0,0.0,69.4,3.79
2024-12-19,LATAM,Mexico,-,Brand,L,1365.9799999999998,0,0.0,0.0,0.5,0.5,1,Dec,2024,0.0,0.0,1365.9799999999998,0.0,0.0,0.0,0.0,0.0,0.0,0.0,0.0,0.0,0.0,0.0,0.0,0.0,0.0,0.0,60.9,20.69
2024-12-19,LATAM,Mexico,-,Non_Brand,L,525.3199999999999,0,496.93999999999994,28.38,0.9459757861874667,0.054024213812533306,1,Dec,2024,0.0,0.0,0.0,0.0,0.0,0.0,0.0,0.0,0.0,0.0,0.0,525.3199999999999,0.0,0.0,0.0,0.0,0.0,0.0,69.4,3.79
2024-12-20,LATAM,Mexico,-,Brand,L,965.32,0,0.0,0.0,0.5,0.5,1,Dec,2024,0.0,0.0,965.32,0.0,0.0,0.0,0.0,0.0,0.0,0.0,0.0,0.0,0.0,0.0,0.0,0.0,0.0,0.0,60.9,20.69
2024-12-20,LATAM,Mexico,-,Non_Brand,L,225.14,0,204.84,20.299999999999997,0.9098338811406237,0.09016611885937631,1,Dec,2024,0.0,0.0,0.0,0.0,0.0,0.0,0.0,0.0,0.0,0.0,0.0,225.14,0.0,0.0,0.0,0.0,0.0,0.0,69.4,3.79
2024-12-21,LATAM,Mexico,-,Brand,L,341.96,0,0.0,0.0,0.5,0.5,1,Dec,2024,0.0,0.0,341.96,0.0,0.0,0.0,0.0,0.0,0.0,0.0,0.0,0.0,0.0,0.0,0.0,0.0,0.0,0.0,60.9,20.69
2024-12-21,LATAM,Mexico,-,Non_Brand,L,153.84,0,136.4,17.439999999999998,0.8866354654186167,0.11336453458138329,1,Dec,2024,0.0,0.0,0.0,0.0,0.0,0.0,0.0,0.0,0.0,0.0,0.0,153.84,0.0,0.0,0.0,0.0,0.0,0.0,69.4,3.79
2024-12-22,LATAM,Mexico,-,Brand,L,133.85999999999999,0,0.0,0.0,0.5,0.5,1,Dec,2024,0.0,0.0,133.85999999999999,0.0,0.0,0.0,0.0,0.0,0.0,0.0,0.0,0.0,0.0,0.0,0.0,0.0,0.0,0.0,60.9,20.69
2024-12-22,LATAM,Mexico,-,Non_Brand,L,85.56,0,85.3,0.26,1.0,0.0,1,Dec,2024,0.0,0.0,0.0,0.0,0.0,0.0,0.0,0.0,0.0,0.0,0.0,85.56,0.0,0.0,0.0,0.0,0.0,0.0,69.4,3.79
2024-12-23,LATAM,Mexico,-,Brand,L,646.165737704918,0,0.0,0.0,0.5,0.5,0,Dec,2024,0.0,0.0,646.165737704918,0.0,0.0,0.0,0.0,0.0,0.0,0.0,0.0,0.0,0.0,0.0,0.0,0.0,0.0,0.0,60.9,20.69
2024-12-23,LATAM,Mexico,-,Non_Brand,L,243.6621145374449,0,0.0,0.0,0.5,0.5,0,Dec,2024,0.0,0.0,0.0,0.0,0.0,0.0,0.0,0.0,0.0,0.0,0.0,243.6621145374449,0.0,0.0,0.0,0.0,0.0,0.0,69.4,3.79
2024-12-24,LATAM,Mexico,-,Brand,L,72.58000000000001,0,0.0,0.0,0.5,0.5,0,Dec,2024,0.0,0.0,72.58000000000001,0.0,0.0,0.0,0.0,0.0,0.0,0.0,0.0,0.0,0.0,0.0,0.0,0.0,0.0,0.0,60.9,20.69
2024-12-24,LATAM,Mexico,-,Non_Brand,L,117.82,0,96.97999999999999,20.84,0.8231200135800373,0.17687998641996272,0,Dec,2024,0.0,0.0,0.0,0.0,0.0,0.0,0.0,0.0,0.0,0.0,0.0,117.82,0.0,0.0,0.0,0.0,0.0,0.0,69.4,3.79
2024-12-25,LATAM,Mexico,-,Brand,L,646.165737704918,0,0.0,0.0,0.5,0.5,1,Dec,2024,0.0,0.0,646.165737704918,0.0,0.0,0.0,0.0,0.0,0.0,0.0,0.0,0.0,0.0,0.0,0.0,0.0,0.0,0.0,60.9,20.69
2024-12-25,LATAM,Mexico,-,Non_Brand,L,243.6621145374449,0,0.0,0.0,0.5,0.5,1,Dec,2024,0.0,0.0,0.0,0.0,0.0,0.0,0.0,0.0,0.0,0.0,0.0,243.6621145374449,0.0,0.0,0.0,0.0,0.0,0.0,69.4,3.79
2024-12-26,LATAM,Mexico,-,Brand,L,646.165737704918,0,0.0,0.0,0.5,0.5,1,Dec,2024,0.0,0.0,646.165737704918,0.0,0.0,0.0,0.0,0.0,0.0,0.0,0.0,0.0,0.0,0.0,0.0,0.0,0.0,0.0,60.9,20.69
2024-12-26,LATAM,Mexico,-,Non_Brand,L,243.6621145374449,0,0.0,0.0,0.5,0.5,1,Dec,2024,0.0,0.0,0.0,0.0,0.0,0.0,0.0,0.0,0.0,0.0,0.0,243.6621145374449,0.0,0.0,0.0,0.0,0.0,0.0,69.4,3.79
2024-12-27,LATAM,Mexico,-,Brand,L,646.165737704918,0,0.0,0.0,0.5,0.5,1,Dec,2024,0.0,0.0,646.165737704918,0.0,0.0,0.0,0.0,0.0,0.0,0.0,0.0,0.0,0.0,0.0,0.0,0.0,0.0,0.0,60.9,20.69
2024-12-27,LATAM,Mexico,-,Non_Brand,L,243.6621145374449,0,0.0,0.0,0.5,0.5,1,Dec,2024,0.0,0.0,0.0,0.0,0.0,0.0,0.0,0.0,0.0,0.0,0.0,243.6621145374449,0.0,0.0,0.0,0.0,0.0,0.0,69.4,3.79
2024-12-28,LATAM,Mexico,-,Brand,L,646.165737704918,0,0.0,0.0,0.5,0.5,1,Dec,2024,0.0,0.0,646.165737704918,0.0,0.0,0.0,0.0,0.0,0.0,0.0,0.0,0.0,0.0,0.0,0.0,0.0,0.0,0.0,60.9,20.69
2024-12-28,LATAM,Mexico,-,Non_Brand,L,243.6621145374449,0,0.0,0.0,0.5,0.5,1,Dec,2024,0.0,0.0,0.0,0.0,0.0,0.0,0.0,0.0,0.0,0.0,0.0,243.6621145374449,0.0,0.0,0.0,0.0,0.0,0.0,69.4,3.79
2024-12-29,LATAM,Mexico,-,Brand,L,646.165737704918,0,0.0,0.0,0.5,0.5,1,Dec,2024,0.0,0.0,646.165737704918,0.0,0.0,0.0,0.0,0.0,0.0,0.0,0.0,0.0,0.0,0.0,0.0,0.0,0.0,0.0,60.9,20.69
2024-12-29,LATAM,Mexico,-,Non_Brand,L,243.6621145374449,0,0.0,0.0,0.5,0.5,1,Dec,2024,0.0,0.0,0.0,0.0,0.0,0.0,0.0,0.0,0.0,0.0,0.0,243.6621145374449,0.0,0.0,0.0,0.0,0.0,0.0,69.4,3.79
2024-12-30,LATAM,Mexico,-,Brand,L,646.165737704918,0,0.0,0.0,0.5,0.5,0,Dec,2024,0.0,0.0,646.165737704918,0.0,0.0,0.0,0.0,0.0,0.0,0.0,0.0,0.0,0.0,0.0,0.0,0.0,0.0,0.0,60.9,20.69
2024-12-30,LATAM,Mexico,-,Non_Brand,L,243.6621145374449,0,0.0,0.0,0.5,0.5,0,Dec,2024,0.0,0.0,0.0,0.0,0.0,0.0,0.0,0.0,0.0,0.0,0.0,243.6621145374449,0.0,0.0,0.0,0.0,0.0,0.0,69.4,3.79
2024-12-31,LATAM,Mexico,-,Brand,L,1156.3600000000001,0,0.0,0.0,0.5,0.5,0,Dec,2024,0.0,0.0,1156.3600000000001,0.0,0.0,0.0,0.0,0.0,0.0,0.0,0.0,0.0,0.0,0.0,0.0,0.0,0.0,0.0,60.9,20.69
2024-12-31,LATAM,Mexico,-,Non_Brand,L,589.52,0,558.26,31.259999999999998,0.9469738092007056,0.05302619079929438,0,Dec,2024,0.0,0.0,0.0,0.0,0.0,0.0,0.0,0.0,0.0,0.0,0.0,589.52,0.0,0.0,0.0,0.0,0.0,0.0,69.4,3.79
