,region,market,funnel,account_type,ds,X,Month,Year,India_Desktop_-_Apr_2024,India_Desktop_-_Aug_2024,India_Desktop_-_Dec_2024,India_Desktop_-_Jul_2024,India_Desktop_-_Jun_2024,India_Desktop_-_May_2024,India_Desktop_-_Nov_2024,India_Desktop_-_Oct_2024,India_Desktop_-_Sep_2024,India_Mobile_&_Tablet_-_Apr_2024,India_Mobile_&_Tablet_-_Aug_2024,India_Mobile_&_Tablet_-_Dec_2024,India_Mobile_&_Tablet_-_Jul_2024,India_Mobile_&_Tablet_-_Jun_2024,India_Mobile_&_Tablet_-_May_2024,India_Mobile_&_Tablet_-_Nov_2024,India_Mobile_&_Tablet_-_Oct_2024,India_Mobile_&_Tablet_-_Sep_2024,Weekend,AOV,ROAS
0,EMEA,India,-,Desktop,2024-04-25,862.9899999999999,Apr,2024,862.9899999999999,0.0,0.0,0.0,0.0,0.0,0.0,0.0,0.0,0.0,0.0,0.0,0.0,0.0,0.0,0.0,0.0,0.0,1,103.0434172009,17.6660479749795
1,EMEA,India,-,Desktop,2024-04-26,909.3,Apr,2024,909.3,0.0,0.0,0.0,0.0,0.0,0.0,0.0,0.0,0.0,0.0,0.0,0.0,0.0,0.0,0.0,0.0,0.0,1,103.0434172009,17.6660479749795
2,EMEA,India,-,Desktop,2024-04-27,440.09,Apr,2024,440.09,0.0,0.0,0.0,0.0,0.0,0.0,0.0,0.0,0.0,0.0,0.0,0.0,0.0,0.0,0.0,0.0,0.0,1,103.0434172009,17.6660479749795
3,EMEA,India,-,Desktop,2024-04-28,166.32999999999998,Apr,2024,166.32999999999998,0.0,0.0,0.0,0.0,0.0,0.0,0.0,0.0,0.0,0.0,0.0,0.0,0.0,0.0,0.0,0.0,0.0,1,103.0434172009,17.6660479749795
4,EMEA,India,-,Desktop,2024-04-29,611.04,Apr,2024,611.04,0.0,0.0,0.0,0.0,0.0,0.0,0.0,0.0,0.0,0.0,0.0,0.0,0.0,0.0,0.0,0.0,0.0,0,103.0434172009,17.6660479749795
5,EMEA,India,-,Desktop,2024-04-30,867.9899999999999,Apr,2024,867.9899999999999,0.0,0.0,0.0,0.0,0.0,0.0,0.0,0.0,0.0,0.0,0.0,0.0,0.0,0.0,0.0,0.0,0.0,0,103.0434172009,17.6660479749795
6,EMEA,India,-,Desktop,2024-05-01,765.4000000000001,May,2024,0.0,0.0,0.0,0.0,0.0,765.4000000000001,0.0,0.0,0.0,0.0,0.0,0.0,0.0,0.0,0.0,0.0,0.0,0.0,1,103.0434172009,17.6660479749795
7,EMEA,India,-,Desktop,2024-05-02,642.01,May,2024,0.0,0.0,0.0,0.0,0.0,642.01,0.0,0.0,0.0,0.0,0.0,0.0,0.0,0.0,0.0,0.0,0.0,0.0,1,103.0434172009,17.6660479749795
8,EMEA,India,-,Desktop,2024-05-03,692.4699999999999,May,2024,0.0,0.0,0.0,0.0,0.0,692.4699999999999,0.0,0.0,0.0,0.0,0.0,0.0,0.0,0.0,0.0,0.0,0.0,0.0,1,103.0434172009,17.6660479749795
9,EMEA,India,-,Desktop,2024-05-04,508.22999999999996,May,2024,0.0,0.0,0.0,0.0,0.0,508.22999999999996,0.0,0.0,0.0,0.0,0.0,0.0,0.0,0.0,0.0,0.0,0.0,0.0,1,103.0434172009,17.6660479749795
10,EMEA,India,-,Desktop,2024-05-05,367.41,May,2024,0.0,0.0,0.0,0.0,0.0,367.41,0.0,0.0,0.0,0.0,0.0,0.0,0.0,0.0,0.0,0.0,0.0,0.0,1,103.0434172009,17.6660479749795
11,EMEA,India,-,Desktop,2024-05-06,1130.3200000000002,May,2024,0.0,0.0,0.0,0.0,0.0,1130.3200000000002,0.0,0.0,0.0,0.0,0.0,0.0,0.0,0.0,0.0,0.0,0.0,0.0,0,103.0434172009,17.6660479749795
12,EMEA,India,-,Desktop,2024-05-07,795.1,May,2024,0.0,0.0,0.0,0.0,0.0,795.1,0.0,0.0,0.0,0.0,0.0,0.0,0.0,0.0,0.0,0.0,0.0,0.0,0,103.0434172009,17.6660479749795
13,EMEA,India,-,Desktop,2024-05-08,835.36,May,2024,0.0,0.0,0.0,0.0,0.0,835.36,0.0,0.0,0.0,0.0,0.0,0.0,0.0,0.0,0.0,0.0,0.0,0.0,1,103.0434172009,17.6660479749795
14,EMEA,India,-,Desktop,2024-05-09,1084.9499999999998,May,2024,0.0,0.0,0.0,0.0,0.0,1084.9499999999998,0.0,0.0,0.0,0.0,0.0,0.0,0.0,0.0,0.0,0.0,0.0,0.0,1,103.0434172009,17.6660479749795
15,EMEA,India,-,Desktop,2024-05-10,547.42,May,2024,0.0,0.0,0.0,0.0,0.0,547.42,0.0,0.0,0.0,0.0,0.0,0.0,0.0,0.0,0.0,0.0,0.0,0.0,1,103.0434172009,17.6660479749795
16,EMEA,India,-,Desktop,2024-05-11,315.88,May,2024,0.0,0.0,0.0,0.0,0.0,315.88,0.0,0.0,0.0,0.0,0.0,0.0,0.0,0.0,0.0,0.0,0.0,0.0,1,103.0434172009,17.6660479749795
17,EMEA,India,-,Desktop,2024-05-12,107.12000000000002,May,2024,0.0,0.0,0.0,0.0,0.0,107.12000000000002,0.0,0.0,0.0,0.0,0.0,0.0,0.0,0.0,0.0,0.0,0.0,0.0,1,103.0434172009,17.6660479749795
18,EMEA,India,-,Desktop,2024-05-13,776.24,May,2024,0.0,0.0,0.0,0.0,0.0,776.24,0.0,0.0,0.0,0.0,0.0,0.0,0.0,0.0,0.0,0.0,0.0,0.0,0,103.0434172009,17.6660479749795
19,EMEA,India,-,Desktop,2024-05-14,792.72,May,2024,0.0,0.0,0.0,0.0,0.0,792.72,0.0,0.0,0.0,0.0,0.0,0.0,0.0,0.0,0.0,0.0,0.0,0.0,0,103.0434172009,17.6660479749795
20,EMEA,India,-,Desktop,2024-05-15,678.28,May,2024,0.0,0.0,0.0,0.0,0.0,678.28,0.0,0.0,0.0,0.0,0.0,0.0,0.0,0.0,0.0,0.0,0.0,0.0,1,103.0434172009,17.6660479749795
21,EMEA,India,-,Desktop,2024-05-16,775.02,May,2024,0.0,0.0,0.0,0.0,0.0,775.02,0.0,0.0,0.0,0.0,0.0,0.0,0.0,0.0,0.0,0.0,0.0,0.0,1,103.0434172009,17.6660479749795
22,EMEA,India,-,Desktop,2024-05-17,524.16,May,2024,0.0,0.0,0.0,0.0,0.0,524.16,0.0,0.0,0.0,0.0,0.0,0.0,0.0,0.0,0.0,0.0,0.0,0.0,1,103.0434172009,17.6660479749795
23,EMEA,India,-,Desktop,2024-05-18,353.90000000000003,May,2024,0.0,0.0,0.0,0.0,0.0,353.90000000000003,0.0,0.0,0.0,0.0,0.0,0.0,0.0,0.0,0.0,0.0,0.0,0.0,1,103.0434172009,17.6660479749795
24,EMEA,India,-,Desktop,2024-05-19,149.98999999999998,May,2024,0.0,0.0,0.0,0.0,0.0,149.98999999999998,0.0,0.0,0.0,0.0,0.0,0.0,0.0,0.0,0.0,0.0,0.0,0.0,1,103.0434172009,17.6660479749795
25,EMEA,India,-,Desktop,2024-05-20,588.9,May,2024,0.0,0.0,0.0,0.0,0.0,588.9,0.0,0.0,0.0,0.0,0.0,0.0,0.0,0.0,0.0,0.0,0.0,0.0,0,103.0434172009,17.6660479749795
26,EMEA,India,-,Desktop,2024-05-21,593.8299999999999,May,2024,0.0,0.0,0.0,0.0,0.0,593.8299999999999,0.0,0.0,0.0,0.0,0.0,0.0,0.0,0.0,0.0,0.0,0.0,0.0,0,103.0434172009,17.6660479749795
27,EMEA,India,-,Desktop,2024-05-22,462.82000000000005,May,2024,0.0,0.0,0.0,0.0,0.0,462.82000000000005,0.0,0.0,0.0,0.0,0.0,0.0,0.0,0.0,0.0,0.0,0.0,0.0,1,103.0434172009,17.6660479749795
28,EMEA,India,-,Desktop,2024-05-23,489.54999999999995,May,2024,0.0,0.0,0.0,0.0,0.0,489.54999999999995,0.0,0.0,0.0,0.0,0.0,0.0,0.0,0.0,0.0,0.0,0.0,0.0,1,103.0434172009,17.6660479749795
29,EMEA,India,-,Desktop,2024-05-24,395.99000000000007,May,2024,0.0,0.0,0.0,0.0,0.0,395.99000000000007,0.0,0.0,0.0,0.0,0.0,0.0,0.0,0.0,0.0,0.0,0.0,0.0,1,103.0434172009,17.6660479749795
30,EMEA,India,-,Desktop,2024-05-25,251.44000000000003,May,2024,0.0,0.0,0.0,0.0,0.0,251.44000000000003,0.0,0.0,0.0,0.0,0.0,0.0,0.0,0.0,0.0,0.0,0.0,0.0,1,103.0434172009,17.6660479749795
31,EMEA,India,-,Desktop,2024-05-26,108.72000000000001,May,2024,0.0,0.0,0.0,0.0,0.0,108.72000000000001,0.0,0.0,0.0,0.0,0.0,0.0,0.0,0.0,0.0,0.0,0.0,0.0,1,103.0434172009,17.6660479749795
32,EMEA,India,-,Desktop,2024-05-27,104.3,May,2024,0.0,0.0,0.0,0.0,0.0,104.3,0.0,0.0,0.0,0.0,0.0,0.0,0.0,0.0,0.0,0.0,0.0,0.0,0,103.0434172009,17.6660479749795
33,EMEA,India,-,Desktop,2024-05-28,65.28,May,2024,0.0,0.0,0.0,0.0,0.0,65.28,0.0,0.0,0.0,0.0,0.0,0.0,0.0,0.0,0.0,0.0,0.0,0.0,0,103.0434172009,17.6660479749795
34,EMEA,India,-,Desktop,2024-05-29,62.07000000000001,May,2024,0.0,0.0,0.0,0.0,0.0,62.07000000000001,0.0,0.0,0.0,0.0,0.0,0.0,0.0,0.0,0.0,0.0,0.0,0.0,1,103.0434172009,17.6660479749795
35,EMEA,India,-,Desktop,2024-05-30,343.52,May,2024,0.0,0.0,0.0,0.0,0.0,343.52,0.0,0.0,0.0,0.0,0.0,0.0,0.0,0.0,0.0,0.0,0.0,0.0,1,103.0434172009,17.6660479749795
36,EMEA,India,-,Desktop,2024-05-31,585.08,May,2024,0.0,0.0,0.0,0.0,0.0,585.08,0.0,0.0,0.0,0.0,0.0,0.0,0.0,0.0,0.0,0.0,0.0,0.0,1,103.0434172009,17.6660479749795
37,EMEA,India,-,Desktop,2024-06-01,417.01000000000005,Jun,2024,0.0,0.0,0.0,0.0,417.01000000000005,0.0,0.0,0.0,0.0,0.0,0.0,0.0,0.0,0.0,0.0,0.0,0.0,0.0,1,103.0434172009,17.6660479749795
38,EMEA,India,-,Desktop,2024-06-02,196.17999999999998,Jun,2024,0.0,0.0,0.0,0.0,196.17999999999998,0.0,0.0,0.0,0.0,0.0,0.0,0.0,0.0,0.0,0.0,0.0,0.0,0.0,1,103.0434172009,17.6660479749795
39,EMEA,India,-,Desktop,2024-06-03,724.01,Jun,2024,0.0,0.0,0.0,0.0,724.01,0.0,0.0,0.0,0.0,0.0,0.0,0.0,0.0,0.0,0.0,0.0,0.0,0.0,0,103.0434172009,17.6660479749795
40,EMEA,India,-,Desktop,2024-06-04,804.3900000000001,Jun,2024,0.0,0.0,0.0,0.0,804.3900000000001,0.0,0.0,0.0,0.0,0.0,0.0,0.0,0.0,0.0,0.0,0.0,0.0,0.0,0,103.0434172009,17.6660479749795
41,EMEA,India,-,Desktop,2024-06-05,720.25,Jun,2024,0.0,0.0,0.0,0.0,720.25,0.0,0.0,0.0,0.0,0.0,0.0,0.0,0.0,0.0,0.0,0.0,0.0,0.0,1,103.0434172009,17.6660479749795
42,EMEA,India,-,Desktop,2024-06-06,759.09,Jun,2024,0.0,0.0,0.0,0.0,759.09,0.0,0.0,0.0,0.0,0.0,0.0,0.0,0.0,0.0,0.0,0.0,0.0,0.0,1,103.0434172009,17.6660479749795
43,EMEA,India,-,Desktop,2024-06-07,612.96,Jun,2024,0.0,0.0,0.0,0.0,612.96,0.0,0.0,0.0,0.0,0.0,0.0,0.0,0.0,0.0,0.0,0.0,0.0,0.0,1,103.0434172009,17.6660479749795
44,EMEA,India,-,Desktop,2024-06-08,327.98999999999995,Jun,2024,0.0,0.0,0.0,0.0,327.98999999999995,0.0,0.0,0.0,0.0,0.0,0.0,0.0,0.0,0.0,0.0,0.0,0.0,0.0,1,103.0434172009,17.6660479749795
45,EMEA,India,-,Desktop,2024-06-09,163.79,Jun,2024,0.0,0.0,0.0,0.0,163.79,0.0,0.0,0.0,0.0,0.0,0.0,0.0,0.0,0.0,0.0,0.0,0.0,0.0,1,103.0434172009,17.6660479749795
46,EMEA,India,-,Desktop,2024-06-10,678.98,Jun,2024,0.0,0.0,0.0,0.0,678.98,0.0,0.0,0.0,0.0,0.0,0.0,0.0,0.0,0.0,0.0,0.0,0.0,0.0,0,103.0434172009,17.6660479749795
47,EMEA,India,-,Desktop,2024-06-11,777.36,Jun,2024,0.0,0.0,0.0,0.0,777.36,0.0,0.0,0.0,0.0,0.0,0.0,0.0,0.0,0.0,0.0,0.0,0.0,0.0,0,103.0434172009,17.6660479749795
48,EMEA,India,-,Desktop,2024-06-12,779.6,Jun,2024,0.0,0.0,0.0,0.0,779.6,0.0,0.0,0.0,0.0,0.0,0.0,0.0,0.0,0.0,0.0,0.0,0.0,0.0,1,103.0434172009,17.6660479749795
49,EMEA,India,-,Desktop,2024-06-13,659.33,Jun,2024,0.0,0.0,0.0,0.0,659.33,0.0,0.0,0.0,0.0,0.0,0.0,0.0,0.0,0.0,0.0,0.0,0.0,0.0,1,103.0434172009,17.6660479749795
50,EMEA,India,-,Desktop,2024-06-14,644.64,Jun,2024,0.0,0.0,0.0,0.0,644.64,0.0,0.0,0.0,0.0,0.0,0.0,0.0,0.0,0.0,0.0,0.0,0.0,0.0,1,103.0434172009,17.6660479749795
51,EMEA,India,-,Desktop,2024-06-15,337.21,Jun,2024,0.0,0.0,0.0,0.0,337.21,0.0,0.0,0.0,0.0,0.0,0.0,0.0,0.0,0.0,0.0,0.0,0.0,0.0,1,103.0434172009,17.6660479749795
52,EMEA,India,-,Desktop,2024-06-16,190.59,Jun,2024,0.0,0.0,0.0,0.0,190.59,0.0,0.0,0.0,0.0,0.0,0.0,0.0,0.0,0.0,0.0,0.0,0.0,0.0,1,103.0434172009,17.6660479749795
53,EMEA,India,-,Desktop,2024-06-17,632.7199999999999,Jun,2024,0.0,0.0,0.0,0.0,632.7199999999999,0.0,0.0,0.0,0.0,0.0,0.0,0.0,0.0,0.0,0.0,0.0,0.0,0.0,0,103.0434172009,17.6660479749795
54,EMEA,India,-,Desktop,2024-06-18,604.88,Jun,2024,0.0,0.0,0.0,0.0,604.88,0.0,0.0,0.0,0.0,0.0,0.0,0.0,0.0,0.0,0.0,0.0,0.0,0.0,0,103.0434172009,17.6660479749795
55,EMEA,India,-,Desktop,2024-06-19,687.4999999999999,Jun,2024,0.0,0.0,0.0,0.0,687.4999999999999,0.0,0.0,0.0,0.0,0.0,0.0,0.0,0.0,0.0,0.0,0.0,0.0,0.0,1,103.0434172009,17.6660479749795
56,EMEA,India,-,Desktop,2024-06-20,666.97,Jun,2024,0.0,0.0,0.0,0.0,666.97,0.0,0.0,0.0,0.0,0.0,0.0,0.0,0.0,0.0,0.0,0.0,0.0,0.0,1,103.0434172009,17.6660479749795
57,EMEA,India,-,Desktop,2024-06-21,575.3900000000001,Jun,2024,0.0,0.0,0.0,0.0,575.3900000000001,0.0,0.0,0.0,0.0,0.0,0.0,0.0,0.0,0.0,0.0,0.0,0.0,0.0,1,103.0434172009,17.6660479749795
58,EMEA,India,-,Desktop,2024-06-22,267.51000000000005,Jun,2024,0.0,0.0,0.0,0.0,267.51000000000005,0.0,0.0,0.0,0.0,0.0,0.0,0.0,0.0,0.0,0.0,0.0,0.0,0.0,1,103.0434172009,17.6660479749795
59,EMEA,India,-,Desktop,2024-06-23,130.93,Jun,2024,0.0,0.0,0.0,0.0,130.93,0.0,0.0,0.0,0.0,0.0,0.0,0.0,0.0,0.0,0.0,0.0,0.0,0.0,1,103.0434172009,17.6660479749795
60,EMEA,India,-,Desktop,2024-06-24,736.5899999999999,Jun,2024,0.0,0.0,0.0,0.0,736.5899999999999,0.0,0.0,0.0,0.0,0.0,0.0,0.0,0.0,0.0,0.0,0.0,0.0,0.0,0,103.0434172009,17.6660479749795
61,EMEA,India,-,Desktop,2024-06-25,583.39,Jun,2024,0.0,0.0,0.0,0.0,583.39,0.0,0.0,0.0,0.0,0.0,0.0,0.0,0.0,0.0,0.0,0.0,0.0,0.0,0,103.0434172009,17.6660479749795
62,EMEA,India,-,Desktop,2024-06-26,438.63,Jun,2024,0.0,0.0,0.0,0.0,438.63,0.0,0.0,0.0,0.0,0.0,0.0,0.0,0.0,0.0,0.0,0.0,0.0,0.0,1,103.0434172009,17.6660479749795
63,EMEA,India,-,Desktop,2024-06-27,411.53000000000003,Jun,2024,0.0,0.0,0.0,0.0,411.53000000000003,0.0,0.0,0.0,0.0,0.0,0.0,0.0,0.0,0.0,0.0,0.0,0.0,0.0,1,103.0434172009,17.6660479749795
64,EMEA,India,-,Desktop,2024-06-28,340.95,Jun,2024,0.0,0.0,0.0,0.0,340.95,0.0,0.0,0.0,0.0,0.0,0.0,0.0,0.0,0.0,0.0,0.0,0.0,0.0,1,103.0434172009,17.6660479749795
65,EMEA,India,-,Desktop,2024-06-29,268.34999999999997,Jun,2024,0.0,0.0,0.0,0.0,268.34999999999997,0.0,0.0,0.0,0.0,0.0,0.0,0.0,0.0,0.0,0.0,0.0,0.0,0.0,1,103.0434172009,17.6660479749795
66,EMEA,India,-,Desktop,2024-06-30,93.99999999999999,Jun,2024,0.0,0.0,0.0,0.0,93.99999999999999,0.0,0.0,0.0,0.0,0.0,0.0,0.0,0.0,0.0,0.0,0.0,0.0,0.0,1,103.0434172009,17.6660479749795
67,EMEA,India,-,Desktop,2024-07-01,382.55,Jul,2024,0.0,0.0,0.0,382.55,0.0,0.0,0.0,0.0,0.0,0.0,0.0,0.0,0.0,0.0,0.0,0.0,0.0,0.0,0,103.0434172009,17.6660479749795
68,EMEA,India,-,Desktop,2024-07-02,470.2400000000001,Jul,2024,0.0,0.0,0.0,470.2400000000001,0.0,0.0,0.0,0.0,0.0,0.0,0.0,0.0,0.0,0.0,0.0,0.0,0.0,0.0,0,103.0434172009,17.6660479749795
69,EMEA,India,-,Desktop,2024-07-03,451.4799999999999,Jul,2024,0.0,0.0,0.0,451.4799999999999,0.0,0.0,0.0,0.0,0.0,0.0,0.0,0.0,0.0,0.0,0.0,0.0,0.0,0.0,1,103.0434172009,17.6660479749795
70,EMEA,India,-,Desktop,2024-07-04,429.5799999999999,Jul,2024,0.0,0.0,0.0,429.5799999999999,0.0,0.0,0.0,0.0,0.0,0.0,0.0,0.0,0.0,0.0,0.0,0.0,0.0,0.0,1,103.0434172009,17.6660479749795
71,EMEA,India,-,Desktop,2024-07-05,448.0199999999999,Jul,2024,0.0,0.0,0.0,448.0199999999999,0.0,0.0,0.0,0.0,0.0,0.0,0.0,0.0,0.0,0.0,0.0,0.0,0.0,0.0,1,103.0434172009,17.6660479749795
72,EMEA,India,-,Desktop,2024-07-06,579.94,Jul,2024,0.0,0.0,0.0,579.94,0.0,0.0,0.0,0.0,0.0,0.0,0.0,0.0,0.0,0.0,0.0,0.0,0.0,0.0,1,103.0434172009,17.6660479749795
73,EMEA,India,-,Desktop,2024-07-07,219.41,Jul,2024,0.0,0.0,0.0,219.41,0.0,0.0,0.0,0.0,0.0,0.0,0.0,0.0,0.0,0.0,0.0,0.0,0.0,0.0,1,103.0434172009,17.6660479749795
74,EMEA,India,-,Desktop,2024-07-08,753.99,Jul,2024,0.0,0.0,0.0,753.99,0.0,0.0,0.0,0.0,0.0,0.0,0.0,0.0,0.0,0.0,0.0,0.0,0.0,0.0,0,103.0434172009,17.6660479749795
75,EMEA,India,-,Desktop,2024-07-09,692.45,Jul,2024,0.0,0.0,0.0,692.45,0.0,0.0,0.0,0.0,0.0,0.0,0.0,0.0,0.0,0.0,0.0,0.0,0.0,0.0,0,103.0434172009,17.6660479749795
76,EMEA,India,-,Desktop,2024-07-10,588.45,Jul,2024,0.0,0.0,0.0,588.45,0.0,0.0,0.0,0.0,0.0,0.0,0.0,0.0,0.0,0.0,0.0,0.0,0.0,0.0,1,103.0434172009,17.6660479749795
77,EMEA,India,-,Desktop,2024-07-11,629.2399999999999,Jul,2024,0.0,0.0,0.0,629.2399999999999,0.0,0.0,0.0,0.0,0.0,0.0,0.0,0.0,0.0,0.0,0.0,0.0,0.0,0.0,1,103.0434172009,17.6660479749795
78,EMEA,India,-,Desktop,2024-07-12,550.75,Jul,2024,0.0,0.0,0.0,550.75,0.0,0.0,0.0,0.0,0.0,0.0,0.0,0.0,0.0,0.0,0.0,0.0,0.0,0.0,1,103.0434172009,17.6660479749795
79,EMEA,India,-,Desktop,2024-07-13,320.7,Jul,2024,0.0,0.0,0.0,320.7,0.0,0.0,0.0,0.0,0.0,0.0,0.0,0.0,0.0,0.0,0.0,0.0,0.0,0.0,1,103.0434172009,17.6660479749795
80,EMEA,India,-,Desktop,2024-07-14,151.43000000000004,Jul,2024,0.0,0.0,0.0,151.43000000000004,0.0,0.0,0.0,0.0,0.0,0.0,0.0,0.0,0.0,0.0,0.0,0.0,0.0,0.0,1,103.0434172009,17.6660479749795
81,EMEA,India,-,Desktop,2024-07-15,654.12,Jul,2024,0.0,0.0,0.0,654.12,0.0,0.0,0.0,0.0,0.0,0.0,0.0,0.0,0.0,0.0,0.0,0.0,0.0,0.0,0,103.0434172009,17.6660479749795
82,EMEA,India,-,Desktop,2024-07-16,593.01,Jul,2024,0.0,0.0,0.0,593.01,0.0,0.0,0.0,0.0,0.0,0.0,0.0,0.0,0.0,0.0,0.0,0.0,0.0,0.0,0,103.0434172009,17.6660479749795
83,EMEA,India,-,Desktop,2024-07-17,601.48,Jul,2024,0.0,0.0,0.0,601.48,0.0,0.0,0.0,0.0,0.0,0.0,0.0,0.0,0.0,0.0,0.0,0.0,0.0,0.0,1,103.0434172009,17.6660479749795
84,EMEA,India,-,Desktop,2024-07-18,559.04,Jul,2024,0.0,0.0,0.0,559.04,0.0,0.0,0.0,0.0,0.0,0.0,0.0,0.0,0.0,0.0,0.0,0.0,0.0,0.0,1,103.0434172009,17.6660479749795
85,EMEA,India,-,Desktop,2024-07-19,1296.3999999999999,Jul,2024,0.0,0.0,0.0,1296.3999999999999,0.0,0.0,0.0,0.0,0.0,0.0,0.0,0.0,0.0,0.0,0.0,0.0,0.0,0.0,1,103.0434172009,17.6660479749795
86,EMEA,India,-,Desktop,2024-07-20,841.08,Jul,2024,0.0,0.0,0.0,841.08,0.0,0.0,0.0,0.0,0.0,0.0,0.0,0.0,0.0,0.0,0.0,0.0,0.0,0.0,1,103.0434172009,17.6660479749795
87,EMEA,India,-,Desktop,2024-07-21,288.71000000000004,Jul,2024,0.0,0.0,0.0,288.71000000000004,0.0,0.0,0.0,0.0,0.0,0.0,0.0,0.0,0.0,0.0,0.0,0.0,0.0,0.0,1,103.0434172009,17.6660479749795
88,EMEA,India,-,Desktop,2024-07-22,2431.1399999999994,Jul,2024,0.0,0.0,0.0,2431.1399999999994,0.0,0.0,0.0,0.0,0.0,0.0,0.0,0.0,0.0,0.0,0.0,0.0,0.0,0.0,0,103.0434172009,17.6660479749795
89,EMEA,India,-,Desktop,2024-07-23,2596.3699999999994,Jul,2024,0.0,0.0,0.0,2596.3699999999994,0.0,0.0,0.0,0.0,0.0,0.0,0.0,0.0,0.0,0.0,0.0,0.0,0.0,0.0,0,103.0434172009,17.6660479749795
90,EMEA,India,-,Desktop,2024-07-24,2260.33,Jul,2024,0.0,0.0,0.0,2260.33,0.0,0.0,0.0,0.0,0.0,0.0,0.0,0.0,0.0,0.0,0.0,0.0,0.0,0.0,1,103.0434172009,17.6660479749795
91,EMEA,India,-,Desktop,2024-07-25,2130.0299999999997,Jul,2024,0.0,0.0,0.0,2130.0299999999997,0.0,0.0,0.0,0.0,0.0,0.0,0.0,0.0,0.0,0.0,0.0,0.0,0.0,0.0,1,103.0434172009,17.6660479749795
92,EMEA,India,-,Desktop,2024-07-26,1773.4499999999998,Jul,2024,0.0,0.0,0.0,1773.4499999999998,0.0,0.0,0.0,0.0,0.0,0.0,0.0,0.0,0.0,0.0,0.0,0.0,0.0,0.0,1,103.0434172009,17.6660479749795
93,EMEA,India,-,Desktop,2024-07-27,1203.69,Jul,2024,0.0,0.0,0.0,1203.69,0.0,0.0,0.0,0.0,0.0,0.0,0.0,0.0,0.0,0.0,0.0,0.0,0.0,0.0,1,103.0434172009,17.6660479749795
94,EMEA,India,-,Desktop,2024-07-28,498.5899999999999,Jul,2024,0.0,0.0,0.0,498.5899999999999,0.0,0.0,0.0,0.0,0.0,0.0,0.0,0.0,0.0,0.0,0.0,0.0,0.0,0.0,1,103.0434172009,17.6660479749795
95,EMEA,India,-,Desktop,2024-07-29,1725.3,Jul,2024,0.0,0.0,0.0,1725.3,0.0,0.0,0.0,0.0,0.0,0.0,0.0,0.0,0.0,0.0,0.0,0.0,0.0,0.0,0,103.0434172009,17.6660479749795
96,EMEA,India,-,Desktop,2024-07-30,1768.2799999999997,Jul,2024,0.0,0.0,0.0,1768.2799999999997,0.0,0.0,0.0,0.0,0.0,0.0,0.0,0.0,0.0,0.0,0.0,0.0,0.0,0.0,0,103.0434172009,17.6660479749795
97,EMEA,India,-,Desktop,2024-07-31,1062.24,Jul,2024,0.0,0.0,0.0,1062.24,0.0,0.0,0.0,0.0,0.0,0.0,0.0,0.0,0.0,0.0,0.0,0.0,0.0,0.0,1,103.0434172009,17.6660479749795
98,EMEA,India,-,Desktop,2024-08-01,310.05,Aug,2024,0.0,310.05,0.0,0.0,0.0,0.0,0.0,0.0,0.0,0.0,0.0,0.0,0.0,0.0,0.0,0.0,0.0,0.0,1,103.0434172009,17.6660479749795
99,EMEA,India,-,Desktop,2024-08-02,313.38,Aug,2024,0.0,313.38,0.0,0.0,0.0,0.0,0.0,0.0,0.0,0.0,0.0,0.0,0.0,0.0,0.0,0.0,0.0,0.0,1,103.0434172009,17.6660479749795
100,EMEA,India,-,Desktop,2024-08-03,206.01,Aug,2024,0.0,206.01,0.0,0.0,0.0,0.0,0.0,0.0,0.0,0.0,0.0,0.0,0.0,0.0,0.0,0.0,0.0,0.0,1,103.0434172009,17.6660479749795
101,EMEA,India,-,Desktop,2024-08-04,48.040000000000006,Aug,2024,0.0,48.040000000000006,0.0,0.0,0.0,0.0,0.0,0.0,0.0,0.0,0.0,0.0,0.0,0.0,0.0,0.0,0.0,0.0,1,103.0434172009,17.6660479749795
102,EMEA,India,-,Desktop,2024-08-05,305.42,Aug,2024,0.0,305.42,0.0,0.0,0.0,0.0,0.0,0.0,0.0,0.0,0.0,0.0,0.0,0.0,0.0,0.0,0.0,0.0,0,103.0434172009,17.6660479749795
103,EMEA,India,-,Desktop,2024-08-06,455.9100000000001,Aug,2024,0.0,455.9100000000001,0.0,0.0,0.0,0.0,0.0,0.0,0.0,0.0,0.0,0.0,0.0,0.0,0.0,0.0,0.0,0.0,0,103.0434172009,17.6660479749795
104,EMEA,India,-,Desktop,2024-08-07,739.4799999999999,Aug,2024,0.0,739.4799999999999,0.0,0.0,0.0,0.0,0.0,0.0,0.0,0.0,0.0,0.0,0.0,0.0,0.0,0.0,0.0,0.0,1,103.0434172009,17.6660479749795
105,EMEA,India,-,Desktop,2024-08-08,817.6099999999999,Aug,2024,0.0,817.6099999999999,0.0,0.0,0.0,0.0,0.0,0.0,0.0,0.0,0.0,0.0,0.0,0.0,0.0,0.0,0.0,0.0,1,103.0434172009,17.6660479749795
106,EMEA,India,-,Desktop,2024-08-09,751.9,Aug,2024,0.0,751.9,0.0,0.0,0.0,0.0,0.0,0.0,0.0,0.0,0.0,0.0,0.0,0.0,0.0,0.0,0.0,0.0,1,103.0434172009,17.6660479749795
107,EMEA,India,-,Desktop,2024-08-10,330.35,Aug,2024,0.0,330.35,0.0,0.0,0.0,0.0,0.0,0.0,0.0,0.0,0.0,0.0,0.0,0.0,0.0,0.0,0.0,0.0,1,103.0434172009,17.6660479749795
108,EMEA,India,-,Desktop,2024-08-11,75.55999999999999,Aug,2024,0.0,75.55999999999999,0.0,0.0,0.0,0.0,0.0,0.0,0.0,0.0,0.0,0.0,0.0,0.0,0.0,0.0,0.0,0.0,1,103.0434172009,17.6660479749795
109,EMEA,India,-,Desktop,2024-08-12,604.5,Aug,2024,0.0,604.5,0.0,0.0,0.0,0.0,0.0,0.0,0.0,0.0,0.0,0.0,0.0,0.0,0.0,0.0,0.0,0.0,0,103.0434172009,17.6660479749795
110,EMEA,India,-,Desktop,2024-08-13,321.40000000000003,Aug,2024,0.0,321.40000000000003,0.0,0.0,0.0,0.0,0.0,0.0,0.0,0.0,0.0,0.0,0.0,0.0,0.0,0.0,0.0,0.0,0,103.0434172009,17.6660479749795
111,EMEA,India,-,Desktop,2024-08-14,751.2699999999998,Aug,2024,0.0,751.2699999999998,0.0,0.0,0.0,0.0,0.0,0.0,0.0,0.0,0.0,0.0,0.0,0.0,0.0,0.0,0.0,0.0,1,103.0434172009,17.6660479749795
112,EMEA,India,-,Desktop,2024-08-15,626.4999999999999,Aug,2024,0.0,626.4999999999999,0.0,0.0,0.0,0.0,0.0,0.0,0.0,0.0,0.0,0.0,0.0,0.0,0.0,0.0,0.0,0.0,1,103.0434172009,17.6660479749795
113,EMEA,India,-,Desktop,2024-08-16,535.0799999999999,Aug,2024,0.0,535.0799999999999,0.0,0.0,0.0,0.0,0.0,0.0,0.0,0.0,0.0,0.0,0.0,0.0,0.0,0.0,0.0,0.0,1,103.0434172009,17.6660479749795
114,EMEA,India,-,Desktop,2024-08-17,362.9100000000001,Aug,2024,0.0,362.9100000000001,0.0,0.0,0.0,0.0,0.0,0.0,0.0,0.0,0.0,0.0,0.0,0.0,0.0,0.0,0.0,0.0,1,103.0434172009,17.6660479749795
115,EMEA,India,-,Desktop,2024-08-18,118.75999999999999,Aug,2024,0.0,118.75999999999999,0.0,0.0,0.0,0.0,0.0,0.0,0.0,0.0,0.0,0.0,0.0,0.0,0.0,0.0,0.0,0.0,1,103.0434172009,17.6660479749795
116,EMEA,India,-,Desktop,2024-08-19,805.04,Aug,2024,0.0,805.04,0.0,0.0,0.0,0.0,0.0,0.0,0.0,0.0,0.0,0.0,0.0,0.0,0.0,0.0,0.0,0.0,0,103.0434172009,17.6660479749795
117,EMEA,India,-,Desktop,2024-08-20,786.1899999999999,Aug,2024,0.0,786.1899999999999,0.0,0.0,0.0,0.0,0.0,0.0,0.0,0.0,0.0,0.0,0.0,0.0,0.0,0.0,0.0,0.0,0,103.0434172009,17.6660479749795
118,EMEA,India,-,Desktop,2024-08-21,902.38,Aug,2024,0.0,902.38,0.0,0.0,0.0,0.0,0.0,0.0,0.0,0.0,0.0,0.0,0.0,0.0,0.0,0.0,0.0,0.0,1,103.0434172009,17.6660479749795
119,EMEA,India,-,Desktop,2024-08-22,773.43,Aug,2024,0.0,773.43,0.0,0.0,0.0,0.0,0.0,0.0,0.0,0.0,0.0,0.0,0.0,0.0,0.0,0.0,0.0,0.0,1,103.0434172009,17.6660479749795
120,EMEA,India,-,Desktop,2024-08-23,564.1999999999999,Aug,2024,0.0,564.1999999999999,0.0,0.0,0.0,0.0,0.0,0.0,0.0,0.0,0.0,0.0,0.0,0.0,0.0,0.0,0.0,0.0,1,103.0434172009,17.6660479749795
121,EMEA,India,-,Desktop,2024-08-24,321.15000000000003,Aug,2024,0.0,321.15000000000003,0.0,0.0,0.0,0.0,0.0,0.0,0.0,0.0,0.0,0.0,0.0,0.0,0.0,0.0,0.0,0.0,1,103.0434172009,17.6660479749795
122,EMEA,India,-,Desktop,2024-08-25,79.10000000000001,Aug,2024,0.0,79.10000000000001,0.0,0.0,0.0,0.0,0.0,0.0,0.0,0.0,0.0,0.0,0.0,0.0,0.0,0.0,0.0,0.0,1,103.0434172009,17.6660479749795
123,EMEA,India,-,Desktop,2024-08-26,700.26,Aug,2024,0.0,700.26,0.0,0.0,0.0,0.0,0.0,0.0,0.0,0.0,0.0,0.0,0.0,0.0,0.0,0.0,0.0,0.0,0,103.0434172009,17.6660479749795
124,EMEA,India,-,Desktop,2024-08-27,829.96,Aug,2024,0.0,829.96,0.0,0.0,0.0,0.0,0.0,0.0,0.0,0.0,0.0,0.0,0.0,0.0,0.0,0.0,0.0,0.0,0,103.0434172009,17.6660479749795
125,EMEA,India,-,Desktop,2024-08-28,774.69,Aug,2024,0.0,774.69,0.0,0.0,0.0,0.0,0.0,0.0,0.0,0.0,0.0,0.0,0.0,0.0,0.0,0.0,0.0,0.0,1,103.0434172009,17.6660479749795
126,EMEA,India,-,Desktop,2024-08-29,893.5699999999999,Aug,2024,0.0,893.5699999999999,0.0,0.0,0.0,0.0,0.0,0.0,0.0,0.0,0.0,0.0,0.0,0.0,0.0,0.0,0.0,0.0,1,103.0434172009,17.6660479749795
127,EMEA,India,-,Desktop,2024-08-30,986.41,Aug,2024,0.0,986.41,0.0,0.0,0.0,0.0,0.0,0.0,0.0,0.0,0.0,0.0,0.0,0.0,0.0,0.0,0.0,0.0,1,103.0434172009,17.6660479749795
128,EMEA,India,-,Desktop,2024-08-31,401.36000000000007,Aug,2024,0.0,401.36000000000007,0.0,0.0,0.0,0.0,0.0,0.0,0.0,0.0,0.0,0.0,0.0,0.0,0.0,0.0,0.0,0.0,1,103.0434172009,17.6660479749795
129,EMEA,India,-,Desktop,2024-09-01,97.57000000000002,Sep,2024,0.0,0.0,0.0,0.0,0.0,0.0,0.0,0.0,97.57000000000002,0.0,0.0,0.0,0.0,0.0,0.0,0.0,0.0,0.0,1,103.0434172009,17.6660479749795
130,EMEA,India,-,Desktop,2024-09-02,477.7600000000001,Sep,2024,0.0,0.0,0.0,0.0,0.0,0.0,0.0,0.0,477.7600000000001,0.0,0.0,0.0,0.0,0.0,0.0,0.0,0.0,0.0,0,103.0434172009,17.6660479749795
131,EMEA,India,-,Desktop,2024-09-03,745.18,Sep,2024,0.0,0.0,0.0,0.0,0.0,0.0,0.0,0.0,745.18,0.0,0.0,0.0,0.0,0.0,0.0,0.0,0.0,0.0,0,103.0434172009,17.6660479749795
132,EMEA,India,-,Desktop,2024-09-04,965.76,Sep,2024,0.0,0.0,0.0,0.0,0.0,0.0,0.0,0.0,965.76,0.0,0.0,0.0,0.0,0.0,0.0,0.0,0.0,0.0,1,103.0434172009,17.6660479749795
133,EMEA,India,-,Desktop,2024-09-05,792.0500000000002,Sep,2024,0.0,0.0,0.0,0.0,0.0,0.0,0.0,0.0,792.0500000000002,0.0,0.0,0.0,0.0,0.0,0.0,0.0,0.0,0.0,1,103.0434172009,17.6660479749795
134,EMEA,India,-,Desktop,2024-09-06,619.8199999999999,Sep,2024,0.0,0.0,0.0,0.0,0.0,0.0,0.0,0.0,619.8199999999999,0.0,0.0,0.0,0.0,0.0,0.0,0.0,0.0,0.0,1,103.0434172009,17.6660479749795
135,EMEA,India,-,Desktop,2024-09-07,333.40000000000003,Sep,2024,0.0,0.0,0.0,0.0,0.0,0.0,0.0,0.0,333.40000000000003,0.0,0.0,0.0,0.0,0.0,0.0,0.0,0.0,0.0,1,103.0434172009,17.6660479749795
136,EMEA,India,-,Desktop,2024-09-08,139.49,Sep,2024,0.0,0.0,0.0,0.0,0.0,0.0,0.0,0.0,139.49,0.0,0.0,0.0,0.0,0.0,0.0,0.0,0.0,0.0,1,103.0434172009,17.6660479749795
137,EMEA,India,-,Desktop,2024-09-09,955.7600000000001,Sep,2024,0.0,0.0,0.0,0.0,0.0,0.0,0.0,0.0,955.7600000000001,0.0,0.0,0.0,0.0,0.0,0.0,0.0,0.0,0.0,0,103.0434172009,17.6660479749795
138,EMEA,India,-,Desktop,2024-09-10,839.66,Sep,2024,0.0,0.0,0.0,0.0,0.0,0.0,0.0,0.0,839.66,0.0,0.0,0.0,0.0,0.0,0.0,0.0,0.0,0.0,0,103.0434172009,17.6660479749795
139,EMEA,India,-,Desktop,2024-09-11,1014.8499999999999,Sep,2024,0.0,0.0,0.0,0.0,0.0,0.0,0.0,0.0,1014.8499999999999,0.0,0.0,0.0,0.0,0.0,0.0,0.0,0.0,0.0,1,103.0434172009,17.6660479749795
140,EMEA,India,-,Desktop,2024-09-12,725.14,Sep,2024,0.0,0.0,0.0,0.0,0.0,0.0,0.0,0.0,725.14,0.0,0.0,0.0,0.0,0.0,0.0,0.0,0.0,0.0,1,103.0434172009,17.6660479749795
141,EMEA,India,-,Desktop,2024-09-13,789.5799999999999,Sep,2024,0.0,0.0,0.0,0.0,0.0,0.0,0.0,0.0,789.5799999999999,0.0,0.0,0.0,0.0,0.0,0.0,0.0,0.0,0.0,1,103.0434172009,17.6660479749795
142,EMEA,India,-,Desktop,2024-09-14,393.41,Sep,2024,0.0,0.0,0.0,0.0,0.0,0.0,0.0,0.0,393.41,0.0,0.0,0.0,0.0,0.0,0.0,0.0,0.0,0.0,1,103.0434172009,17.6660479749795
143,EMEA,India,-,Desktop,2024-09-15,174.60999999999999,Sep,2024,0.0,0.0,0.0,0.0,0.0,0.0,0.0,0.0,174.60999999999999,0.0,0.0,0.0,0.0,0.0,0.0,0.0,0.0,0.0,1,103.0434172009,17.6660479749795
144,EMEA,India,-,Desktop,2024-09-16,648.0999999999999,Sep,2024,0.0,0.0,0.0,0.0,0.0,0.0,0.0,0.0,648.0999999999999,0.0,0.0,0.0,0.0,0.0,0.0,0.0,0.0,0.0,0,103.0434172009,17.6660479749795
145,EMEA,India,-,Desktop,2024-09-17,792.01,Sep,2024,0.0,0.0,0.0,0.0,0.0,0.0,0.0,0.0,792.01,0.0,0.0,0.0,0.0,0.0,0.0,0.0,0.0,0.0,0,103.0434172009,17.6660479749795
146,EMEA,India,-,Desktop,2024-09-18,1059.88,Sep,2024,0.0,0.0,0.0,0.0,0.0,0.0,0.0,0.0,1059.88,0.0,0.0,0.0,0.0,0.0,0.0,0.0,0.0,0.0,1,103.0434172009,17.6660479749795
147,EMEA,India,-,Desktop,2024-09-19,1130.3099999999995,Sep,2024,0.0,0.0,0.0,0.0,0.0,0.0,0.0,0.0,1130.3099999999995,0.0,0.0,0.0,0.0,0.0,0.0,0.0,0.0,0.0,1,103.0434172009,17.6660479749795
148,EMEA,India,-,Desktop,2024-09-20,1029.09,Sep,2024,0.0,0.0,0.0,0.0,0.0,0.0,0.0,0.0,1029.09,0.0,0.0,0.0,0.0,0.0,0.0,0.0,0.0,0.0,1,103.0434172009,17.6660479749795
149,EMEA,India,-,Desktop,2024-09-21,263.26000000000005,Sep,2024,0.0,0.0,0.0,0.0,0.0,0.0,0.0,0.0,263.26000000000005,0.0,0.0,0.0,0.0,0.0,0.0,0.0,0.0,0.0,1,103.0434172009,17.6660479749795
150,EMEA,India,-,Desktop,2024-09-22,110.97999999999999,Sep,2024,0.0,0.0,0.0,0.0,0.0,0.0,0.0,0.0,110.97999999999999,0.0,0.0,0.0,0.0,0.0,0.0,0.0,0.0,0.0,1,103.0434172009,17.6660479749795
151,EMEA,India,-,Desktop,2024-09-23,724.73,Sep,2024,0.0,0.0,0.0,0.0,0.0,0.0,0.0,0.0,724.73,0.0,0.0,0.0,0.0,0.0,0.0,0.0,0.0,0.0,0,103.0434172009,17.6660479749795
152,EMEA,India,-,Desktop,2024-09-24,724.9200000000001,Sep,2024,0.0,0.0,0.0,0.0,0.0,0.0,0.0,0.0,724.9200000000001,0.0,0.0,0.0,0.0,0.0,0.0,0.0,0.0,0.0,0,103.0434172009,17.6660479749795
153,EMEA,India,-,Desktop,2024-09-25,611.79,Sep,2024,0.0,0.0,0.0,0.0,0.0,0.0,0.0,0.0,611.79,0.0,0.0,0.0,0.0,0.0,0.0,0.0,0.0,0.0,1,103.0434172009,17.6660479749795
154,EMEA,India,-,Desktop,2024-09-26,554.34,Sep,2024,0.0,0.0,0.0,0.0,0.0,0.0,0.0,0.0,554.34,0.0,0.0,0.0,0.0,0.0,0.0,0.0,0.0,0.0,1,103.0434172009,17.6660479749795
155,EMEA,India,-,Desktop,2024-09-27,442.36,Sep,2024,0.0,0.0,0.0,0.0,0.0,0.0,0.0,0.0,442.36,0.0,0.0,0.0,0.0,0.0,0.0,0.0,0.0,0.0,1,103.0434172009,17.6660479749795
156,EMEA,India,-,Desktop,2024-09-28,97.0,Sep,2024,0.0,0.0,0.0,0.0,0.0,0.0,0.0,0.0,97.0,0.0,0.0,0.0,0.0,0.0,0.0,0.0,0.0,0.0,1,103.0434172009,17.6660479749795
157,EMEA,India,-,Desktop,2024-09-29,148.03,Sep,2024,0.0,0.0,0.0,0.0,0.0,0.0,0.0,0.0,148.03,0.0,0.0,0.0,0.0,0.0,0.0,0.0,0.0,0.0,1,103.0434172009,17.6660479749795
158,EMEA,India,-,Desktop,2024-09-30,278.65,Sep,2024,0.0,0.0,0.0,0.0,0.0,0.0,0.0,0.0,278.65,0.0,0.0,0.0,0.0,0.0,0.0,0.0,0.0,0.0,0,103.0434172009,17.6660479749795
159,EMEA,India,-,Desktop,2024-10-01,496.57,Oct,2024,0.0,0.0,0.0,0.0,0.0,0.0,0.0,496.57,0.0,0.0,0.0,0.0,0.0,0.0,0.0,0.0,0.0,0.0,0,103.0434172009,17.6660479749795
160,EMEA,India,-,Desktop,2024-10-02,698.14,Oct,2024,0.0,0.0,0.0,0.0,0.0,0.0,0.0,698.14,0.0,0.0,0.0,0.0,0.0,0.0,0.0,0.0,0.0,0.0,1,103.0434172009,17.6660479749795
161,EMEA,India,-,Desktop,2024-10-03,559.9499999999999,Oct,2024,0.0,0.0,0.0,0.0,0.0,0.0,0.0,559.9499999999999,0.0,0.0,0.0,0.0,0.0,0.0,0.0,0.0,0.0,0.0,1,103.0434172009,17.6660479749795
162,EMEA,India,-,Desktop,2024-10-04,434.96000000000004,Oct,2024,0.0,0.0,0.0,0.0,0.0,0.0,0.0,434.96000000000004,0.0,0.0,0.0,0.0,0.0,0.0,0.0,0.0,0.0,0.0,1,103.0434172009,17.6660479749795
163,EMEA,India,-,Desktop,2024-10-05,244.66999999999996,Oct,2024,0.0,0.0,0.0,0.0,0.0,0.0,0.0,244.66999999999996,0.0,0.0,0.0,0.0,0.0,0.0,0.0,0.0,0.0,0.0,1,103.0434172009,17.6660479749795
164,EMEA,India,-,Desktop,2024-10-06,144.26000000000002,Oct,2024,0.0,0.0,0.0,0.0,0.0,0.0,0.0,144.26000000000002,0.0,0.0,0.0,0.0,0.0,0.0,0.0,0.0,0.0,0.0,1,103.0434172009,17.6660479749795
165,EMEA,India,-,Desktop,2024-10-07,392.76,Oct,2024,0.0,0.0,0.0,0.0,0.0,0.0,0.0,392.76,0.0,0.0,0.0,0.0,0.0,0.0,0.0,0.0,0.0,0.0,0,103.0434172009,17.6660479749795
166,EMEA,India,-,Desktop,2024-10-08,506.61,Oct,2024,0.0,0.0,0.0,0.0,0.0,0.0,0.0,506.61,0.0,0.0,0.0,0.0,0.0,0.0,0.0,0.0,0.0,0.0,0,103.0434172009,17.6660479749795
167,EMEA,India,-,Desktop,2024-10-09,881.7800000000002,Oct,2024,0.0,0.0,0.0,0.0,0.0,0.0,0.0,881.7800000000002,0.0,0.0,0.0,0.0,0.0,0.0,0.0,0.0,0.0,0.0,1,103.0434172009,17.6660479749795
168,EMEA,India,-,Desktop,2024-10-10,689.2399999999999,Oct,2024,0.0,0.0,0.0,0.0,0.0,0.0,0.0,689.2399999999999,0.0,0.0,0.0,0.0,0.0,0.0,0.0,0.0,0.0,0.0,1,103.0434172009,17.6660479749795
169,EMEA,India,-,Desktop,2024-10-11,719.4499999999999,Oct,2024,0.0,0.0,0.0,0.0,0.0,0.0,0.0,719.4499999999999,0.0,0.0,0.0,0.0,0.0,0.0,0.0,0.0,0.0,0.0,1,103.0434172009,17.6660479749795
170,EMEA,India,-,Desktop,2024-10-12,418.7,Oct,2024,0.0,0.0,0.0,0.0,0.0,0.0,0.0,418.7,0.0,0.0,0.0,0.0,0.0,0.0,0.0,0.0,0.0,0.0,1,103.0434172009,17.6660479749795
171,EMEA,India,-,Desktop,2024-10-13,117.11999999999998,Oct,2024,0.0,0.0,0.0,0.0,0.0,0.0,0.0,117.11999999999998,0.0,0.0,0.0,0.0,0.0,0.0,0.0,0.0,0.0,0.0,1,103.0434172009,17.6660479749795
172,EMEA,India,-,Desktop,2024-10-14,735.66,Oct,2024,0.0,0.0,0.0,0.0,0.0,0.0,0.0,735.66,0.0,0.0,0.0,0.0,0.0,0.0,0.0,0.0,0.0,0.0,0,103.0434172009,17.6660479749795
173,EMEA,India,-,Desktop,2024-10-15,769.4300000000001,Oct,2024,0.0,0.0,0.0,0.0,0.0,0.0,0.0,769.4300000000001,0.0,0.0,0.0,0.0,0.0,0.0,0.0,0.0,0.0,0.0,0,103.0434172009,17.6660479749795
174,EMEA,India,-,Desktop,2024-10-16,833.7900000000001,Oct,2024,0.0,0.0,0.0,0.0,0.0,0.0,0.0,833.7900000000001,0.0,0.0,0.0,0.0,0.0,0.0,0.0,0.0,0.0,0.0,1,103.0434172009,17.6660479749795
175,EMEA,India,-,Desktop,2024-10-17,717.5899999999999,Oct,2024,0.0,0.0,0.0,0.0,0.0,0.0,0.0,717.5899999999999,0.0,0.0,0.0,0.0,0.0,0.0,0.0,0.0,0.0,0.0,1,103.0434172009,17.6660479749795
176,EMEA,India,-,Desktop,2024-10-18,1041.62,Oct,2024,0.0,0.0,0.0,0.0,0.0,0.0,0.0,1041.62,0.0,0.0,0.0,0.0,0.0,0.0,0.0,0.0,0.0,0.0,1,103.0434172009,17.6660479749795
177,EMEA,India,-,Desktop,2024-10-19,429.59,Oct,2024,0.0,0.0,0.0,0.0,0.0,0.0,0.0,429.59,0.0,0.0,0.0,0.0,0.0,0.0,0.0,0.0,0.0,0.0,1,103.0434172009,17.6660479749795
178,EMEA,India,-,Desktop,2024-10-20,138.86,Oct,2024,0.0,0.0,0.0,0.0,0.0,0.0,0.0,138.86,0.0,0.0,0.0,0.0,0.0,0.0,0.0,0.0,0.0,0.0,1,103.0434172009,17.6660479749795
179,EMEA,India,-,Desktop,2024-10-21,679.7600000000001,Oct,2024,0.0,0.0,0.0,0.0,0.0,0.0,0.0,679.7600000000001,0.0,0.0,0.0,0.0,0.0,0.0,0.0,0.0,0.0,0.0,0,103.0434172009,17.6660479749795
180,EMEA,India,-,Desktop,2024-10-22,496.37999999999994,Oct,2024,0.0,0.0,0.0,0.0,0.0,0.0,0.0,496.37999999999994,0.0,0.0,0.0,0.0,0.0,0.0,0.0,0.0,0.0,0.0,0,103.0434172009,17.6660479749795
181,EMEA,India,-,Desktop,2024-10-23,1082.66,Oct,2024,0.0,0.0,0.0,0.0,0.0,0.0,0.0,1082.66,0.0,0.0,0.0,0.0,0.0,0.0,0.0,0.0,0.0,0.0,1,103.0434172009,17.6660479749795
182,EMEA,India,-,Desktop,2024-10-24,1064.3999999999999,Oct,2024,0.0,0.0,0.0,0.0,0.0,0.0,0.0,1064.3999999999999,0.0,0.0,0.0,0.0,0.0,0.0,0.0,0.0,0.0,0.0,1,103.0434172009,17.6660479749795
183,EMEA,India,-,Desktop,2024-10-25,1140.4799999999998,Oct,2024,0.0,0.0,0.0,0.0,0.0,0.0,0.0,1140.4799999999998,0.0,0.0,0.0,0.0,0.0,0.0,0.0,0.0,0.0,0.0,1,103.0434172009,17.6660479749795
184,EMEA,India,-,Desktop,2024-10-26,399.24,Oct,2024,0.0,0.0,0.0,0.0,0.0,0.0,0.0,399.24,0.0,0.0,0.0,0.0,0.0,0.0,0.0,0.0,0.0,0.0,1,103.0434172009,17.6660479749795
185,EMEA,India,-,Desktop,2024-10-27,196.68,Oct,2024,0.0,0.0,0.0,0.0,0.0,0.0,0.0,196.68,0.0,0.0,0.0,0.0,0.0,0.0,0.0,0.0,0.0,0.0,1,103.0434172009,17.6660479749795
186,EMEA,India,-,Desktop,2024-10-28,910.05,Oct,2024,0.0,0.0,0.0,0.0,0.0,0.0,0.0,910.05,0.0,0.0,0.0,0.0,0.0,0.0,0.0,0.0,0.0,0.0,0,103.0434172009,17.6660479749795
187,EMEA,India,-,Desktop,2024-10-29,1077.56,Oct,2024,0.0,0.0,0.0,0.0,0.0,0.0,0.0,1077.56,0.0,0.0,0.0,0.0,0.0,0.0,0.0,0.0,0.0,0.0,0,103.0434172009,17.6660479749795
188,EMEA,India,-,Desktop,2024-10-30,1017.4300000000001,Oct,2024,0.0,0.0,0.0,0.0,0.0,0.0,0.0,1017.4300000000001,0.0,0.0,0.0,0.0,0.0,0.0,0.0,0.0,0.0,0.0,1,103.0434172009,17.6660479749795
189,EMEA,India,-,Desktop,2024-10-31,941.23,Oct,2024,0.0,0.0,0.0,0.0,0.0,0.0,0.0,941.23,0.0,0.0,0.0,0.0,0.0,0.0,0.0,0.0,0.0,0.0,1,103.0434172009,17.6660479749795
190,EMEA,India,-,Desktop,2024-11-01,804.59,Nov,2024,0.0,0.0,0.0,0.0,0.0,0.0,804.59,0.0,0.0,0.0,0.0,0.0,0.0,0.0,0.0,0.0,0.0,0.0,1,103.0434172009,17.6660479749795
191,EMEA,India,-,Desktop,2024-11-02,397.06,Nov,2024,0.0,0.0,0.0,0.0,0.0,0.0,397.06,0.0,0.0,0.0,0.0,0.0,0.0,0.0,0.0,0.0,0.0,0.0,1,103.0434172009,17.6660479749795
192,EMEA,India,-,Desktop,2024-11-03,187.9,Nov,2024,0.0,0.0,0.0,0.0,0.0,0.0,187.9,0.0,0.0,0.0,0.0,0.0,0.0,0.0,0.0,0.0,0.0,0.0,1,103.0434172009,17.6660479749795
193,EMEA,India,-,Desktop,2024-11-04,840.79,Nov,2024,0.0,0.0,0.0,0.0,0.0,0.0,840.79,0.0,0.0,0.0,0.0,0.0,0.0,0.0,0.0,0.0,0.0,0.0,0,103.0434172009,17.6660479749795
194,EMEA,India,-,Desktop,2024-11-05,914.0899999999999,Nov,2024,0.0,0.0,0.0,0.0,0.0,0.0,914.0899999999999,0.0,0.0,0.0,0.0,0.0,0.0,0.0,0.0,0.0,0.0,0.0,0,103.0434172009,17.6660479749795
195,EMEA,India,-,Desktop,2024-11-06,955.0799999999999,Nov,2024,0.0,0.0,0.0,0.0,0.0,0.0,955.0799999999999,0.0,0.0,0.0,0.0,0.0,0.0,0.0,0.0,0.0,0.0,0.0,1,103.0434172009,17.6660479749795
196,EMEA,India,-,Desktop,2024-11-07,950.0099999999999,Nov,2024,0.0,0.0,0.0,0.0,0.0,0.0,950.0099999999999,0.0,0.0,0.0,0.0,0.0,0.0,0.0,0.0,0.0,0.0,0.0,1,103.0434172009,17.6660479749795
197,EMEA,India,-,Desktop,2024-11-08,753.64,Nov,2024,0.0,0.0,0.0,0.0,0.0,0.0,753.64,0.0,0.0,0.0,0.0,0.0,0.0,0.0,0.0,0.0,0.0,0.0,1,103.0434172009,17.6660479749795
198,EMEA,India,-,Desktop,2024-11-09,351.66,Nov,2024,0.0,0.0,0.0,0.0,0.0,0.0,351.66,0.0,0.0,0.0,0.0,0.0,0.0,0.0,0.0,0.0,0.0,0.0,1,103.0434172009,17.6660479749795
199,EMEA,India,-,Desktop,2024-11-10,159.03,Nov,2024,0.0,0.0,0.0,0.0,0.0,0.0,159.03,0.0,0.0,0.0,0.0,0.0,0.0,0.0,0.0,0.0,0.0,0.0,1,103.0434172009,17.6660479749795
200,EMEA,India,-,Desktop,2024-11-11,594.13,Nov,2024,0.0,0.0,0.0,0.0,0.0,0.0,594.13,0.0,0.0,0.0,0.0,0.0,0.0,0.0,0.0,0.0,0.0,0.0,0,103.0434172009,17.6660479749795
201,EMEA,India,-,Desktop,2024-11-12,681.6800000000002,Nov,2024,0.0,0.0,0.0,0.0,0.0,0.0,681.6800000000002,0.0,0.0,0.0,0.0,0.0,0.0,0.0,0.0,0.0,0.0,0.0,0,103.0434172009,17.6660479749795
202,EMEA,India,-,Desktop,2024-11-13,825.9399999999999,Nov,2024,0.0,0.0,0.0,0.0,0.0,0.0,825.9399999999999,0.0,0.0,0.0,0.0,0.0,0.0,0.0,0.0,0.0,0.0,0.0,1,103.0434172009,17.6660479749795
203,EMEA,India,-,Desktop,2024-11-14,866.14,Nov,2024,0.0,0.0,0.0,0.0,0.0,0.0,866.14,0.0,0.0,0.0,0.0,0.0,0.0,0.0,0.0,0.0,0.0,0.0,1,103.0434172009,17.6660479749795
204,EMEA,India,-,Desktop,2024-11-15,830.4699999999999,Nov,2024,0.0,0.0,0.0,0.0,0.0,0.0,830.4699999999999,0.0,0.0,0.0,0.0,0.0,0.0,0.0,0.0,0.0,0.0,0.0,1,103.0434172009,17.6660479749795
205,EMEA,India,-,Desktop,2024-11-16,434.95,Nov,2024,0.0,0.0,0.0,0.0,0.0,0.0,434.95,0.0,0.0,0.0,0.0,0.0,0.0,0.0,0.0,0.0,0.0,0.0,1,103.0434172009,17.6660479749795
206,EMEA,India,-,Desktop,2024-11-17,172.05,Nov,2024,0.0,0.0,0.0,0.0,0.0,0.0,172.05,0.0,0.0,0.0,0.0,0.0,0.0,0.0,0.0,0.0,0.0,0.0,1,103.0434172009,17.6660479749795
207,EMEA,India,-,Desktop,2024-11-18,808.28,Nov,2024,0.0,0.0,0.0,0.0,0.0,0.0,808.28,0.0,0.0,0.0,0.0,0.0,0.0,0.0,0.0,0.0,0.0,0.0,0,103.0434172009,17.6660479749795
208,EMEA,India,-,Desktop,2024-11-19,1094.0900000000001,Nov,2024,0.0,0.0,0.0,0.0,0.0,0.0,1094.0900000000001,0.0,0.0,0.0,0.0,0.0,0.0,0.0,0.0,0.0,0.0,0.0,0,103.0434172009,17.6660479749795
209,EMEA,India,-,Desktop,2024-11-20,937.14,Nov,2024,0.0,0.0,0.0,0.0,0.0,0.0,937.14,0.0,0.0,0.0,0.0,0.0,0.0,0.0,0.0,0.0,0.0,0.0,1,103.0434172009,17.6660479749795
210,EMEA,India,-,Desktop,2024-11-21,678.3599999999999,Nov,2024,0.0,0.0,0.0,0.0,0.0,0.0,678.3599999999999,0.0,0.0,0.0,0.0,0.0,0.0,0.0,0.0,0.0,0.0,0.0,1,103.0434172009,17.6660479749795
211,EMEA,India,-,Desktop,2024-11-22,682.8,Nov,2024,0.0,0.0,0.0,0.0,0.0,0.0,682.8,0.0,0.0,0.0,0.0,0.0,0.0,0.0,0.0,0.0,0.0,0.0,1,103.0434172009,17.6660479749795
212,EMEA,India,-,Desktop,2024-11-23,472.37,Nov,2024,0.0,0.0,0.0,0.0,0.0,0.0,472.37,0.0,0.0,0.0,0.0,0.0,0.0,0.0,0.0,0.0,0.0,0.0,1,103.0434172009,17.6660479749795
213,EMEA,India,-,Desktop,2024-11-24,257.27,Nov,2024,0.0,0.0,0.0,0.0,0.0,0.0,257.27,0.0,0.0,0.0,0.0,0.0,0.0,0.0,0.0,0.0,0.0,0.0,1,103.0434172009,17.6660479749795
214,EMEA,India,-,Desktop,2024-11-25,732.62,Nov,2024,0.0,0.0,0.0,0.0,0.0,0.0,732.62,0.0,0.0,0.0,0.0,0.0,0.0,0.0,0.0,0.0,0.0,0.0,0,103.0434172009,17.6660479749795
215,EMEA,India,-,Desktop,2024-11-26,795.6,Nov,2024,0.0,0.0,0.0,0.0,0.0,0.0,795.6,0.0,0.0,0.0,0.0,0.0,0.0,0.0,0.0,0.0,0.0,0.0,0,103.0434172009,17.6660479749795
216,EMEA,India,-,Desktop,2024-11-27,896.09,Nov,2024,0.0,0.0,0.0,0.0,0.0,0.0,896.09,0.0,0.0,0.0,0.0,0.0,0.0,0.0,0.0,0.0,0.0,0.0,1,103.0434172009,17.6660479749795
217,EMEA,India,-,Desktop,2024-11-28,747.8399999999999,Nov,2024,0.0,0.0,0.0,0.0,0.0,0.0,747.8399999999999,0.0,0.0,0.0,0.0,0.0,0.0,0.0,0.0,0.0,0.0,0.0,1,103.0434172009,17.6660479749795
218,EMEA,India,-,Desktop,2024-11-29,815.62,Nov,2024,0.0,0.0,0.0,0.0,0.0,0.0,815.62,0.0,0.0,0.0,0.0,0.0,0.0,0.0,0.0,0.0,0.0,0.0,1,103.0434172009,17.6660479749795
219,EMEA,India,-,Desktop,2024-11-30,486.84000000000003,Nov,2024,0.0,0.0,0.0,0.0,0.0,0.0,486.84000000000003,0.0,0.0,0.0,0.0,0.0,0.0,0.0,0.0,0.0,0.0,0.0,1,103.0434172009,17.6660479749795
220,EMEA,India,-,Desktop,2024-12-01,225.57,Dec,2024,0.0,0.0,225.57,0.0,0.0,0.0,0.0,0.0,0.0,0.0,0.0,0.0,0.0,0.0,0.0,0.0,0.0,0.0,1,103.0434172009,17.6660479749795
221,EMEA,India,-,Desktop,2024-12-02,817.9699999999999,Dec,2024,0.0,0.0,817.9699999999999,0.0,0.0,0.0,0.0,0.0,0.0,0.0,0.0,0.0,0.0,0.0,0.0,0.0,0.0,0.0,0,103.0434172009,17.6660479749795
222,EMEA,India,-,Desktop,2024-12-03,904.9100000000001,Dec,2024,0.0,0.0,904.9100000000001,0.0,0.0,0.0,0.0,0.0,0.0,0.0,0.0,0.0,0.0,0.0,0.0,0.0,0.0,0.0,0,103.0434172009,17.6660479749795
223,EMEA,India,-,Desktop,2024-12-04,1125.44,Dec,2024,0.0,0.0,1125.44,0.0,0.0,0.0,0.0,0.0,0.0,0.0,0.0,0.0,0.0,0.0,0.0,0.0,0.0,0.0,1,103.0434172009,17.6660479749795
224,EMEA,India,-,Desktop,2024-12-05,982.01,Dec,2024,0.0,0.0,982.01,0.0,0.0,0.0,0.0,0.0,0.0,0.0,0.0,0.0,0.0,0.0,0.0,0.0,0.0,0.0,1,103.0434172009,17.6660479749795
225,EMEA,India,-,Desktop,2024-12-06,842.1600000000001,Dec,2024,0.0,0.0,842.1600000000001,0.0,0.0,0.0,0.0,0.0,0.0,0.0,0.0,0.0,0.0,0.0,0.0,0.0,0.0,0.0,1,103.0434172009,17.6660479749795
226,EMEA,India,-,Desktop,2024-12-07,531.5600000000001,Dec,2024,0.0,0.0,531.5600000000001,0.0,0.0,0.0,0.0,0.0,0.0,0.0,0.0,0.0,0.0,0.0,0.0,0.0,0.0,0.0,1,103.0434172009,17.6660479749795
227,EMEA,India,-,Desktop,2024-12-08,243.54999999999998,Dec,2024,0.0,0.0,243.54999999999998,0.0,0.0,0.0,0.0,0.0,0.0,0.0,0.0,0.0,0.0,0.0,0.0,0.0,0.0,0.0,1,103.0434172009,17.6660479749795
228,EMEA,India,-,Desktop,2024-12-09,958.78,Dec,2024,0.0,0.0,958.78,0.0,0.0,0.0,0.0,0.0,0.0,0.0,0.0,0.0,0.0,0.0,0.0,0.0,0.0,0.0,0,103.0434172009,17.6660479749795
229,EMEA,India,-,Desktop,2024-12-10,971.99,Dec,2024,0.0,0.0,971.99,0.0,0.0,0.0,0.0,0.0,0.0,0.0,0.0,0.0,0.0,0.0,0.0,0.0,0.0,0.0,0,103.0434172009,17.6660479749795
230,EMEA,India,-,Desktop,2024-12-11,982.8800000000001,Dec,2024,0.0,0.0,982.8800000000001,0.0,0.0,0.0,0.0,0.0,0.0,0.0,0.0,0.0,0.0,0.0,0.0,0.0,0.0,0.0,1,103.0434172009,17.6660479749795
231,EMEA,India,-,Desktop,2024-12-12,867.84,Dec,2024,0.0,0.0,867.84,0.0,0.0,0.0,0.0,0.0,0.0,0.0,0.0,0.0,0.0,0.0,0.0,0.0,0.0,0.0,1,103.0434172009,17.6660479749795
232,EMEA,India,-,Desktop,2024-12-13,924.4599999999999,Dec,2024,0.0,0.0,924.4599999999999,0.0,0.0,0.0,0.0,0.0,0.0,0.0,0.0,0.0,0.0,0.0,0.0,0.0,0.0,0.0,1,103.0434172009,17.6660479749795
233,EMEA,India,-,Desktop,2024-12-14,399.3,Dec,2024,0.0,0.0,399.3,0.0,0.0,0.0,0.0,0.0,0.0,0.0,0.0,0.0,0.0,0.0,0.0,0.0,0.0,0.0,1,103.0434172009,17.6660479749795
234,EMEA,India,-,Desktop,2024-12-15,225.23000000000002,Dec,2024,0.0,0.0,225.23000000000002,0.0,0.0,0.0,0.0,0.0,0.0,0.0,0.0,0.0,0.0,0.0,0.0,0.0,0.0,0.0,1,103.0434172009,17.6660479749795
235,EMEA,India,-,Desktop,2024-12-16,1033.0900000000001,Dec,2024,0.0,0.0,1033.0900000000001,0.0,0.0,0.0,0.0,0.0,0.0,0.0,0.0,0.0,0.0,0.0,0.0,0.0,0.0,0.0,0,103.0434172009,17.6660479749795
236,EMEA,India,-,Desktop,2024-12-17,983.7899999999998,Dec,2024,0.0,0.0,983.7899999999998,0.0,0.0,0.0,0.0,0.0,0.0,0.0,0.0,0.0,0.0,0.0,0.0,0.0,0.0,0.0,0,103.0434172009,17.6660479749795
237,EMEA,India,-,Desktop,2024-12-18,915.3500000000001,Dec,2024,0.0,0.0,915.3500000000001,0.0,0.0,0.0,0.0,0.0,0.0,0.0,0.0,0.0,0.0,0.0,0.0,0.0,0.0,0.0,1,103.0434172009,17.6660479749795
238,EMEA,India,-,Desktop,2024-12-19,912.27,Dec,2024,0.0,0.0,912.27,0.0,0.0,0.0,0.0,0.0,0.0,0.0,0.0,0.0,0.0,0.0,0.0,0.0,0.0,0.0,1,103.0434172009,17.6660479749795
239,EMEA,India,-,Desktop,2024-12-20,866.4599999999999,Dec,2024,0.0,0.0,866.4599999999999,0.0,0.0,0.0,0.0,0.0,0.0,0.0,0.0,0.0,0.0,0.0,0.0,0.0,0.0,0.0,1,103.0434172009,17.6660479749795
240,EMEA,India,-,Desktop,2024-12-21,509.6600000000001,Dec,2024,0.0,0.0,509.6600000000001,0.0,0.0,0.0,0.0,0.0,0.0,0.0,0.0,0.0,0.0,0.0,0.0,0.0,0.0,0.0,1,103.0434172009,17.6660479749795
241,EMEA,India,-,Desktop,2024-12-22,184.92000000000002,Dec,2024,0.0,0.0,184.92000000000002,0.0,0.0,0.0,0.0,0.0,0.0,0.0,0.0,0.0,0.0,0.0,0.0,0.0,0.0,0.0,1,103.0434172009,17.6660479749795
242,EMEA,India,-,Desktop,2024-12-23,521.78,Dec,2024,0.0,0.0,521.78,0.0,0.0,0.0,0.0,0.0,0.0,0.0,0.0,0.0,0.0,0.0,0.0,0.0,0.0,0.0,0,103.0434172009,17.6660479749795
243,EMEA,India,-,Desktop,2024-12-24,952.6199999999999,Dec,2024,0.0,0.0,952.6199999999999,0.0,0.0,0.0,0.0,0.0,0.0,0.0,0.0,0.0,0.0,0.0,0.0,0.0,0.0,0.0,0,103.0434172009,17.6660479749795
244,EMEA,India,-,Desktop,2024-12-25,1013.7799999999999,Dec,2024,0.0,0.0,1013.7799999999999,0.0,0.0,0.0,0.0,0.0,0.0,0.0,0.0,0.0,0.0,0.0,0.0,0.0,0.0,0.0,1,103.0434172009,17.6660479749795
245,EMEA,India,-,Desktop,2024-12-26,1009.1100000000001,Dec,2024,0.0,0.0,1009.1100000000001,0.0,0.0,0.0,0.0,0.0,0.0,0.0,0.0,0.0,0.0,0.0,0.0,0.0,0.0,0.0,1,103.0434172009,17.6660479749795
246,EMEA,India,-,Desktop,2024-12-27,696.96,Dec,2024,0.0,0.0,696.96,0.0,0.0,0.0,0.0,0.0,0.0,0.0,0.0,0.0,0.0,0.0,0.0,0.0,0.0,0.0,1,103.0434172009,17.6660479749795
247,EMEA,India,-,Desktop,2024-12-28,510.4799999999999,Dec,2024,0.0,0.0,510.4799999999999,0.0,0.0,0.0,0.0,0.0,0.0,0.0,0.0,0.0,0.0,0.0,0.0,0.0,0.0,0.0,1,103.0434172009,17.6660479749795
248,EMEA,India,-,Desktop,2024-12-29,167.90999999999997,Dec,2024,0.0,0.0,167.90999999999997,0.0,0.0,0.0,0.0,0.0,0.0,0.0,0.0,0.0,0.0,0.0,0.0,0.0,0.0,0.0,1,103.0434172009,17.6660479749795
249,EMEA,India,-,Desktop,2024-12-30,545.11,Dec,2024,0.0,0.0,545.11,0.0,0.0,0.0,0.0,0.0,0.0,0.0,0.0,0.0,0.0,0.0,0.0,0.0,0.0,0.0,0,103.0434172009,17.6660479749795
250,EMEA,India,-,Desktop,2024-12-31,935.42,Dec,2024,0.0,0.0,935.42,0.0,0.0,0.0,0.0,0.0,0.0,0.0,0.0,0.0,0.0,0.0,0.0,0.0,0.0,0.0,0,103.0434172009,17.6660479749795
251,EMEA,India,-,Mobile & Tablet,2024-04-25,115.07999999999998,Apr,2024,0.0,0.0,0.0,0.0,0.0,0.0,0.0,0.0,0.0,115.07999999999998,0.0,0.0,0.0,0.0,0.0,0.0,0.0,0.0,1,56.6976807017544,1.16186470892114
252,EMEA,India,-,Mobile & Tablet,2024-04-26,116.7,Apr,2024,0.0,0.0,0.0,0.0,0.0,0.0,0.0,0.0,0.0,116.7,0.0,0.0,0.0,0.0,0.0,0.0,0.0,0.0,1,56.6976807017544,1.16186470892114
253,EMEA,India,-,Mobile & Tablet,2024-04-27,99.29,Apr,2024,0.0,0.0,0.0,0.0,0.0,0.0,0.0,0.0,0.0,99.29,0.0,0.0,0.0,0.0,0.0,0.0,0.0,0.0,1,56.6976807017544,1.16186470892114
254,EMEA,India,-,Mobile & Tablet,2024-04-28,73.59000000000002,Apr,2024,0.0,0.0,0.0,0.0,0.0,0.0,0.0,0.0,0.0,73.59000000000002,0.0,0.0,0.0,0.0,0.0,0.0,0.0,0.0,1,56.6976807017544,1.16186470892114
255,EMEA,India,-,Mobile & Tablet,2024-04-29,149.9,Apr,2024,0.0,0.0,0.0,0.0,0.0,0.0,0.0,0.0,0.0,149.9,0.0,0.0,0.0,0.0,0.0,0.0,0.0,0.0,0,56.6976807017544,1.16186470892114
256,EMEA,India,-,Mobile & Tablet,2024-04-30,121.88,Apr,2024,0.0,0.0,0.0,0.0,0.0,0.0,0.0,0.0,0.0,121.88,0.0,0.0,0.0,0.0,0.0,0.0,0.0,0.0,0,56.6976807017544,1.16186470892114
257,EMEA,India,-,Mobile & Tablet,2024-05-01,119.04,May,2024,0.0,0.0,0.0,0.0,0.0,0.0,0.0,0.0,0.0,0.0,0.0,0.0,0.0,0.0,119.04,0.0,0.0,0.0,1,56.6976807017544,1.16186470892114
258,EMEA,India,-,Mobile & Tablet,2024-05-02,102.51999999999998,May,2024,0.0,0.0,0.0,0.0,0.0,0.0,0.0,0.0,0.0,0.0,0.0,0.0,0.0,0.0,102.51999999999998,0.0,0.0,0.0,1,56.6976807017544,1.16186470892114
259,EMEA,India,-,Mobile & Tablet,2024-05-03,108.20999999999998,May,2024,0.0,0.0,0.0,0.0,0.0,0.0,0.0,0.0,0.0,0.0,0.0,0.0,0.0,0.0,108.20999999999998,0.0,0.0,0.0,1,56.6976807017544,1.16186470892114
260,EMEA,India,-,Mobile & Tablet,2024-05-04,135.61,May,2024,0.0,0.0,0.0,0.0,0.0,0.0,0.0,0.0,0.0,0.0,0.0,0.0,0.0,0.0,135.61,0.0,0.0,0.0,1,56.6976807017544,1.16186470892114
261,EMEA,India,-,Mobile & Tablet,2024-05-05,168.01,May,2024,0.0,0.0,0.0,0.0,0.0,0.0,0.0,0.0,0.0,0.0,0.0,0.0,0.0,0.0,168.01,0.0,0.0,0.0,1,56.6976807017544,1.16186470892114
262,EMEA,India,-,Mobile & Tablet,2024-05-06,145.94,May,2024,0.0,0.0,0.0,0.0,0.0,0.0,0.0,0.0,0.0,0.0,0.0,0.0,0.0,0.0,145.94,0.0,0.0,0.0,0,56.6976807017544,1.16186470892114
263,EMEA,India,-,Mobile & Tablet,2024-05-07,146.73000000000002,May,2024,0.0,0.0,0.0,0.0,0.0,0.0,0.0,0.0,0.0,0.0,0.0,0.0,0.0,0.0,146.73000000000002,0.0,0.0,0.0,0,56.6976807017544,1.16186470892114
264,EMEA,India,-,Mobile & Tablet,2024-05-08,143.32,May,2024,0.0,0.0,0.0,0.0,0.0,0.0,0.0,0.0,0.0,0.0,0.0,0.0,0.0,0.0,143.32,0.0,0.0,0.0,1,56.6976807017544,1.16186470892114
265,EMEA,India,-,Mobile & Tablet,2024-05-09,113.75,May,2024,0.0,0.0,0.0,0.0,0.0,0.0,0.0,0.0,0.0,0.0,0.0,0.0,0.0,0.0,113.75,0.0,0.0,0.0,1,56.6976807017544,1.16186470892114
266,EMEA,India,-,Mobile & Tablet,2024-05-10,95.69000000000001,May,2024,0.0,0.0,0.0,0.0,0.0,0.0,0.0,0.0,0.0,0.0,0.0,0.0,0.0,0.0,95.69000000000001,0.0,0.0,0.0,1,56.6976807017544,1.16186470892114
267,EMEA,India,-,Mobile & Tablet,2024-05-11,85.03,May,2024,0.0,0.0,0.0,0.0,0.0,0.0,0.0,0.0,0.0,0.0,0.0,0.0,0.0,0.0,85.03,0.0,0.0,0.0,1,56.6976807017544,1.16186470892114
268,EMEA,India,-,Mobile & Tablet,2024-05-12,99.68,May,2024,0.0,0.0,0.0,0.0,0.0,0.0,0.0,0.0,0.0,0.0,0.0,0.0,0.0,0.0,99.68,0.0,0.0,0.0,1,56.6976807017544,1.16186470892114
269,EMEA,India,-,Mobile & Tablet,2024-05-13,110.27000000000002,May,2024,0.0,0.0,0.0,0.0,0.0,0.0,0.0,0.0,0.0,0.0,0.0,0.0,0.0,0.0,110.27000000000002,0.0,0.0,0.0,0,56.6976807017544,1.16186470892114
270,EMEA,India,-,Mobile & Tablet,2024-05-14,100.03000000000002,May,2024,0.0,0.0,0.0,0.0,0.0,0.0,0.0,0.0,0.0,0.0,0.0,0.0,0.0,0.0,100.03000000000002,0.0,0.0,0.0,0,56.6976807017544,1.16186470892114
271,EMEA,India,-,Mobile & Tablet,2024-05-15,107.03000000000002,May,2024,0.0,0.0,0.0,0.0,0.0,0.0,0.0,0.0,0.0,0.0,0.0,0.0,0.0,0.0,107.03000000000002,0.0,0.0,0.0,1,56.6976807017544,1.16186470892114
272,EMEA,India,-,Mobile & Tablet,2024-05-16,101.75,May,2024,0.0,0.0,0.0,0.0,0.0,0.0,0.0,0.0,0.0,0.0,0.0,0.0,0.0,0.0,101.75,0.0,0.0,0.0,1,56.6976807017544,1.16186470892114
273,EMEA,India,-,Mobile & Tablet,2024-05-17,85.22,May,2024,0.0,0.0,0.0,0.0,0.0,0.0,0.0,0.0,0.0,0.0,0.0,0.0,0.0,0.0,85.22,0.0,0.0,0.0,1,56.6976807017544,1.16186470892114
274,EMEA,India,-,Mobile & Tablet,2024-05-18,76.68,May,2024,0.0,0.0,0.0,0.0,0.0,0.0,0.0,0.0,0.0,0.0,0.0,0.0,0.0,0.0,76.68,0.0,0.0,0.0,1,56.6976807017544,1.16186470892114
275,EMEA,India,-,Mobile & Tablet,2024-05-19,73.33,May,2024,0.0,0.0,0.0,0.0,0.0,0.0,0.0,0.0,0.0,0.0,0.0,0.0,0.0,0.0,73.33,0.0,0.0,0.0,1,56.6976807017544,1.16186470892114
276,EMEA,India,-,Mobile & Tablet,2024-05-20,98.10000000000002,May,2024,0.0,0.0,0.0,0.0,0.0,0.0,0.0,0.0,0.0,0.0,0.0,0.0,0.0,0.0,98.10000000000002,0.0,0.0,0.0,0,56.6976807017544,1.16186470892114
277,EMEA,India,-,Mobile & Tablet,2024-05-21,119.8,May,2024,0.0,0.0,0.0,0.0,0.0,0.0,0.0,0.0,0.0,0.0,0.0,0.0,0.0,0.0,119.8,0.0,0.0,0.0,0,56.6976807017544,1.16186470892114
278,EMEA,India,-,Mobile & Tablet,2024-05-22,84.06000000000003,May,2024,0.0,0.0,0.0,0.0,0.0,0.0,0.0,0.0,0.0,0.0,0.0,0.0,0.0,0.0,84.06000000000003,0.0,0.0,0.0,1,56.6976807017544,1.16186470892114
279,EMEA,India,-,Mobile & Tablet,2024-05-23,103.93999999999998,May,2024,0.0,0.0,0.0,0.0,0.0,0.0,0.0,0.0,0.0,0.0,0.0,0.0,0.0,0.0,103.93999999999998,0.0,0.0,0.0,1,56.6976807017544,1.16186470892114
280,EMEA,India,-,Mobile & Tablet,2024-05-24,100.2,May,2024,0.0,0.0,0.0,0.0,0.0,0.0,0.0,0.0,0.0,0.0,0.0,0.0,0.0,0.0,100.2,0.0,0.0,0.0,1,56.6976807017544,1.16186470892114
281,EMEA,India,-,Mobile & Tablet,2024-05-25,121.44,May,2024,0.0,0.0,0.0,0.0,0.0,0.0,0.0,0.0,0.0,0.0,0.0,0.0,0.0,0.0,121.44,0.0,0.0,0.0,1,56.6976807017544,1.16186470892114
282,EMEA,India,-,Mobile & Tablet,2024-05-26,61.4,May,2024,0.0,0.0,0.0,0.0,0.0,0.0,0.0,0.0,0.0,0.0,0.0,0.0,0.0,0.0,61.4,0.0,0.0,0.0,1,56.6976807017544,1.16186470892114
283,EMEA,India,-,Mobile & Tablet,2024-05-27,15.769999999999998,May,2024,0.0,0.0,0.0,0.0,0.0,0.0,0.0,0.0,0.0,0.0,0.0,0.0,0.0,0.0,15.769999999999998,0.0,0.0,0.0,0,56.6976807017544,1.16186470892114
284,EMEA,India,-,Mobile & Tablet,2024-05-28,19.429999999999996,May,2024,0.0,0.0,0.0,0.0,0.0,0.0,0.0,0.0,0.0,0.0,0.0,0.0,0.0,0.0,19.429999999999996,0.0,0.0,0.0,0,56.6976807017544,1.16186470892114
285,EMEA,India,-,Mobile & Tablet,2024-05-29,25.66,May,2024,0.0,0.0,0.0,0.0,0.0,0.0,0.0,0.0,0.0,0.0,0.0,0.0,0.0,0.0,25.66,0.0,0.0,0.0,1,56.6976807017544,1.16186470892114
286,EMEA,India,-,Mobile & Tablet,2024-05-30,85.05,May,2024,0.0,0.0,0.0,0.0,0.0,0.0,0.0,0.0,0.0,0.0,0.0,0.0,0.0,0.0,85.05,0.0,0.0,0.0,1,56.6976807017544,1.16186470892114
287,EMEA,India,-,Mobile & Tablet,2024-05-31,89.51,May,2024,0.0,0.0,0.0,0.0,0.0,0.0,0.0,0.0,0.0,0.0,0.0,0.0,0.0,0.0,89.51,0.0,0.0,0.0,1,56.6976807017544,1.16186470892114
288,EMEA,India,-,Mobile & Tablet,2024-06-01,141.71,Jun,2024,0.0,0.0,0.0,0.0,0.0,0.0,0.0,0.0,0.0,0.0,0.0,0.0,0.0,141.71,0.0,0.0,0.0,0.0,1,56.6976807017544,1.16186470892114
289,EMEA,India,-,Mobile & Tablet,2024-06-02,92.91000000000001,Jun,2024,0.0,0.0,0.0,0.0,0.0,0.0,0.0,0.0,0.0,0.0,0.0,0.0,0.0,92.91000000000001,0.0,0.0,0.0,0.0,1,56.6976807017544,1.16186470892114
290,EMEA,India,-,Mobile & Tablet,2024-06-03,144.60999999999999,Jun,2024,0.0,0.0,0.0,0.0,0.0,0.0,0.0,0.0,0.0,0.0,0.0,0.0,0.0,144.60999999999999,0.0,0.0,0.0,0.0,0,56.6976807017544,1.16186470892114
291,EMEA,India,-,Mobile & Tablet,2024-06-04,180.33,Jun,2024,0.0,0.0,0.0,0.0,0.0,0.0,0.0,0.0,0.0,0.0,0.0,0.0,0.0,180.33,0.0,0.0,0.0,0.0,0,56.6976807017544,1.16186470892114
292,EMEA,India,-,Mobile & Tablet,2024-06-05,145.45000000000002,Jun,2024,0.0,0.0,0.0,0.0,0.0,0.0,0.0,0.0,0.0,0.0,0.0,0.0,0.0,145.45000000000002,0.0,0.0,0.0,0.0,1,56.6976807017544,1.16186470892114
293,EMEA,India,-,Mobile & Tablet,2024-06-06,165.78000000000003,Jun,2024,0.0,0.0,0.0,0.0,0.0,0.0,0.0,0.0,0.0,0.0,0.0,0.0,0.0,165.78000000000003,0.0,0.0,0.0,0.0,1,56.6976807017544,1.16186470892114
294,EMEA,India,-,Mobile & Tablet,2024-06-07,118.42999999999998,Jun,2024,0.0,0.0,0.0,0.0,0.0,0.0,0.0,0.0,0.0,0.0,0.0,0.0,0.0,118.42999999999998,0.0,0.0,0.0,0.0,1,56.6976807017544,1.16186470892114
295,EMEA,India,-,Mobile & Tablet,2024-06-08,93.18,Jun,2024,0.0,0.0,0.0,0.0,0.0,0.0,0.0,0.0,0.0,0.0,0.0,0.0,0.0,93.18,0.0,0.0,0.0,0.0,1,56.6976807017544,1.16186470892114
296,EMEA,India,-,Mobile & Tablet,2024-06-09,77.34999999999998,Jun,2024,0.0,0.0,0.0,0.0,0.0,0.0,0.0,0.0,0.0,0.0,0.0,0.0,0.0,77.34999999999998,0.0,0.0,0.0,0.0,1,56.6976807017544,1.16186470892114
297,EMEA,India,-,Mobile & Tablet,2024-06-10,129.56,Jun,2024,0.0,0.0,0.0,0.0,0.0,0.0,0.0,0.0,0.0,0.0,0.0,0.0,0.0,129.56,0.0,0.0,0.0,0.0,0,56.6976807017544,1.16186470892114
298,EMEA,India,-,Mobile & Tablet,2024-06-11,167.35999999999999,Jun,2024,0.0,0.0,0.0,0.0,0.0,0.0,0.0,0.0,0.0,0.0,0.0,0.0,0.0,167.35999999999999,0.0,0.0,0.0,0.0,0,56.6976807017544,1.16186470892114
299,EMEA,India,-,Mobile & Tablet,2024-06-12,140.28999999999996,Jun,2024,0.0,0.0,0.0,0.0,0.0,0.0,0.0,0.0,0.0,0.0,0.0,0.0,0.0,140.28999999999996,0.0,0.0,0.0,0.0,1,56.6976807017544,1.16186470892114
300,EMEA,India,-,Mobile & Tablet,2024-06-13,120.98,Jun,2024,0.0,0.0,0.0,0.0,0.0,0.0,0.0,0.0,0.0,0.0,0.0,0.0,0.0,120.98,0.0,0.0,0.0,0.0,1,56.6976807017544,1.16186470892114
301,EMEA,India,-,Mobile & Tablet,2024-06-14,128.87,Jun,2024,0.0,0.0,0.0,0.0,0.0,0.0,0.0,0.0,0.0,0.0,0.0,0.0,0.0,128.87,0.0,0.0,0.0,0.0,1,56.6976807017544,1.16186470892114
302,EMEA,India,-,Mobile & Tablet,2024-06-15,93.96000000000001,Jun,2024,0.0,0.0,0.0,0.0,0.0,0.0,0.0,0.0,0.0,0.0,0.0,0.0,0.0,93.96000000000001,0.0,0.0,0.0,0.0,1,56.6976807017544,1.16186470892114
303,EMEA,India,-,Mobile & Tablet,2024-06-16,81.96,Jun,2024,0.0,0.0,0.0,0.0,0.0,0.0,0.0,0.0,0.0,0.0,0.0,0.0,0.0,81.96,0.0,0.0,0.0,0.0,1,56.6976807017544,1.16186470892114
304,EMEA,India,-,Mobile & Tablet,2024-06-17,150.08,Jun,2024,0.0,0.0,0.0,0.0,0.0,0.0,0.0,0.0,0.0,0.0,0.0,0.0,0.0,150.08,0.0,0.0,0.0,0.0,0,56.6976807017544,1.16186470892114
305,EMEA,India,-,Mobile & Tablet,2024-06-18,153.19,Jun,2024,0.0,0.0,0.0,0.0,0.0,0.0,0.0,0.0,0.0,0.0,0.0,0.0,0.0,153.19,0.0,0.0,0.0,0.0,0,56.6976807017544,1.16186470892114
306,EMEA,India,-,Mobile & Tablet,2024-06-19,139.98999999999995,Jun,2024,0.0,0.0,0.0,0.0,0.0,0.0,0.0,0.0,0.0,0.0,0.0,0.0,0.0,139.98999999999995,0.0,0.0,0.0,0.0,1,56.6976807017544,1.16186470892114
307,EMEA,India,-,Mobile & Tablet,2024-06-20,121.81000000000002,Jun,2024,0.0,0.0,0.0,0.0,0.0,0.0,0.0,0.0,0.0,0.0,0.0,0.0,0.0,121.81000000000002,0.0,0.0,0.0,0.0,1,56.6976807017544,1.16186470892114
308,EMEA,India,-,Mobile & Tablet,2024-06-21,86.99000000000001,Jun,2024,0.0,0.0,0.0,0.0,0.0,0.0,0.0,0.0,0.0,0.0,0.0,0.0,0.0,86.99000000000001,0.0,0.0,0.0,0.0,1,56.6976807017544,1.16186470892114
309,EMEA,India,-,Mobile & Tablet,2024-06-22,83.69,Jun,2024,0.0,0.0,0.0,0.0,0.0,0.0,0.0,0.0,0.0,0.0,0.0,0.0,0.0,83.69,0.0,0.0,0.0,0.0,1,56.6976807017544,1.16186470892114
310,EMEA,India,-,Mobile & Tablet,2024-06-23,80.65,Jun,2024,0.0,0.0,0.0,0.0,0.0,0.0,0.0,0.0,0.0,0.0,0.0,0.0,0.0,80.65,0.0,0.0,0.0,0.0,1,56.6976807017544,1.16186470892114
311,EMEA,India,-,Mobile & Tablet,2024-06-24,116.96,Jun,2024,0.0,0.0,0.0,0.0,0.0,0.0,0.0,0.0,0.0,0.0,0.0,0.0,0.0,116.96,0.0,0.0,0.0,0.0,0,56.6976807017544,1.16186470892114
312,EMEA,India,-,Mobile & Tablet,2024-06-25,156.64999999999998,Jun,2024,0.0,0.0,0.0,0.0,0.0,0.0,0.0,0.0,0.0,0.0,0.0,0.0,0.0,156.64999999999998,0.0,0.0,0.0,0.0,0,56.6976807017544,1.16186470892114
313,EMEA,India,-,Mobile & Tablet,2024-06-26,117.69000000000001,Jun,2024,0.0,0.0,0.0,0.0,0.0,0.0,0.0,0.0,0.0,0.0,0.0,0.0,0.0,117.69000000000001,0.0,0.0,0.0,0.0,1,56.6976807017544,1.16186470892114
314,EMEA,India,-,Mobile & Tablet,2024-06-27,70.16999999999999,Jun,2024,0.0,0.0,0.0,0.0,0.0,0.0,0.0,0.0,0.0,0.0,0.0,0.0,0.0,70.16999999999999,0.0,0.0,0.0,0.0,1,56.6976807017544,1.16186470892114
315,EMEA,India,-,Mobile & Tablet,2024-06-28,59.64000000000001,Jun,2024,0.0,0.0,0.0,0.0,0.0,0.0,0.0,0.0,0.0,0.0,0.0,0.0,0.0,59.64000000000001,0.0,0.0,0.0,0.0,1,56.6976807017544,1.16186470892114
316,EMEA,India,-,Mobile & Tablet,2024-06-29,64.69999999999999,Jun,2024,0.0,0.0,0.0,0.0,0.0,0.0,0.0,0.0,0.0,0.0,0.0,0.0,0.0,64.69999999999999,0.0,0.0,0.0,0.0,1,56.6976807017544,1.16186470892114
317,EMEA,India,-,Mobile & Tablet,2024-06-30,48.38999999999999,Jun,2024,0.0,0.0,0.0,0.0,0.0,0.0,0.0,0.0,0.0,0.0,0.0,0.0,0.0,48.38999999999999,0.0,0.0,0.0,0.0,1,56.6976807017544,1.16186470892114
318,EMEA,India,-,Mobile & Tablet,2024-07-01,104.82,Jul,2024,0.0,0.0,0.0,0.0,0.0,0.0,0.0,0.0,0.0,0.0,0.0,0.0,104.82,0.0,0.0,0.0,0.0,0.0,0,56.6976807017544,1.16186470892114
319,EMEA,India,-,Mobile & Tablet,2024-07-02,137.2,Jul,2024,0.0,0.0,0.0,0.0,0.0,0.0,0.0,0.0,0.0,0.0,0.0,0.0,137.2,0.0,0.0,0.0,0.0,0.0,0,56.6976807017544,1.16186470892114
320,EMEA,India,-,Mobile & Tablet,2024-07-03,116.05000000000001,Jul,2024,0.0,0.0,0.0,0.0,0.0,0.0,0.0,0.0,0.0,0.0,0.0,0.0,116.05000000000001,0.0,0.0,0.0,0.0,0.0,1,56.6976807017544,1.16186470892114
321,EMEA,India,-,Mobile & Tablet,2024-07-04,103.17999999999999,Jul,2024,0.0,0.0,0.0,0.0,0.0,0.0,0.0,0.0,0.0,0.0,0.0,0.0,103.17999999999999,0.0,0.0,0.0,0.0,0.0,1,56.6976807017544,1.16186470892114
322,EMEA,India,-,Mobile & Tablet,2024-07-05,99.66,Jul,2024,0.0,0.0,0.0,0.0,0.0,0.0,0.0,0.0,0.0,0.0,0.0,0.0,99.66,0.0,0.0,0.0,0.0,0.0,1,56.6976807017544,1.16186470892114
323,EMEA,India,-,Mobile & Tablet,2024-07-06,119.04,Jul,2024,0.0,0.0,0.0,0.0,0.0,0.0,0.0,0.0,0.0,0.0,0.0,0.0,119.04,0.0,0.0,0.0,0.0,0.0,1,56.6976807017544,1.16186470892114
324,EMEA,India,-,Mobile & Tablet,2024-07-07,116.69,Jul,2024,0.0,0.0,0.0,0.0,0.0,0.0,0.0,0.0,0.0,0.0,0.0,0.0,116.69,0.0,0.0,0.0,0.0,0.0,1,56.6976807017544,1.16186470892114
325,EMEA,India,-,Mobile & Tablet,2024-07-08,120.61999999999999,Jul,2024,0.0,0.0,0.0,0.0,0.0,0.0,0.0,0.0,0.0,0.0,0.0,0.0,120.61999999999999,0.0,0.0,0.0,0.0,0.0,0,56.6976807017544,1.16186470892114
326,EMEA,India,-,Mobile & Tablet,2024-07-09,128.89999999999998,Jul,2024,0.0,0.0,0.0,0.0,0.0,0.0,0.0,0.0,0.0,0.0,0.0,0.0,128.89999999999998,0.0,0.0,0.0,0.0,0.0,0,56.6976807017544,1.16186470892114
327,EMEA,India,-,Mobile & Tablet,2024-07-10,110.57000000000001,Jul,2024,0.0,0.0,0.0,0.0,0.0,0.0,0.0,0.0,0.0,0.0,0.0,0.0,110.57000000000001,0.0,0.0,0.0,0.0,0.0,1,56.6976807017544,1.16186470892114
328,EMEA,India,-,Mobile & Tablet,2024-07-11,123.02999999999999,Jul,2024,0.0,0.0,0.0,0.0,0.0,0.0,0.0,0.0,0.0,0.0,0.0,0.0,123.02999999999999,0.0,0.0,0.0,0.0,0.0,1,56.6976807017544,1.16186470892114
329,EMEA,India,-,Mobile & Tablet,2024-07-12,113.19000000000003,Jul,2024,0.0,0.0,0.0,0.0,0.0,0.0,0.0,0.0,0.0,0.0,0.0,0.0,113.19000000000003,0.0,0.0,0.0,0.0,0.0,1,56.6976807017544,1.16186470892114
330,EMEA,India,-,Mobile & Tablet,2024-07-13,79.10000000000001,Jul,2024,0.0,0.0,0.0,0.0,0.0,0.0,0.0,0.0,0.0,0.0,0.0,0.0,79.10000000000001,0.0,0.0,0.0,0.0,0.0,1,56.6976807017544,1.16186470892114
331,EMEA,India,-,Mobile & Tablet,2024-07-14,80.08000000000001,Jul,2024,0.0,0.0,0.0,0.0,0.0,0.0,0.0,0.0,0.0,0.0,0.0,0.0,80.08000000000001,0.0,0.0,0.0,0.0,0.0,1,56.6976807017544,1.16186470892114
332,EMEA,India,-,Mobile & Tablet,2024-07-15,92.74,Jul,2024,0.0,0.0,0.0,0.0,0.0,0.0,0.0,0.0,0.0,0.0,0.0,0.0,92.74,0.0,0.0,0.0,0.0,0.0,0,56.6976807017544,1.16186470892114
333,EMEA,India,-,Mobile & Tablet,2024-07-16,107.66,Jul,2024,0.0,0.0,0.0,0.0,0.0,0.0,0.0,0.0,0.0,0.0,0.0,0.0,107.66,0.0,0.0,0.0,0.0,0.0,0,56.6976807017544,1.16186470892114
334,EMEA,India,-,Mobile & Tablet,2024-07-17,121.66,Jul,2024,0.0,0.0,0.0,0.0,0.0,0.0,0.0,0.0,0.0,0.0,0.0,0.0,121.66,0.0,0.0,0.0,0.0,0.0,1,56.6976807017544,1.16186470892114
335,EMEA,India,-,Mobile & Tablet,2024-07-18,87.9,Jul,2024,0.0,0.0,0.0,0.0,0.0,0.0,0.0,0.0,0.0,0.0,0.0,0.0,87.9,0.0,0.0,0.0,0.0,0.0,1,56.6976807017544,1.16186470892114
336,EMEA,India,-,Mobile & Tablet,2024-07-19,156.45,Jul,2024,0.0,0.0,0.0,0.0,0.0,0.0,0.0,0.0,0.0,0.0,0.0,0.0,156.45,0.0,0.0,0.0,0.0,0.0,1,56.6976807017544,1.16186470892114
337,EMEA,India,-,Mobile & Tablet,2024-07-20,153.08,Jul,2024,0.0,0.0,0.0,0.0,0.0,0.0,0.0,0.0,0.0,0.0,0.0,0.0,153.08,0.0,0.0,0.0,0.0,0.0,1,56.6976807017544,1.16186470892114
338,EMEA,India,-,Mobile & Tablet,2024-07-21,195.28,Jul,2024,0.0,0.0,0.0,0.0,0.0,0.0,0.0,0.0,0.0,0.0,0.0,0.0,195.28,0.0,0.0,0.0,0.0,0.0,1,56.6976807017544,1.16186470892114
339,EMEA,India,-,Mobile & Tablet,2024-07-22,412.05,Jul,2024,0.0,0.0,0.0,0.0,0.0,0.0,0.0,0.0,0.0,0.0,0.0,0.0,412.05,0.0,0.0,0.0,0.0,0.0,0,56.6976807017544,1.16186470892114
340,EMEA,India,-,Mobile & Tablet,2024-07-23,586.1499999999999,Jul,2024,0.0,0.0,0.0,0.0,0.0,0.0,0.0,0.0,0.0,0.0,0.0,0.0,586.1499999999999,0.0,0.0,0.0,0.0,0.0,0,56.6976807017544,1.16186470892114
341,EMEA,India,-,Mobile & Tablet,2024-07-24,509.19999999999993,Jul,2024,0.0,0.0,0.0,0.0,0.0,0.0,0.0,0.0,0.0,0.0,0.0,0.0,509.19999999999993,0.0,0.0,0.0,0.0,0.0,1,56.6976807017544,1.16186470892114
342,EMEA,India,-,Mobile & Tablet,2024-07-25,507.46,Jul,2024,0.0,0.0,0.0,0.0,0.0,0.0,0.0,0.0,0.0,0.0,0.0,0.0,507.46,0.0,0.0,0.0,0.0,0.0,1,56.6976807017544,1.16186470892114
343,EMEA,India,-,Mobile & Tablet,2024-07-26,259.2,Jul,2024,0.0,0.0,0.0,0.0,0.0,0.0,0.0,0.0,0.0,0.0,0.0,0.0,259.2,0.0,0.0,0.0,0.0,0.0,1,56.6976807017544,1.16186470892114
344,EMEA,India,-,Mobile & Tablet,2024-07-27,285.23,Jul,2024,0.0,0.0,0.0,0.0,0.0,0.0,0.0,0.0,0.0,0.0,0.0,0.0,285.23,0.0,0.0,0.0,0.0,0.0,1,56.6976807017544,1.16186470892114
345,EMEA,India,-,Mobile & Tablet,2024-07-28,285.36000000000007,Jul,2024,0.0,0.0,0.0,0.0,0.0,0.0,0.0,0.0,0.0,0.0,0.0,0.0,285.36000000000007,0.0,0.0,0.0,0.0,0.0,1,56.6976807017544,1.16186470892114
346,EMEA,India,-,Mobile & Tablet,2024-07-29,431.32,Jul,2024,0.0,0.0,0.0,0.0,0.0,0.0,0.0,0.0,0.0,0.0,0.0,0.0,431.32,0.0,0.0,0.0,0.0,0.0,0,56.6976807017544,1.16186470892114
347,EMEA,India,-,Mobile & Tablet,2024-07-30,330.51,Jul,2024,0.0,0.0,0.0,0.0,0.0,0.0,0.0,0.0,0.0,0.0,0.0,0.0,330.51,0.0,0.0,0.0,0.0,0.0,0,56.6976807017544,1.16186470892114
348,EMEA,India,-,Mobile & Tablet,2024-07-31,241.41000000000003,Jul,2024,0.0,0.0,0.0,0.0,0.0,0.0,0.0,0.0,0.0,0.0,0.0,0.0,241.41000000000003,0.0,0.0,0.0,0.0,0.0,1,56.6976807017544,1.16186470892114
349,EMEA,India,-,Mobile & Tablet,2024-08-01,62.599999999999994,Aug,2024,0.0,0.0,0.0,0.0,0.0,0.0,0.0,0.0,0.0,0.0,62.599999999999994,0.0,0.0,0.0,0.0,0.0,0.0,0.0,1,56.6976807017544,1.16186470892114
350,EMEA,India,-,Mobile & Tablet,2024-08-02,52.94999999999999,Aug,2024,0.0,0.0,0.0,0.0,0.0,0.0,0.0,0.0,0.0,0.0,52.94999999999999,0.0,0.0,0.0,0.0,0.0,0.0,0.0,1,56.6976807017544,1.16186470892114
351,EMEA,India,-,Mobile & Tablet,2024-08-03,53.13999999999999,Aug,2024,0.0,0.0,0.0,0.0,0.0,0.0,0.0,0.0,0.0,0.0,53.13999999999999,0.0,0.0,0.0,0.0,0.0,0.0,0.0,1,56.6976807017544,1.16186470892114
352,EMEA,India,-,Mobile & Tablet,2024-08-04,37.379999999999995,Aug,2024,0.0,0.0,0.0,0.0,0.0,0.0,0.0,0.0,0.0,0.0,37.379999999999995,0.0,0.0,0.0,0.0,0.0,0.0,0.0,1,56.6976807017544,1.16186470892114
353,EMEA,India,-,Mobile & Tablet,2024-08-05,93.42,Aug,2024,0.0,0.0,0.0,0.0,0.0,0.0,0.0,0.0,0.0,0.0,93.42,0.0,0.0,0.0,0.0,0.0,0.0,0.0,0,56.6976807017544,1.16186470892114
354,EMEA,India,-,Mobile & Tablet,2024-08-06,141.32999999999998,Aug,2024,0.0,0.0,0.0,0.0,0.0,0.0,0.0,0.0,0.0,0.0,141.32999999999998,0.0,0.0,0.0,0.0,0.0,0.0,0.0,0,56.6976807017544,1.16186470892114
355,EMEA,India,-,Mobile & Tablet,2024-08-07,113.81,Aug,2024,0.0,0.0,0.0,0.0,0.0,0.0,0.0,0.0,0.0,0.0,113.81,0.0,0.0,0.0,0.0,0.0,0.0,0.0,1,56.6976807017544,1.16186470892114
356,EMEA,India,-,Mobile & Tablet,2024-08-08,83.89999999999999,Aug,2024,0.0,0.0,0.0,0.0,0.0,0.0,0.0,0.0,0.0,0.0,83.89999999999999,0.0,0.0,0.0,0.0,0.0,0.0,0.0,1,56.6976807017544,1.16186470892114
357,EMEA,India,-,Mobile & Tablet,2024-08-09,97.03,Aug,2024,0.0,0.0,0.0,0.0,0.0,0.0,0.0,0.0,0.0,0.0,97.03,0.0,0.0,0.0,0.0,0.0,0.0,0.0,1,56.6976807017544,1.16186470892114
358,EMEA,India,-,Mobile & Tablet,2024-08-10,74.79000000000002,Aug,2024,0.0,0.0,0.0,0.0,0.0,0.0,0.0,0.0,0.0,0.0,74.79000000000002,0.0,0.0,0.0,0.0,0.0,0.0,0.0,1,56.6976807017544,1.16186470892114
359,EMEA,India,-,Mobile & Tablet,2024-08-11,49.370000000000005,Aug,2024,0.0,0.0,0.0,0.0,0.0,0.0,0.0,0.0,0.0,0.0,49.370000000000005,0.0,0.0,0.0,0.0,0.0,0.0,0.0,1,56.6976807017544,1.16186470892114
360,EMEA,India,-,Mobile & Tablet,2024-08-12,63.870000000000005,Aug,2024,0.0,0.0,0.0,0.0,0.0,0.0,0.0,0.0,0.0,0.0,63.870000000000005,0.0,0.0,0.0,0.0,0.0,0.0,0.0,0,56.6976807017544,1.16186470892114
361,EMEA,India,-,Mobile & Tablet,2024-08-13,55.809999999999995,Aug,2024,0.0,0.0,0.0,0.0,0.0,0.0,0.0,0.0,0.0,0.0,55.809999999999995,0.0,0.0,0.0,0.0,0.0,0.0,0.0,0,56.6976807017544,1.16186470892114
362,EMEA,India,-,Mobile & Tablet,2024-08-14,55.75000000000001,Aug,2024,0.0,0.0,0.0,0.0,0.0,0.0,0.0,0.0,0.0,0.0,55.75000000000001,0.0,0.0,0.0,0.0,0.0,0.0,0.0,1,56.6976807017544,1.16186470892114
363,EMEA,India,-,Mobile & Tablet,2024-08-15,67.13999999999999,Aug,2024,0.0,0.0,0.0,0.0,0.0,0.0,0.0,0.0,0.0,0.0,67.13999999999999,0.0,0.0,0.0,0.0,0.0,0.0,0.0,1,56.6976807017544,1.16186470892114
364,EMEA,India,-,Mobile & Tablet,2024-08-16,56.28,Aug,2024,0.0,0.0,0.0,0.0,0.0,0.0,0.0,0.0,0.0,0.0,56.28,0.0,0.0,0.0,0.0,0.0,0.0,0.0,1,56.6976807017544,1.16186470892114
365,EMEA,India,-,Mobile & Tablet,2024-08-17,37.79,Aug,2024,0.0,0.0,0.0,0.0,0.0,0.0,0.0,0.0,0.0,0.0,37.79,0.0,0.0,0.0,0.0,0.0,0.0,0.0,1,56.6976807017544,1.16186470892114
366,EMEA,India,-,Mobile & Tablet,2024-08-18,28.82,Aug,2024,0.0,0.0,0.0,0.0,0.0,0.0,0.0,0.0,0.0,0.0,28.82,0.0,0.0,0.0,0.0,0.0,0.0,0.0,1,56.6976807017544,1.16186470892114
367,EMEA,India,-,Mobile & Tablet,2024-08-19,86.15,Aug,2024,0.0,0.0,0.0,0.0,0.0,0.0,0.0,0.0,0.0,0.0,86.15,0.0,0.0,0.0,0.0,0.0,0.0,0.0,0,56.6976807017544,1.16186470892114
368,EMEA,India,-,Mobile & Tablet,2024-08-20,104.37,Aug,2024,0.0,0.0,0.0,0.0,0.0,0.0,0.0,0.0,0.0,0.0,104.37,0.0,0.0,0.0,0.0,0.0,0.0,0.0,0,56.6976807017544,1.16186470892114
369,EMEA,India,-,Mobile & Tablet,2024-08-21,96.19999999999999,Aug,2024,0.0,0.0,0.0,0.0,0.0,0.0,0.0,0.0,0.0,0.0,96.19999999999999,0.0,0.0,0.0,0.0,0.0,0.0,0.0,1,56.6976807017544,1.16186470892114
370,EMEA,India,-,Mobile & Tablet,2024-08-22,66.72999999999999,Aug,2024,0.0,0.0,0.0,0.0,0.0,0.0,0.0,0.0,0.0,0.0,66.72999999999999,0.0,0.0,0.0,0.0,0.0,0.0,0.0,1,56.6976807017544,1.16186470892114
371,EMEA,India,-,Mobile & Tablet,2024-08-23,39.17,Aug,2024,0.0,0.0,0.0,0.0,0.0,0.0,0.0,0.0,0.0,0.0,39.17,0.0,0.0,0.0,0.0,0.0,0.0,0.0,1,56.6976807017544,1.16186470892114
372,EMEA,India,-,Mobile & Tablet,2024-08-24,41.97,Aug,2024,0.0,0.0,0.0,0.0,0.0,0.0,0.0,0.0,0.0,0.0,41.97,0.0,0.0,0.0,0.0,0.0,0.0,0.0,1,56.6976807017544,1.16186470892114
373,EMEA,India,-,Mobile & Tablet,2024-08-25,32.86,Aug,2024,0.0,0.0,0.0,0.0,0.0,0.0,0.0,0.0,0.0,0.0,32.86,0.0,0.0,0.0,0.0,0.0,0.0,0.0,1,56.6976807017544,1.16186470892114
374,EMEA,India,-,Mobile & Tablet,2024-08-26,81.79999999999998,Aug,2024,0.0,0.0,0.0,0.0,0.0,0.0,0.0,0.0,0.0,0.0,81.79999999999998,0.0,0.0,0.0,0.0,0.0,0.0,0.0,0,56.6976807017544,1.16186470892114
375,EMEA,India,-,Mobile & Tablet,2024-08-27,105.33,Aug,2024,0.0,0.0,0.0,0.0,0.0,0.0,0.0,0.0,0.0,0.0,105.33,0.0,0.0,0.0,0.0,0.0,0.0,0.0,0,56.6976807017544,1.16186470892114
376,EMEA,India,-,Mobile & Tablet,2024-08-28,95.0,Aug,2024,0.0,0.0,0.0,0.0,0.0,0.0,0.0,0.0,0.0,0.0,95.0,0.0,0.0,0.0,0.0,0.0,0.0,0.0,1,56.6976807017544,1.16186470892114
377,EMEA,India,-,Mobile & Tablet,2024-08-29,79.95,Aug,2024,0.0,0.0,0.0,0.0,0.0,0.0,0.0,0.0,0.0,0.0,79.95,0.0,0.0,0.0,0.0,0.0,0.0,0.0,1,56.6976807017544,1.16186470892114
378,EMEA,India,-,Mobile & Tablet,2024-08-30,97.79000000000002,Aug,2024,0.0,0.0,0.0,0.0,0.0,0.0,0.0,0.0,0.0,0.0,97.79000000000002,0.0,0.0,0.0,0.0,0.0,0.0,0.0,1,56.6976807017544,1.16186470892114
379,EMEA,India,-,Mobile & Tablet,2024-08-31,50.46,Aug,2024,0.0,0.0,0.0,0.0,0.0,0.0,0.0,0.0,0.0,0.0,50.46,0.0,0.0,0.0,0.0,0.0,0.0,0.0,1,56.6976807017544,1.16186470892114
380,EMEA,India,-,Mobile & Tablet,2024-09-01,39.26,Sep,2024,0.0,0.0,0.0,0.0,0.0,0.0,0.0,0.0,0.0,0.0,0.0,0.0,0.0,0.0,0.0,0.0,0.0,39.26,1,56.6976807017544,1.16186470892114
381,EMEA,India,-,Mobile & Tablet,2024-09-02,55.03,Sep,2024,0.0,0.0,0.0,0.0,0.0,0.0,0.0,0.0,0.0,0.0,0.0,0.0,0.0,0.0,0.0,0.0,0.0,55.03,0,56.6976807017544,1.16186470892114
382,EMEA,India,-,Mobile & Tablet,2024-09-03,80.06,Sep,2024,0.0,0.0,0.0,0.0,0.0,0.0,0.0,0.0,0.0,0.0,0.0,0.0,0.0,0.0,0.0,0.0,0.0,80.06,0,56.6976807017544,1.16186470892114
383,EMEA,India,-,Mobile & Tablet,2024-09-04,88.87,Sep,2024,0.0,0.0,0.0,0.0,0.0,0.0,0.0,0.0,0.0,0.0,0.0,0.0,0.0,0.0,0.0,0.0,0.0,88.87,1,56.6976807017544,1.16186470892114
384,EMEA,India,-,Mobile & Tablet,2024-09-05,76.95,Sep,2024,0.0,0.0,0.0,0.0,0.0,0.0,0.0,0.0,0.0,0.0,0.0,0.0,0.0,0.0,0.0,0.0,0.0,76.95,1,56.6976807017544,1.16186470892114
385,EMEA,India,-,Mobile & Tablet,2024-09-06,74.93,Sep,2024,0.0,0.0,0.0,0.0,0.0,0.0,0.0,0.0,0.0,0.0,0.0,0.0,0.0,0.0,0.0,0.0,0.0,74.93,1,56.6976807017544,1.16186470892114
386,EMEA,India,-,Mobile & Tablet,2024-09-07,75.34,Sep,2024,0.0,0.0,0.0,0.0,0.0,0.0,0.0,0.0,0.0,0.0,0.0,0.0,0.0,0.0,0.0,0.0,0.0,75.34,1,56.6976807017544,1.16186470892114
387,EMEA,India,-,Mobile & Tablet,2024-09-08,68.9,Sep,2024,0.0,0.0,0.0,0.0,0.0,0.0,0.0,0.0,0.0,0.0,0.0,0.0,0.0,0.0,0.0,0.0,0.0,68.9,1,56.6976807017544,1.16186470892114
388,EMEA,India,-,Mobile & Tablet,2024-09-09,112.39,Sep,2024,0.0,0.0,0.0,0.0,0.0,0.0,0.0,0.0,0.0,0.0,0.0,0.0,0.0,0.0,0.0,0.0,0.0,112.39,0,56.6976807017544,1.16186470892114
389,EMEA,India,-,Mobile & Tablet,2024-09-10,140.12,Sep,2024,0.0,0.0,0.0,0.0,0.0,0.0,0.0,0.0,0.0,0.0,0.0,0.0,0.0,0.0,0.0,0.0,0.0,140.12,0,56.6976807017544,1.16186470892114
390,EMEA,India,-,Mobile & Tablet,2024-09-11,144.97,Sep,2024,0.0,0.0,0.0,0.0,0.0,0.0,0.0,0.0,0.0,0.0,0.0,0.0,0.0,0.0,0.0,0.0,0.0,144.97,1,56.6976807017544,1.16186470892114
391,EMEA,India,-,Mobile & Tablet,2024-09-12,120.96000000000001,Sep,2024,0.0,0.0,0.0,0.0,0.0,0.0,0.0,0.0,0.0,0.0,0.0,0.0,0.0,0.0,0.0,0.0,0.0,120.96000000000001,1,56.6976807017544,1.16186470892114
392,EMEA,India,-,Mobile & Tablet,2024-09-13,96.92999999999999,Sep,2024,0.0,0.0,0.0,0.0,0.0,0.0,0.0,0.0,0.0,0.0,0.0,0.0,0.0,0.0,0.0,0.0,0.0,96.92999999999999,1,56.6976807017544,1.16186470892114
393,EMEA,India,-,Mobile & Tablet,2024-09-14,83.10000000000001,Sep,2024,0.0,0.0,0.0,0.0,0.0,0.0,0.0,0.0,0.0,0.0,0.0,0.0,0.0,0.0,0.0,0.0,0.0,83.10000000000001,1,56.6976807017544,1.16186470892114
394,EMEA,India,-,Mobile & Tablet,2024-09-15,61.58,Sep,2024,0.0,0.0,0.0,0.0,0.0,0.0,0.0,0.0,0.0,0.0,0.0,0.0,0.0,0.0,0.0,0.0,0.0,61.58,1,56.6976807017544,1.16186470892114
395,EMEA,India,-,Mobile & Tablet,2024-09-16,82.34999999999998,Sep,2024,0.0,0.0,0.0,0.0,0.0,0.0,0.0,0.0,0.0,0.0,0.0,0.0,0.0,0.0,0.0,0.0,0.0,82.34999999999998,0,56.6976807017544,1.16186470892114
396,EMEA,India,-,Mobile & Tablet,2024-09-17,109.77,Sep,2024,0.0,0.0,0.0,0.0,0.0,0.0,0.0,0.0,0.0,0.0,0.0,0.0,0.0,0.0,0.0,0.0,0.0,109.77,0,56.6976807017544,1.16186470892114
397,EMEA,India,-,Mobile & Tablet,2024-09-18,109.05,Sep,2024,0.0,0.0,0.0,0.0,0.0,0.0,0.0,0.0,0.0,0.0,0.0,0.0,0.0,0.0,0.0,0.0,0.0,109.05,1,56.6976807017544,1.16186470892114
398,EMEA,India,-,Mobile & Tablet,2024-09-19,123.42999999999998,Sep,2024,0.0,0.0,0.0,0.0,0.0,0.0,0.0,0.0,0.0,0.0,0.0,0.0,0.0,0.0,0.0,0.0,0.0,123.42999999999998,1,56.6976807017544,1.16186470892114
399,EMEA,India,-,Mobile & Tablet,2024-09-20,114.17,Sep,2024,0.0,0.0,0.0,0.0,0.0,0.0,0.0,0.0,0.0,0.0,0.0,0.0,0.0,0.0,0.0,0.0,0.0,114.17,1,56.6976807017544,1.16186470892114
400,EMEA,India,-,Mobile & Tablet,2024-09-21,79.99000000000001,Sep,2024,0.0,0.0,0.0,0.0,0.0,0.0,0.0,0.0,0.0,0.0,0.0,0.0,0.0,0.0,0.0,0.0,0.0,79.99000000000001,1,56.6976807017544,1.16186470892114
401,EMEA,India,-,Mobile & Tablet,2024-09-22,54.349999999999994,Sep,2024,0.0,0.0,0.0,0.0,0.0,0.0,0.0,0.0,0.0,0.0,0.0,0.0,0.0,0.0,0.0,0.0,0.0,54.349999999999994,1,56.6976807017544,1.16186470892114
402,EMEA,India,-,Mobile & Tablet,2024-09-23,98.83,Sep,2024,0.0,0.0,0.0,0.0,0.0,0.0,0.0,0.0,0.0,0.0,0.0,0.0,0.0,0.0,0.0,0.0,0.0,98.83,0,56.6976807017544,1.16186470892114
403,EMEA,India,-,Mobile & Tablet,2024-09-24,118.75,Sep,2024,0.0,0.0,0.0,0.0,0.0,0.0,0.0,0.0,0.0,0.0,0.0,0.0,0.0,0.0,0.0,0.0,0.0,118.75,0,56.6976807017544,1.16186470892114
404,EMEA,India,-,Mobile & Tablet,2024-09-25,91.0,Sep,2024,0.0,0.0,0.0,0.0,0.0,0.0,0.0,0.0,0.0,0.0,0.0,0.0,0.0,0.0,0.0,0.0,0.0,91.0,1,56.6976807017544,1.16186470892114
405,EMEA,India,-,Mobile & Tablet,2024-09-26,76.97,Sep,2024,0.0,0.0,0.0,0.0,0.0,0.0,0.0,0.0,0.0,0.0,0.0,0.0,0.0,0.0,0.0,0.0,0.0,76.97,1,56.6976807017544,1.16186470892114
406,EMEA,India,-,Mobile & Tablet,2024-09-27,91.29,Sep,2024,0.0,0.0,0.0,0.0,0.0,0.0,0.0,0.0,0.0,0.0,0.0,0.0,0.0,0.0,0.0,0.0,0.0,91.29,1,56.6976807017544,1.16186470892114
407,EMEA,India,-,Mobile & Tablet,2024-09-28,22.16,Sep,2024,0.0,0.0,0.0,0.0,0.0,0.0,0.0,0.0,0.0,0.0,0.0,0.0,0.0,0.0,0.0,0.0,0.0,22.16,1,56.6976807017544,1.16186470892114
408,EMEA,India,-,Mobile & Tablet,2024-09-29,61.24000000000001,Sep,2024,0.0,0.0,0.0,0.0,0.0,0.0,0.0,0.0,0.0,0.0,0.0,0.0,0.0,0.0,0.0,0.0,0.0,61.24000000000001,1,56.6976807017544,1.16186470892114
409,EMEA,India,-,Mobile & Tablet,2024-09-30,77.87999999999998,Sep,2024,0.0,0.0,0.0,0.0,0.0,0.0,0.0,0.0,0.0,0.0,0.0,0.0,0.0,0.0,0.0,0.0,0.0,77.87999999999998,0,56.6976807017544,1.16186470892114
410,EMEA,India,-,Mobile & Tablet,2024-10-01,81.14000000000001,Oct,2024,0.0,0.0,0.0,0.0,0.0,0.0,0.0,0.0,0.0,0.0,0.0,0.0,0.0,0.0,0.0,0.0,81.14000000000001,0.0,0,56.6976807017544,1.16186470892114
411,EMEA,India,-,Mobile & Tablet,2024-10-02,94.22999999999999,Oct,2024,0.0,0.0,0.0,0.0,0.0,0.0,0.0,0.0,0.0,0.0,0.0,0.0,0.0,0.0,0.0,0.0,94.22999999999999,0.0,1,56.6976807017544,1.16186470892114
412,EMEA,India,-,Mobile & Tablet,2024-10-03,60.220000000000006,Oct,2024,0.0,0.0,0.0,0.0,0.0,0.0,0.0,0.0,0.0,0.0,0.0,0.0,0.0,0.0,0.0,0.0,60.220000000000006,0.0,1,56.6976807017544,1.16186470892114
413,EMEA,India,-,Mobile & Tablet,2024-10-04,70.23000000000002,Oct,2024,0.0,0.0,0.0,0.0,0.0,0.0,0.0,0.0,0.0,0.0,0.0,0.0,0.0,0.0,0.0,0.0,70.23000000000002,0.0,1,56.6976807017544,1.16186470892114
414,EMEA,India,-,Mobile & Tablet,2024-10-05,64.28,Oct,2024,0.0,0.0,0.0,0.0,0.0,0.0,0.0,0.0,0.0,0.0,0.0,0.0,0.0,0.0,0.0,0.0,64.28,0.0,1,56.6976807017544,1.16186470892114
415,EMEA,India,-,Mobile & Tablet,2024-10-06,61.800000000000004,Oct,2024,0.0,0.0,0.0,0.0,0.0,0.0,0.0,0.0,0.0,0.0,0.0,0.0,0.0,0.0,0.0,0.0,61.800000000000004,0.0,1,56.6976807017544,1.16186470892114
416,EMEA,India,-,Mobile & Tablet,2024-10-07,140.12999999999997,Oct,2024,0.0,0.0,0.0,0.0,0.0,0.0,0.0,0.0,0.0,0.0,0.0,0.0,0.0,0.0,0.0,0.0,140.12999999999997,0.0,0,56.6976807017544,1.16186470892114
417,EMEA,India,-,Mobile & Tablet,2024-10-08,106.01,Oct,2024,0.0,0.0,0.0,0.0,0.0,0.0,0.0,0.0,0.0,0.0,0.0,0.0,0.0,0.0,0.0,0.0,106.01,0.0,0,56.6976807017544,1.16186470892114
418,EMEA,India,-,Mobile & Tablet,2024-10-09,134.1,Oct,2024,0.0,0.0,0.0,0.0,0.0,0.0,0.0,0.0,0.0,0.0,0.0,0.0,0.0,0.0,0.0,0.0,134.1,0.0,1,56.6976807017544,1.16186470892114
419,EMEA,India,-,Mobile & Tablet,2024-10-10,104.42999999999999,Oct,2024,0.0,0.0,0.0,0.0,0.0,0.0,0.0,0.0,0.0,0.0,0.0,0.0,0.0,0.0,0.0,0.0,104.42999999999999,0.0,1,56.6976807017544,1.16186470892114
420,EMEA,India,-,Mobile & Tablet,2024-10-11,114.97,Oct,2024,0.0,0.0,0.0,0.0,0.0,0.0,0.0,0.0,0.0,0.0,0.0,0.0,0.0,0.0,0.0,0.0,114.97,0.0,1,56.6976807017544,1.16186470892114
421,EMEA,India,-,Mobile & Tablet,2024-10-12,94.28999999999999,Oct,2024,0.0,0.0,0.0,0.0,0.0,0.0,0.0,0.0,0.0,0.0,0.0,0.0,0.0,0.0,0.0,0.0,94.28999999999999,0.0,1,56.6976807017544,1.16186470892114
422,EMEA,India,-,Mobile & Tablet,2024-10-13,79.09,Oct,2024,0.0,0.0,0.0,0.0,0.0,0.0,0.0,0.0,0.0,0.0,0.0,0.0,0.0,0.0,0.0,0.0,79.09,0.0,1,56.6976807017544,1.16186470892114
423,EMEA,India,-,Mobile & Tablet,2024-10-14,83.28999999999999,Oct,2024,0.0,0.0,0.0,0.0,0.0,0.0,0.0,0.0,0.0,0.0,0.0,0.0,0.0,0.0,0.0,0.0,83.28999999999999,0.0,0,56.6976807017544,1.16186470892114
424,EMEA,India,-,Mobile & Tablet,2024-10-15,104.57,Oct,2024,0.0,0.0,0.0,0.0,0.0,0.0,0.0,0.0,0.0,0.0,0.0,0.0,0.0,0.0,0.0,0.0,104.57,0.0,0,56.6976807017544,1.16186470892114
425,EMEA,India,-,Mobile & Tablet,2024-10-16,106.78,Oct,2024,0.0,0.0,0.0,0.0,0.0,0.0,0.0,0.0,0.0,0.0,0.0,0.0,0.0,0.0,0.0,0.0,106.78,0.0,1,56.6976807017544,1.16186470892114
426,EMEA,India,-,Mobile & Tablet,2024-10-17,87.20000000000002,Oct,2024,0.0,0.0,0.0,0.0,0.0,0.0,0.0,0.0,0.0,0.0,0.0,0.0,0.0,0.0,0.0,0.0,87.20000000000002,0.0,1,56.6976807017544,1.16186470892114
427,EMEA,India,-,Mobile & Tablet,2024-10-18,79.7,Oct,2024,0.0,0.0,0.0,0.0,0.0,0.0,0.0,0.0,0.0,0.0,0.0,0.0,0.0,0.0,0.0,0.0,79.7,0.0,1,56.6976807017544,1.16186470892114
428,EMEA,India,-,Mobile & Tablet,2024-10-19,62.53,Oct,2024,0.0,0.0,0.0,0.0,0.0,0.0,0.0,0.0,0.0,0.0,0.0,0.0,0.0,0.0,0.0,0.0,62.53,0.0,1,56.6976807017544,1.16186470892114
429,EMEA,India,-,Mobile & Tablet,2024-10-20,42.0,Oct,2024,0.0,0.0,0.0,0.0,0.0,0.0,0.0,0.0,0.0,0.0,0.0,0.0,0.0,0.0,0.0,0.0,42.0,0.0,1,56.6976807017544,1.16186470892114
430,EMEA,India,-,Mobile & Tablet,2024-10-21,73.60000000000002,Oct,2024,0.0,0.0,0.0,0.0,0.0,0.0,0.0,0.0,0.0,0.0,0.0,0.0,0.0,0.0,0.0,0.0,73.60000000000002,0.0,0,56.6976807017544,1.16186470892114
431,EMEA,India,-,Mobile & Tablet,2024-10-22,65.74,Oct,2024,0.0,0.0,0.0,0.0,0.0,0.0,0.0,0.0,0.0,0.0,0.0,0.0,0.0,0.0,0.0,0.0,65.74,0.0,0,56.6976807017544,1.16186470892114
432,EMEA,India,-,Mobile & Tablet,2024-10-23,100.21000000000001,Oct,2024,0.0,0.0,0.0,0.0,0.0,0.0,0.0,0.0,0.0,0.0,0.0,0.0,0.0,0.0,0.0,0.0,100.21000000000001,0.0,1,56.6976807017544,1.16186470892114
433,EMEA,India,-,Mobile & Tablet,2024-10-24,111.01,Oct,2024,0.0,0.0,0.0,0.0,0.0,0.0,0.0,0.0,0.0,0.0,0.0,0.0,0.0,0.0,0.0,0.0,111.01,0.0,1,56.6976807017544,1.16186470892114
434,EMEA,India,-,Mobile & Tablet,2024-10-25,96.47,Oct,2024,0.0,0.0,0.0,0.0,0.0,0.0,0.0,0.0,0.0,0.0,0.0,0.0,0.0,0.0,0.0,0.0,96.47,0.0,1,56.6976807017544,1.16186470892114
435,EMEA,India,-,Mobile & Tablet,2024-10-26,84.69,Oct,2024,0.0,0.0,0.0,0.0,0.0,0.0,0.0,0.0,0.0,0.0,0.0,0.0,0.0,0.0,0.0,0.0,84.69,0.0,1,56.6976807017544,1.16186470892114
436,EMEA,India,-,Mobile & Tablet,2024-10-27,98.81,Oct,2024,0.0,0.0,0.0,0.0,0.0,0.0,0.0,0.0,0.0,0.0,0.0,0.0,0.0,0.0,0.0,0.0,98.81,0.0,1,56.6976807017544,1.16186470892114
437,EMEA,India,-,Mobile & Tablet,2024-10-28,95.02999999999999,Oct,2024,0.0,0.0,0.0,0.0,0.0,0.0,0.0,0.0,0.0,0.0,0.0,0.0,0.0,0.0,0.0,0.0,95.02999999999999,0.0,0,56.6976807017544,1.16186470892114
438,EMEA,India,-,Mobile & Tablet,2024-10-29,146.51999999999998,Oct,2024,0.0,0.0,0.0,0.0,0.0,0.0,0.0,0.0,0.0,0.0,0.0,0.0,0.0,0.0,0.0,0.0,146.51999999999998,0.0,0,56.6976807017544,1.16186470892114
439,EMEA,India,-,Mobile & Tablet,2024-10-30,142.95999999999998,Oct,2024,0.0,0.0,0.0,0.0,0.0,0.0,0.0,0.0,0.0,0.0,0.0,0.0,0.0,0.0,0.0,0.0,142.95999999999998,0.0,1,56.6976807017544,1.16186470892114
440,EMEA,India,-,Mobile & Tablet,2024-10-31,121.01000000000002,Oct,2024,0.0,0.0,0.0,0.0,0.0,0.0,0.0,0.0,0.0,0.0,0.0,0.0,0.0,0.0,0.0,0.0,121.01000000000002,0.0,1,56.6976807017544,1.16186470892114
441,EMEA,India,-,Mobile & Tablet,2024-11-01,91.47999999999998,Nov,2024,0.0,0.0,0.0,0.0,0.0,0.0,0.0,0.0,0.0,0.0,0.0,0.0,0.0,0.0,0.0,91.47999999999998,0.0,0.0,1,56.6976807017544,1.16186470892114
442,EMEA,India,-,Mobile & Tablet,2024-11-02,94.56,Nov,2024,0.0,0.0,0.0,0.0,0.0,0.0,0.0,0.0,0.0,0.0,0.0,0.0,0.0,0.0,0.0,94.56,0.0,0.0,1,56.6976807017544,1.16186470892114
443,EMEA,India,-,Mobile & Tablet,2024-11-03,107.28000000000002,Nov,2024,0.0,0.0,0.0,0.0,0.0,0.0,0.0,0.0,0.0,0.0,0.0,0.0,0.0,0.0,0.0,107.28000000000002,0.0,0.0,1,56.6976807017544,1.16186470892114
444,EMEA,India,-,Mobile & Tablet,2024-11-04,116.45,Nov,2024,0.0,0.0,0.0,0.0,0.0,0.0,0.0,0.0,0.0,0.0,0.0,0.0,0.0,0.0,0.0,116.45,0.0,0.0,0,56.6976807017544,1.16186470892114
445,EMEA,India,-,Mobile & Tablet,2024-11-05,99.04000000000002,Nov,2024,0.0,0.0,0.0,0.0,0.0,0.0,0.0,0.0,0.0,0.0,0.0,0.0,0.0,0.0,0.0,99.04000000000002,0.0,0.0,0,56.6976807017544,1.16186470892114
446,EMEA,India,-,Mobile & Tablet,2024-11-06,154.92999999999998,Nov,2024,0.0,0.0,0.0,0.0,0.0,0.0,0.0,0.0,0.0,0.0,0.0,0.0,0.0,0.0,0.0,154.92999999999998,0.0,0.0,1,56.6976807017544,1.16186470892114
447,EMEA,India,-,Mobile & Tablet,2024-11-07,142.28999999999996,Nov,2024,0.0,0.0,0.0,0.0,0.0,0.0,0.0,0.0,0.0,0.0,0.0,0.0,0.0,0.0,0.0,142.28999999999996,0.0,0.0,1,56.6976807017544,1.16186470892114
448,EMEA,India,-,Mobile & Tablet,2024-11-08,112.76999999999998,Nov,2024,0.0,0.0,0.0,0.0,0.0,0.0,0.0,0.0,0.0,0.0,0.0,0.0,0.0,0.0,0.0,112.76999999999998,0.0,0.0,1,56.6976807017544,1.16186470892114
449,EMEA,India,-,Mobile & Tablet,2024-11-09,80.53,Nov,2024,0.0,0.0,0.0,0.0,0.0,0.0,0.0,0.0,0.0,0.0,0.0,0.0,0.0,0.0,0.0,80.53,0.0,0.0,1,56.6976807017544,1.16186470892114
450,EMEA,India,-,Mobile & Tablet,2024-11-10,59.470000000000006,Nov,2024,0.0,0.0,0.0,0.0,0.0,0.0,0.0,0.0,0.0,0.0,0.0,0.0,0.0,0.0,0.0,59.470000000000006,0.0,0.0,1,56.6976807017544,1.16186470892114
451,EMEA,India,-,Mobile & Tablet,2024-11-11,85.30999999999999,Nov,2024,0.0,0.0,0.0,0.0,0.0,0.0,0.0,0.0,0.0,0.0,0.0,0.0,0.0,0.0,0.0,85.30999999999999,0.0,0.0,0,56.6976807017544,1.16186470892114
452,EMEA,India,-,Mobile & Tablet,2024-11-12,113.64999999999999,Nov,2024,0.0,0.0,0.0,0.0,0.0,0.0,0.0,0.0,0.0,0.0,0.0,0.0,0.0,0.0,0.0,113.64999999999999,0.0,0.0,0,56.6976807017544,1.16186470892114
453,EMEA,India,-,Mobile & Tablet,2024-11-13,170.29999999999995,Nov,2024,0.0,0.0,0.0,0.0,0.0,0.0,0.0,0.0,0.0,0.0,0.0,0.0,0.0,0.0,0.0,170.29999999999995,0.0,0.0,1,56.6976807017544,1.16186470892114
454,EMEA,India,-,Mobile & Tablet,2024-11-14,105.25,Nov,2024,0.0,0.0,0.0,0.0,0.0,0.0,0.0,0.0,0.0,0.0,0.0,0.0,0.0,0.0,0.0,105.25,0.0,0.0,1,56.6976807017544,1.16186470892114
455,EMEA,India,-,Mobile & Tablet,2024-11-15,114.50000000000001,Nov,2024,0.0,0.0,0.0,0.0,0.0,0.0,0.0,0.0,0.0,0.0,0.0,0.0,0.0,0.0,0.0,114.50000000000001,0.0,0.0,1,56.6976807017544,1.16186470892114
456,EMEA,India,-,Mobile & Tablet,2024-11-16,81.69,Nov,2024,0.0,0.0,0.0,0.0,0.0,0.0,0.0,0.0,0.0,0.0,0.0,0.0,0.0,0.0,0.0,81.69,0.0,0.0,1,56.6976807017544,1.16186470892114
457,EMEA,India,-,Mobile & Tablet,2024-11-17,111.80000000000001,Nov,2024,0.0,0.0,0.0,0.0,0.0,0.0,0.0,0.0,0.0,0.0,0.0,0.0,0.0,0.0,0.0,111.80000000000001,0.0,0.0,1,56.6976807017544,1.16186470892114
458,EMEA,India,-,Mobile & Tablet,2024-11-18,140.12,Nov,2024,0.0,0.0,0.0,0.0,0.0,0.0,0.0,0.0,0.0,0.0,0.0,0.0,0.0,0.0,0.0,140.12,0.0,0.0,0,56.6976807017544,1.16186470892114
459,EMEA,India,-,Mobile & Tablet,2024-11-19,155.48,Nov,2024,0.0,0.0,0.0,0.0,0.0,0.0,0.0,0.0,0.0,0.0,0.0,0.0,0.0,0.0,0.0,155.48,0.0,0.0,0,56.6976807017544,1.16186470892114
460,EMEA,India,-,Mobile & Tablet,2024-11-20,177.66000000000003,Nov,2024,0.0,0.0,0.0,0.0,0.0,0.0,0.0,0.0,0.0,0.0,0.0,0.0,0.0,0.0,0.0,177.66000000000003,0.0,0.0,1,56.6976807017544,1.16186470892114
461,EMEA,India,-,Mobile & Tablet,2024-11-21,128.80999999999997,Nov,2024,0.0,0.0,0.0,0.0,0.0,0.0,0.0,0.0,0.0,0.0,0.0,0.0,0.0,0.0,0.0,128.80999999999997,0.0,0.0,1,56.6976807017544,1.16186470892114
462,EMEA,India,-,Mobile & Tablet,2024-11-22,163.27999999999997,Nov,2024,0.0,0.0,0.0,0.0,0.0,0.0,0.0,0.0,0.0,0.0,0.0,0.0,0.0,0.0,0.0,163.27999999999997,0.0,0.0,1,56.6976807017544,1.16186470892114
463,EMEA,India,-,Mobile & Tablet,2024-11-23,145.61,Nov,2024,0.0,0.0,0.0,0.0,0.0,0.0,0.0,0.0,0.0,0.0,0.0,0.0,0.0,0.0,0.0,145.61,0.0,0.0,1,56.6976807017544,1.16186470892114
464,EMEA,India,-,Mobile & Tablet,2024-11-24,136.04000000000002,Nov,2024,0.0,0.0,0.0,0.0,0.0,0.0,0.0,0.0,0.0,0.0,0.0,0.0,0.0,0.0,0.0,136.04000000000002,0.0,0.0,1,56.6976807017544,1.16186470892114
465,EMEA,India,-,Mobile & Tablet,2024-11-25,82.58,Nov,2024,0.0,0.0,0.0,0.0,0.0,0.0,0.0,0.0,0.0,0.0,0.0,0.0,0.0,0.0,0.0,82.58,0.0,0.0,0,56.6976807017544,1.16186470892114
466,EMEA,India,-,Mobile & Tablet,2024-11-26,102.57,Nov,2024,0.0,0.0,0.0,0.0,0.0,0.0,0.0,0.0,0.0,0.0,0.0,0.0,0.0,0.0,0.0,102.57,0.0,0.0,0,56.6976807017544,1.16186470892114
467,EMEA,India,-,Mobile & Tablet,2024-11-27,77.75,Nov,2024,0.0,0.0,0.0,0.0,0.0,0.0,0.0,0.0,0.0,0.0,0.0,0.0,0.0,0.0,0.0,77.75,0.0,0.0,1,56.6976807017544,1.16186470892114
468,EMEA,India,-,Mobile & Tablet,2024-11-28,99.15,Nov,2024,0.0,0.0,0.0,0.0,0.0,0.0,0.0,0.0,0.0,0.0,0.0,0.0,0.0,0.0,0.0,99.15,0.0,0.0,1,56.6976807017544,1.16186470892114
469,EMEA,India,-,Mobile & Tablet,2024-11-29,90.2,Nov,2024,0.0,0.0,0.0,0.0,0.0,0.0,0.0,0.0,0.0,0.0,0.0,0.0,0.0,0.0,0.0,90.2,0.0,0.0,1,56.6976807017544,1.16186470892114
470,EMEA,India,-,Mobile & Tablet,2024-11-30,118.47999999999999,Nov,2024,0.0,0.0,0.0,0.0,0.0,0.0,0.0,0.0,0.0,0.0,0.0,0.0,0.0,0.0,0.0,118.47999999999999,0.0,0.0,1,56.6976807017544,1.16186470892114
471,EMEA,India,-,Mobile & Tablet,2024-12-01,86.17,Dec,2024,0.0,0.0,0.0,0.0,0.0,0.0,0.0,0.0,0.0,0.0,0.0,86.17,0.0,0.0,0.0,0.0,0.0,0.0,1,56.6976807017544,1.16186470892114
472,EMEA,India,-,Mobile & Tablet,2024-12-02,136.41000000000003,Dec,2024,0.0,0.0,0.0,0.0,0.0,0.0,0.0,0.0,0.0,0.0,0.0,136.41000000000003,0.0,0.0,0.0,0.0,0.0,0.0,0,56.6976807017544,1.16186470892114
473,EMEA,India,-,Mobile & Tablet,2024-12-03,105.42,Dec,2024,0.0,0.0,0.0,0.0,0.0,0.0,0.0,0.0,0.0,0.0,0.0,105.42,0.0,0.0,0.0,0.0,0.0,0.0,0,56.6976807017544,1.16186470892114
474,EMEA,India,-,Mobile & Tablet,2024-12-04,141.2,Dec,2024,0.0,0.0,0.0,0.0,0.0,0.0,0.0,0.0,0.0,0.0,0.0,141.2,0.0,0.0,0.0,0.0,0.0,0.0,1,56.6976807017544,1.16186470892114
475,EMEA,India,-,Mobile & Tablet,2024-12-05,139.96,Dec,2024,0.0,0.0,0.0,0.0,0.0,0.0,0.0,0.0,0.0,0.0,0.0,139.96,0.0,0.0,0.0,0.0,0.0,0.0,1,56.6976807017544,1.16186470892114
476,EMEA,India,-,Mobile & Tablet,2024-12-06,127.59,Dec,2024,0.0,0.0,0.0,0.0,0.0,0.0,0.0,0.0,0.0,0.0,0.0,127.59,0.0,0.0,0.0,0.0,0.0,0.0,1,56.6976807017544,1.16186470892114
477,EMEA,India,-,Mobile & Tablet,2024-12-07,116.48,Dec,2024,0.0,0.0,0.0,0.0,0.0,0.0,0.0,0.0,0.0,0.0,0.0,116.48,0.0,0.0,0.0,0.0,0.0,0.0,1,56.6976807017544,1.16186470892114
478,EMEA,India,-,Mobile & Tablet,2024-12-08,111.1,Dec,2024,0.0,0.0,0.0,0.0,0.0,0.0,0.0,0.0,0.0,0.0,0.0,111.1,0.0,0.0,0.0,0.0,0.0,0.0,1,56.6976807017544,1.16186470892114
479,EMEA,India,-,Mobile & Tablet,2024-12-09,186.18,Dec,2024,0.0,0.0,0.0,0.0,0.0,0.0,0.0,0.0,0.0,0.0,0.0,186.18,0.0,0.0,0.0,0.0,0.0,0.0,0,56.6976807017544,1.16186470892114
480,EMEA,India,-,Mobile & Tablet,2024-12-10,131.69,Dec,2024,0.0,0.0,0.0,0.0,0.0,0.0,0.0,0.0,0.0,0.0,0.0,131.69,0.0,0.0,0.0,0.0,0.0,0.0,0,56.6976807017544,1.16186470892114
481,EMEA,India,-,Mobile & Tablet,2024-12-11,114.28,Dec,2024,0.0,0.0,0.0,0.0,0.0,0.0,0.0,0.0,0.0,0.0,0.0,114.28,0.0,0.0,0.0,0.0,0.0,0.0,1,56.6976807017544,1.16186470892114
482,EMEA,India,-,Mobile & Tablet,2024-12-12,163.65000000000003,Dec,2024,0.0,0.0,0.0,0.0,0.0,0.0,0.0,0.0,0.0,0.0,0.0,163.65000000000003,0.0,0.0,0.0,0.0,0.0,0.0,1,56.6976807017544,1.16186470892114
483,EMEA,India,-,Mobile & Tablet,2024-12-13,211.14000000000004,Dec,2024,0.0,0.0,0.0,0.0,0.0,0.0,0.0,0.0,0.0,0.0,0.0,211.14000000000004,0.0,0.0,0.0,0.0,0.0,0.0,1,56.6976807017544,1.16186470892114
484,EMEA,India,-,Mobile & Tablet,2024-12-14,93.18999999999998,Dec,2024,0.0,0.0,0.0,0.0,0.0,0.0,0.0,0.0,0.0,0.0,0.0,93.18999999999998,0.0,0.0,0.0,0.0,0.0,0.0,1,56.6976807017544,1.16186470892114
485,EMEA,India,-,Mobile & Tablet,2024-12-15,90.25000000000001,Dec,2024,0.0,0.0,0.0,0.0,0.0,0.0,0.0,0.0,0.0,0.0,0.0,90.25000000000001,0.0,0.0,0.0,0.0,0.0,0.0,1,56.6976807017544,1.16186470892114
486,EMEA,India,-,Mobile & Tablet,2024-12-16,194.64000000000001,Dec,2024,0.0,0.0,0.0,0.0,0.0,0.0,0.0,0.0,0.0,0.0,0.0,194.64000000000001,0.0,0.0,0.0,0.0,0.0,0.0,0,56.6976807017544,1.16186470892114
487,EMEA,India,-,Mobile & Tablet,2024-12-17,241.43999999999997,Dec,2024,0.0,0.0,0.0,0.0,0.0,0.0,0.0,0.0,0.0,0.0,0.0,241.43999999999997,0.0,0.0,0.0,0.0,0.0,0.0,0,56.6976807017544,1.16186470892114
488,EMEA,India,-,Mobile & Tablet,2024-12-18,269.94000000000005,Dec,2024,0.0,0.0,0.0,0.0,0.0,0.0,0.0,0.0,0.0,0.0,0.0,269.94000000000005,0.0,0.0,0.0,0.0,0.0,0.0,1,56.6976807017544,1.16186470892114
489,EMEA,India,-,Mobile & Tablet,2024-12-19,193.36999999999998,Dec,2024,0.0,0.0,0.0,0.0,0.0,0.0,0.0,0.0,0.0,0.0,0.0,193.36999999999998,0.0,0.0,0.0,0.0,0.0,0.0,1,56.6976807017544,1.16186470892114
490,EMEA,India,-,Mobile & Tablet,2024-12-20,171.03,Dec,2024,0.0,0.0,0.0,0.0,0.0,0.0,0.0,0.0,0.0,0.0,0.0,171.03,0.0,0.0,0.0,0.0,0.0,0.0,1,56.6976807017544,1.16186470892114
491,EMEA,India,-,Mobile & Tablet,2024-12-21,196.76,Dec,2024,0.0,0.0,0.0,0.0,0.0,0.0,0.0,0.0,0.0,0.0,0.0,196.76,0.0,0.0,0.0,0.0,0.0,0.0,1,56.6976807017544,1.16186470892114
492,EMEA,India,-,Mobile & Tablet,2024-12-22,132.29,Dec,2024,0.0,0.0,0.0,0.0,0.0,0.0,0.0,0.0,0.0,0.0,0.0,132.29,0.0,0.0,0.0,0.0,0.0,0.0,1,56.6976807017544,1.16186470892114
493,EMEA,India,-,Mobile & Tablet,2024-12-23,227.39999999999998,Dec,2024,0.0,0.0,0.0,0.0,0.0,0.0,0.0,0.0,0.0,0.0,0.0,227.39999999999998,0.0,0.0,0.0,0.0,0.0,0.0,0,56.6976807017544,1.16186470892114
494,EMEA,India,-,Mobile & Tablet,2024-12-24,275.14,Dec,2024,0.0,0.0,0.0,0.0,0.0,0.0,0.0,0.0,0.0,0.0,0.0,275.14,0.0,0.0,0.0,0.0,0.0,0.0,0,56.6976807017544,1.16186470892114
495,EMEA,India,-,Mobile & Tablet,2024-12-25,229.3,Dec,2024,0.0,0.0,0.0,0.0,0.0,0.0,0.0,0.0,0.0,0.0,0.0,229.3,0.0,0.0,0.0,0.0,0.0,0.0,1,56.6976807017544,1.16186470892114
496,EMEA,India,-,Mobile & Tablet,2024-12-26,220.94,Dec,2024,0.0,0.0,0.0,0.0,0.0,0.0,0.0,0.0,0.0,0.0,0.0,220.94,0.0,0.0,0.0,0.0,0.0,0.0,1,56.6976807017544,1.16186470892114
497,EMEA,India,-,Mobile & Tablet,2024-12-27,198.11,Dec,2024,0.0,0.0,0.0,0.0,0.0,0.0,0.0,0.0,0.0,0.0,0.0,198.11,0.0,0.0,0.0,0.0,0.0,0.0,1,56.6976807017544,1.16186470892114
498,EMEA,India,-,Mobile & Tablet,2024-12-28,182.32,Dec,2024,0.0,0.0,0.0,0.0,0.0,0.0,0.0,0.0,0.0,0.0,0.0,182.32,0.0,0.0,0.0,0.0,0.0,0.0,1,56.6976807017544,1.16186470892114
499,EMEA,India,-,Mobile & Tablet,2024-12-29,104.23,Dec,2024,0.0,0.0,0.0,0.0,0.0,0.0,0.0,0.0,0.0,0.0,0.0,104.23,0.0,0.0,0.0,0.0,0.0,0.0,1,56.6976807017544,1.16186470892114
500,EMEA,India,-,Mobile & Tablet,2024-12-30,120.62999999999998,Dec,2024,0.0,0.0,0.0,0.0,0.0,0.0,0.0,0.0,0.0,0.0,0.0,120.62999999999998,0.0,0.0,0.0,0.0,0.0,0.0,0,56.6976807017544,1.16186470892114
501,EMEA,India,-,Mobile & Tablet,2024-12-31,191.76,Dec,2024,0.0,0.0,0.0,0.0,0.0,0.0,0.0,0.0,0.0,0.0,0.0,191.76,0.0,0.0,0.0,0.0,0.0,0.0,0,56.6976807017544,1.16186470892114
