,decisionVariableArray,Input Weight,totay_yhat,iter,Date
0,Canada_-_Brand_Apr_2024,1.1252770902916922,-154322.0,1,05.21.2024 18:30:04
1,Canada_-_Brand_May_2024,1.1252770902916922,-154322.0,1,05.21.2024 18:30:04
2,Canada_-_Brand_Jun_2024,0.835688772937004,-154322.0,1,05.21.2024 18:30:04
3,Canada_-_Brand_Jul_2024,0.835688772937004,-154322.0,1,05.21.2024 18:30:04
4,Canada_-_Brand_Aug_2024,0.835688772937004,-154322.0,1,05.21.2024 18:30:04
5,Canada_-_Brand_Sep_2024,0.835688772937004,-154322.0,1,05.21.2024 18:30:04
6,Canada_-_Brand_Oct_2024,0.835688772937004,-154322.0,1,05.21.2024 18:30:04
7,Canada_-_Brand_Nov_2024,0.835688772937004,-154322.0,1,05.21.2024 18:30:04
8,Canada_-_Brand_Dec_2024,0.835688772937004,-154322.0,1,05.21.2024 18:30:04
9,Canada_-_Non_Brand_Apr_2024,1.1252770902916922,-154322.0,1,05.21.2024 18:30:04
10,Canada_-_Non_Brand_May_2024,1.1252770902916922,-154322.0,1,05.21.2024 18:30:04
11,Canada_-_Non_Brand_Jun_2024,0.835688772937004,-154322.0,1,05.21.2024 18:30:04
12,Canada_-_Non_Brand_Jul_2024,0.835688772937004,-154322.0,1,05.21.2024 18:30:04
13,Canada_-_Non_Brand_Aug_2024,0.835688772937004,-154322.0,1,05.21.2024 18:30:04
14,Canada_-_Non_Brand_Sep_2024,0.835688772937004,-154322.0,1,05.21.2024 18:30:04
15,Canada_-_Non_Brand_Oct_2024,0.835688772937004,-154322.0,1,05.21.2024 18:30:04
16,Canada_-_Non_Brand_Nov_2024,0.835688772937004,-154322.0,1,05.21.2024 18:30:04
17,Canada_-_Non_Brand_Dec_2024,0.835688772937004,-154322.0,1,05.21.2024 18:30:04
0,Canada_-_Brand_Apr_2024,1.1252770902916922,-154322.0,2,05.21.2024 18:30:09
1,Canada_-_Brand_May_2024,1.1252770902916922,-154322.0,2,05.21.2024 18:30:09
2,Canada_-_Brand_Jun_2024,0.835688772937004,-154322.0,2,05.21.2024 18:30:09
3,Canada_-_Brand_Jul_2024,0.835688772937004,-154322.0,2,05.21.2024 18:30:09
4,Canada_-_Brand_Aug_2024,0.835688772937004,-154322.0,2,05.21.2024 18:30:09
5,Canada_-_Brand_Sep_2024,0.835688772937004,-154322.0,2,05.21.2024 18:30:09
6,Canada_-_Brand_Oct_2024,0.835688772937004,-154322.0,2,05.21.2024 18:30:09
7,Canada_-_Brand_Nov_2024,0.835688772937004,-154322.0,2,05.21.2024 18:30:09
8,Canada_-_Brand_Dec_2024,0.835688772937004,-154322.0,2,05.21.2024 18:30:09
9,Canada_-_Non_Brand_Apr_2024,1.1252770902916922,-154322.0,2,05.21.2024 18:30:09
10,Canada_-_Non_Brand_May_2024,1.1252770902916922,-154322.0,2,05.21.2024 18:30:09
11,Canada_-_Non_Brand_Jun_2024,0.835688772937004,-154322.0,2,05.21.2024 18:30:09
12,Canada_-_Non_Brand_Jul_2024,0.835688772937004,-154322.0,2,05.21.2024 18:30:09
13,Canada_-_Non_Brand_Aug_2024,0.835688772937004,-154322.0,2,05.21.2024 18:30:09
14,Canada_-_Non_Brand_Sep_2024,0.835688772937004,-154322.0,2,05.21.2024 18:30:09
15,Canada_-_Non_Brand_Oct_2024,0.835688772937004,-154322.0,2,05.21.2024 18:30:09
16,Canada_-_Non_Brand_Nov_2024,0.835688772937004,-154322.0,2,05.21.2024 18:30:09
17,Canada_-_Non_Brand_Dec_2024,0.835688772937004,-154322.0,2,05.21.2024 18:30:09
0,Canada_-_Brand_Apr_2024,1.1252770902916922,-154322.0,3,05.21.2024 18:30:13
1,Canada_-_Brand_May_2024,1.1252770902916922,-154322.0,3,05.21.2024 18:30:13
2,Canada_-_Brand_Jun_2024,0.835688772937004,-154322.0,3,05.21.2024 18:30:13
3,Canada_-_Brand_Jul_2024,0.835688772937004,-154322.0,3,05.21.2024 18:30:13
4,Canada_-_Brand_Aug_2024,0.835688772937004,-154322.0,3,05.21.2024 18:30:13
5,Canada_-_Brand_Sep_2024,0.835688772937004,-154322.0,3,05.21.2024 18:30:13
6,Canada_-_Brand_Oct_2024,0.835688772937004,-154322.0,3,05.21.2024 18:30:13
7,Canada_-_Brand_Nov_2024,0.835688772937004,-154322.0,3,05.21.2024 18:30:13
8,Canada_-_Brand_Dec_2024,0.835688772937004,-154322.0,3,05.21.2024 18:30:13
9,Canada_-_Non_Brand_Apr_2024,1.1252770902916922,-154322.0,3,05.21.2024 18:30:13
10,Canada_-_Non_Brand_May_2024,1.1252770902916922,-154322.0,3,05.21.2024 18:30:13
11,Canada_-_Non_Brand_Jun_2024,0.835688772937004,-154322.0,3,05.21.2024 18:30:13
12,Canada_-_Non_Brand_Jul_2024,0.835688772937004,-154322.0,3,05.21.2024 18:30:13
13,Canada_-_Non_Brand_Aug_2024,0.835688772937004,-154322.0,3,05.21.2024 18:30:13
14,Canada_-_Non_Brand_Sep_2024,0.835688772937004,-154322.0,3,05.21.2024 18:30:13
15,Canada_-_Non_Brand_Oct_2024,0.835688772937004,-154322.0,3,05.21.2024 18:30:13
16,Canada_-_Non_Brand_Nov_2024,0.835688772937004,-154322.0,3,05.21.2024 18:30:13
17,Canada_-_Non_Brand_Dec_2024,0.835688772937004,-154322.0,3,05.21.2024 18:30:13
0,Canada_-_Brand_Apr_2024,1.1252770902916922,-154322.0,4,05.21.2024 18:30:17
1,Canada_-_Brand_May_2024,1.1252770902916922,-154322.0,4,05.21.2024 18:30:17
2,Canada_-_Brand_Jun_2024,0.835688772937004,-154322.0,4,05.21.2024 18:30:17
3,Canada_-_Brand_Jul_2024,0.835688772937004,-154322.0,4,05.21.2024 18:30:17
4,Canada_-_Brand_Aug_2024,0.835688772937004,-154322.0,4,05.21.2024 18:30:17
5,Canada_-_Brand_Sep_2024,0.835688772937004,-154322.0,4,05.21.2024 18:30:17
6,Canada_-_Brand_Oct_2024,0.835688772937004,-154322.0,4,05.21.2024 18:30:17
7,Canada_-_Brand_Nov_2024,0.835688772937004,-154322.0,4,05.21.2024 18:30:17
8,Canada_-_Brand_Dec_2024,0.835688772937004,-154322.0,4,05.21.2024 18:30:17
9,Canada_-_Non_Brand_Apr_2024,1.1252770902916922,-154322.0,4,05.21.2024 18:30:17
10,Canada_-_Non_Brand_May_2024,1.1252770902916922,-154322.0,4,05.21.2024 18:30:17
11,Canada_-_Non_Brand_Jun_2024,0.835688772937004,-154322.0,4,05.21.2024 18:30:17
12,Canada_-_Non_Brand_Jul_2024,0.835688772937004,-154322.0,4,05.21.2024 18:30:17
13,Canada_-_Non_Brand_Aug_2024,0.835688772937004,-154322.0,4,05.21.2024 18:30:17
14,Canada_-_Non_Brand_Sep_2024,0.835688772937004,-154322.0,4,05.21.2024 18:30:17
15,Canada_-_Non_Brand_Oct_2024,0.835688772937004,-154322.0,4,05.21.2024 18:30:17
16,Canada_-_Non_Brand_Nov_2024,0.835688772937004,-154322.0,4,05.21.2024 18:30:17
17,Canada_-_Non_Brand_Dec_2024,0.835688772937004,-154322.0,4,05.21.2024 18:30:17
0,Canada_-_Brand_Apr_2024,1.1252770902916922,-154322.0,5,05.21.2024 18:30:22
1,Canada_-_Brand_May_2024,1.1252770902916922,-154322.0,5,05.21.2024 18:30:22
2,Canada_-_Brand_Jun_2024,0.835688772937004,-154322.0,5,05.21.2024 18:30:22
3,Canada_-_Brand_Jul_2024,0.835688772937004,-154322.0,5,05.21.2024 18:30:22
4,Canada_-_Brand_Aug_2024,0.835688772937004,-154322.0,5,05.21.2024 18:30:22
5,Canada_-_Brand_Sep_2024,0.835688772937004,-154322.0,5,05.21.2024 18:30:22
6,Canada_-_Brand_Oct_2024,0.835688772937004,-154322.0,5,05.21.2024 18:30:22
7,Canada_-_Brand_Nov_2024,0.835688772937004,-154322.0,5,05.21.2024 18:30:22
8,Canada_-_Brand_Dec_2024,0.835688772937004,-154322.0,5,05.21.2024 18:30:22
9,Canada_-_Non_Brand_Apr_2024,1.1252770902916922,-154322.0,5,05.21.2024 18:30:22
10,Canada_-_Non_Brand_May_2024,1.1252770902916922,-154322.0,5,05.21.2024 18:30:22
11,Canada_-_Non_Brand_Jun_2024,0.835688772937004,-154322.0,5,05.21.2024 18:30:22
12,Canada_-_Non_Brand_Jul_2024,0.835688772937004,-154322.0,5,05.21.2024 18:30:22
13,Canada_-_Non_Brand_Aug_2024,0.835688772937004,-154322.0,5,05.21.2024 18:30:22
14,Canada_-_Non_Brand_Sep_2024,0.835688772937004,-154322.0,5,05.21.2024 18:30:22
15,Canada_-_Non_Brand_Oct_2024,0.835688772937004,-154322.0,5,05.21.2024 18:30:22
16,Canada_-_Non_Brand_Nov_2024,0.835688772937004,-154322.0,5,05.21.2024 18:30:22
17,Canada_-_Non_Brand_Dec_2024,0.835688772937004,-154322.0,5,05.21.2024 18:30:22
0,Canada_-_Brand_Apr_2024,1.1252770902916922,-154322.0,6,05.21.2024 18:30:26
1,Canada_-_Brand_May_2024,1.1252770902916922,-154322.0,6,05.21.2024 18:30:26
2,Canada_-_Brand_Jun_2024,0.835688772937004,-154322.0,6,05.21.2024 18:30:26
3,Canada_-_Brand_Jul_2024,0.835688772937004,-154322.0,6,05.21.2024 18:30:26
4,Canada_-_Brand_Aug_2024,0.835688772937004,-154322.0,6,05.21.2024 18:30:26
5,Canada_-_Brand_Sep_2024,0.835688772937004,-154322.0,6,05.21.2024 18:30:26
6,Canada_-_Brand_Oct_2024,0.835688772937004,-154322.0,6,05.21.2024 18:30:26
7,Canada_-_Brand_Nov_2024,0.835688772937004,-154322.0,6,05.21.2024 18:30:26
8,Canada_-_Brand_Dec_2024,0.835688772937004,-154322.0,6,05.21.2024 18:30:26
9,Canada_-_Non_Brand_Apr_2024,1.1252770902916922,-154322.0,6,05.21.2024 18:30:26
10,Canada_-_Non_Brand_May_2024,1.1252770902916922,-154322.0,6,05.21.2024 18:30:26
11,Canada_-_Non_Brand_Jun_2024,0.835688772937004,-154322.0,6,05.21.2024 18:30:26
12,Canada_-_Non_Brand_Jul_2024,0.835688772937004,-154322.0,6,05.21.2024 18:30:26
13,Canada_-_Non_Brand_Aug_2024,0.835688772937004,-154322.0,6,05.21.2024 18:30:26
14,Canada_-_Non_Brand_Sep_2024,0.835688772937004,-154322.0,6,05.21.2024 18:30:26
15,Canada_-_Non_Brand_Oct_2024,0.835688772937004,-154322.0,6,05.21.2024 18:30:26
16,Canada_-_Non_Brand_Nov_2024,0.835688772937004,-154322.0,6,05.21.2024 18:30:26
17,Canada_-_Non_Brand_Dec_2024,0.835688772937004,-154322.0,6,05.21.2024 18:30:26
0,Canada_-_Brand_Apr_2024,1.1252770902916922,-154322.0,7,05.21.2024 18:30:31
1,Canada_-_Brand_May_2024,1.1252770902916922,-154322.0,7,05.21.2024 18:30:31
2,Canada_-_Brand_Jun_2024,0.835688772937004,-154322.0,7,05.21.2024 18:30:31
3,Canada_-_Brand_Jul_2024,0.835688772937004,-154322.0,7,05.21.2024 18:30:31
4,Canada_-_Brand_Aug_2024,0.835688772937004,-154322.0,7,05.21.2024 18:30:31
5,Canada_-_Brand_Sep_2024,0.835688772937004,-154322.0,7,05.21.2024 18:30:31
6,Canada_-_Brand_Oct_2024,0.835688772937004,-154322.0,7,05.21.2024 18:30:31
7,Canada_-_Brand_Nov_2024,0.835688772937004,-154322.0,7,05.21.2024 18:30:31
8,Canada_-_Brand_Dec_2024,0.835688772937004,-154322.0,7,05.21.2024 18:30:31
9,Canada_-_Non_Brand_Apr_2024,1.1252770902916922,-154322.0,7,05.21.2024 18:30:31
10,Canada_-_Non_Brand_May_2024,1.1252770902916922,-154322.0,7,05.21.2024 18:30:31
11,Canada_-_Non_Brand_Jun_2024,0.835688772937004,-154322.0,7,05.21.2024 18:30:31
12,Canada_-_Non_Brand_Jul_2024,0.835688772937004,-154322.0,7,05.21.2024 18:30:31
13,Canada_-_Non_Brand_Aug_2024,0.835688772937004,-154322.0,7,05.21.2024 18:30:31
14,Canada_-_Non_Brand_Sep_2024,0.835688772937004,-154322.0,7,05.21.2024 18:30:31
15,Canada_-_Non_Brand_Oct_2024,0.835688772937004,-154322.0,7,05.21.2024 18:30:31
16,Canada_-_Non_Brand_Nov_2024,0.835688772937004,-154322.0,7,05.21.2024 18:30:31
17,Canada_-_Non_Brand_Dec_2024,0.835688772937004,-154322.0,7,05.21.2024 18:30:31
0,Canada_-_Brand_Apr_2024,1.1252770902916922,-154322.0,8,05.21.2024 18:30:35
1,Canada_-_Brand_May_2024,1.1252770902916922,-154322.0,8,05.21.2024 18:30:35
2,Canada_-_Brand_Jun_2024,0.835688772937004,-154322.0,8,05.21.2024 18:30:35
3,Canada_-_Brand_Jul_2024,0.835688772937004,-154322.0,8,05.21.2024 18:30:35
4,Canada_-_Brand_Aug_2024,0.835688772937004,-154322.0,8,05.21.2024 18:30:35
5,Canada_-_Brand_Sep_2024,0.835688772937004,-154322.0,8,05.21.2024 18:30:35
6,Canada_-_Brand_Oct_2024,0.835688772937004,-154322.0,8,05.21.2024 18:30:35
7,Canada_-_Brand_Nov_2024,0.835688772937004,-154322.0,8,05.21.2024 18:30:35
8,Canada_-_Brand_Dec_2024,0.835688772937004,-154322.0,8,05.21.2024 18:30:35
9,Canada_-_Non_Brand_Apr_2024,1.1252770902916922,-154322.0,8,05.21.2024 18:30:35
10,Canada_-_Non_Brand_May_2024,1.1252770902916922,-154322.0,8,05.21.2024 18:30:35
11,Canada_-_Non_Brand_Jun_2024,0.835688772937004,-154322.0,8,05.21.2024 18:30:35
12,Canada_-_Non_Brand_Jul_2024,0.835688772937004,-154322.0,8,05.21.2024 18:30:35
13,Canada_-_Non_Brand_Aug_2024,0.835688772937004,-154322.0,8,05.21.2024 18:30:35
14,Canada_-_Non_Brand_Sep_2024,0.835688772937004,-154322.0,8,05.21.2024 18:30:35
15,Canada_-_Non_Brand_Oct_2024,0.835688772937004,-154322.0,8,05.21.2024 18:30:35
16,Canada_-_Non_Brand_Nov_2024,0.835688772937004,-154322.0,8,05.21.2024 18:30:35
17,Canada_-_Non_Brand_Dec_2024,0.835688772937004,-154322.0,8,05.21.2024 18:30:35
0,Canada_-_Brand_Apr_2024,1.1252770902916922,-154322.0,9,05.21.2024 18:30:39
1,Canada_-_Brand_May_2024,1.1252770902916922,-154322.0,9,05.21.2024 18:30:39
2,Canada_-_Brand_Jun_2024,0.835688772937004,-154322.0,9,05.21.2024 18:30:39
3,Canada_-_Brand_Jul_2024,0.835688772937004,-154322.0,9,05.21.2024 18:30:39
4,Canada_-_Brand_Aug_2024,0.835688772937004,-154322.0,9,05.21.2024 18:30:39
5,Canada_-_Brand_Sep_2024,0.835688772937004,-154322.0,9,05.21.2024 18:30:39
6,Canada_-_Brand_Oct_2024,0.835688772937004,-154322.0,9,05.21.2024 18:30:39
7,Canada_-_Brand_Nov_2024,0.835688772937004,-154322.0,9,05.21.2024 18:30:39
8,Canada_-_Brand_Dec_2024,0.835688772937004,-154322.0,9,05.21.2024 18:30:39
9,Canada_-_Non_Brand_Apr_2024,1.1252770902916922,-154322.0,9,05.21.2024 18:30:39
10,Canada_-_Non_Brand_May_2024,1.1252770902916922,-154322.0,9,05.21.2024 18:30:39
11,Canada_-_Non_Brand_Jun_2024,0.835688772937004,-154322.0,9,05.21.2024 18:30:39
12,Canada_-_Non_Brand_Jul_2024,0.835688772937004,-154322.0,9,05.21.2024 18:30:39
13,Canada_-_Non_Brand_Aug_2024,0.835688772937004,-154322.0,9,05.21.2024 18:30:39
14,Canada_-_Non_Brand_Sep_2024,0.835688772937004,-154322.0,9,05.21.2024 18:30:39
15,Canada_-_Non_Brand_Oct_2024,0.835688772937004,-154322.0,9,05.21.2024 18:30:39
16,Canada_-_Non_Brand_Nov_2024,0.835688772937004,-154322.0,9,05.21.2024 18:30:39
17,Canada_-_Non_Brand_Dec_2024,0.835688772937004,-154322.0,9,05.21.2024 18:30:39
0,Canada_-_Brand_Apr_2024,1.1252770902916922,-154322.0,10,05.21.2024 18:30:44
1,Canada_-_Brand_May_2024,1.1252770902916922,-154322.0,10,05.21.2024 18:30:44
2,Canada_-_Brand_Jun_2024,0.835688772937004,-154322.0,10,05.21.2024 18:30:44
3,Canada_-_Brand_Jul_2024,0.835688772937004,-154322.0,10,05.21.2024 18:30:44
4,Canada_-_Brand_Aug_2024,0.835688772937004,-154322.0,10,05.21.2024 18:30:44
5,Canada_-_Brand_Sep_2024,0.835688772937004,-154322.0,10,05.21.2024 18:30:44
6,Canada_-_Brand_Oct_2024,0.835688772937004,-154322.0,10,05.21.2024 18:30:44
7,Canada_-_Brand_Nov_2024,0.835688772937004,-154322.0,10,05.21.2024 18:30:44
8,Canada_-_Brand_Dec_2024,0.835688772937004,-154322.0,10,05.21.2024 18:30:44
9,Canada_-_Non_Brand_Apr_2024,1.1252770902916922,-154322.0,10,05.21.2024 18:30:44
10,Canada_-_Non_Brand_May_2024,1.1252770902916922,-154322.0,10,05.21.2024 18:30:44
11,Canada_-_Non_Brand_Jun_2024,0.835688772937004,-154322.0,10,05.21.2024 18:30:44
12,Canada_-_Non_Brand_Jul_2024,0.835688772937004,-154322.0,10,05.21.2024 18:30:44
13,Canada_-_Non_Brand_Aug_2024,0.835688772937004,-154322.0,10,05.21.2024 18:30:44
14,Canada_-_Non_Brand_Sep_2024,0.835688772937004,-154322.0,10,05.21.2024 18:30:44
15,Canada_-_Non_Brand_Oct_2024,0.835688772937004,-154322.0,10,05.21.2024 18:30:44
16,Canada_-_Non_Brand_Nov_2024,0.835688772937004,-154322.0,10,05.21.2024 18:30:44
17,Canada_-_Non_Brand_Dec_2024,0.835688772937004,-154322.0,10,05.21.2024 18:30:44
0,Canada_-_Brand_Apr_2024,1.1252770902916922,-154322.0,11,05.21.2024 18:30:48
1,Canada_-_Brand_May_2024,1.1252770902916922,-154322.0,11,05.21.2024 18:30:48
2,Canada_-_Brand_Jun_2024,0.835688772937004,-154322.0,11,05.21.2024 18:30:48
3,Canada_-_Brand_Jul_2024,0.835688772937004,-154322.0,11,05.21.2024 18:30:48
4,Canada_-_Brand_Aug_2024,0.835688772937004,-154322.0,11,05.21.2024 18:30:48
5,Canada_-_Brand_Sep_2024,0.835688772937004,-154322.0,11,05.21.2024 18:30:48
6,Canada_-_Brand_Oct_2024,0.835688772937004,-154322.0,11,05.21.2024 18:30:48
7,Canada_-_Brand_Nov_2024,0.835688772937004,-154322.0,11,05.21.2024 18:30:48
8,Canada_-_Brand_Dec_2024,0.835688772937004,-154322.0,11,05.21.2024 18:30:48
9,Canada_-_Non_Brand_Apr_2024,1.1252770902916922,-154322.0,11,05.21.2024 18:30:48
10,Canada_-_Non_Brand_May_2024,1.1252770902916922,-154322.0,11,05.21.2024 18:30:48
11,Canada_-_Non_Brand_Jun_2024,0.835688772937004,-154322.0,11,05.21.2024 18:30:48
12,Canada_-_Non_Brand_Jul_2024,0.835688772937004,-154322.0,11,05.21.2024 18:30:48
13,Canada_-_Non_Brand_Aug_2024,0.835688772937004,-154322.0,11,05.21.2024 18:30:48
14,Canada_-_Non_Brand_Sep_2024,0.835688772937004,-154322.0,11,05.21.2024 18:30:48
15,Canada_-_Non_Brand_Oct_2024,0.835688772937004,-154322.0,11,05.21.2024 18:30:48
16,Canada_-_Non_Brand_Nov_2024,0.835688772937004,-154322.0,11,05.21.2024 18:30:48
17,Canada_-_Non_Brand_Dec_2024,0.835688772937004,-154322.0,11,05.21.2024 18:30:48
0,Canada_-_Brand_Apr_2024,1.1252770902916922,-154322.0,12,05.21.2024 18:30:53
1,Canada_-_Brand_May_2024,1.1252770902916922,-154322.0,12,05.21.2024 18:30:53
2,Canada_-_Brand_Jun_2024,0.835688772937004,-154322.0,12,05.21.2024 18:30:53
3,Canada_-_Brand_Jul_2024,0.835688772937004,-154322.0,12,05.21.2024 18:30:53
4,Canada_-_Brand_Aug_2024,0.835688772937004,-154322.0,12,05.21.2024 18:30:53
5,Canada_-_Brand_Sep_2024,0.835688772937004,-154322.0,12,05.21.2024 18:30:53
6,Canada_-_Brand_Oct_2024,0.835688772937004,-154322.0,12,05.21.2024 18:30:53
7,Canada_-_Brand_Nov_2024,0.835688772937004,-154322.0,12,05.21.2024 18:30:53
8,Canada_-_Brand_Dec_2024,0.835688772937004,-154322.0,12,05.21.2024 18:30:53
9,Canada_-_Non_Brand_Apr_2024,1.1252770902916922,-154322.0,12,05.21.2024 18:30:53
10,Canada_-_Non_Brand_May_2024,1.1252770902916922,-154322.0,12,05.21.2024 18:30:53
11,Canada_-_Non_Brand_Jun_2024,0.835688772937004,-154322.0,12,05.21.2024 18:30:53
12,Canada_-_Non_Brand_Jul_2024,0.835688772937004,-154322.0,12,05.21.2024 18:30:53
13,Canada_-_Non_Brand_Aug_2024,0.835688772937004,-154322.0,12,05.21.2024 18:30:53
14,Canada_-_Non_Brand_Sep_2024,0.835688772937004,-154322.0,12,05.21.2024 18:30:53
15,Canada_-_Non_Brand_Oct_2024,0.835688772937004,-154322.0,12,05.21.2024 18:30:53
16,Canada_-_Non_Brand_Nov_2024,0.835688772937004,-154322.0,12,05.21.2024 18:30:53
17,Canada_-_Non_Brand_Dec_2024,0.835688772937004,-154322.0,12,05.21.2024 18:30:53
0,Canada_-_Brand_Apr_2024,1.1252770902916922,-154322.0,13,05.21.2024 18:30:57
1,Canada_-_Brand_May_2024,1.1252770902916922,-154322.0,13,05.21.2024 18:30:57
2,Canada_-_Brand_Jun_2024,0.835688772937004,-154322.0,13,05.21.2024 18:30:57
3,Canada_-_Brand_Jul_2024,0.835688772937004,-154322.0,13,05.21.2024 18:30:57
4,Canada_-_Brand_Aug_2024,0.835688772937004,-154322.0,13,05.21.2024 18:30:57
5,Canada_-_Brand_Sep_2024,0.835688772937004,-154322.0,13,05.21.2024 18:30:57
6,Canada_-_Brand_Oct_2024,0.835688772937004,-154322.0,13,05.21.2024 18:30:57
7,Canada_-_Brand_Nov_2024,0.835688772937004,-154322.0,13,05.21.2024 18:30:57
8,Canada_-_Brand_Dec_2024,0.835688772937004,-154322.0,13,05.21.2024 18:30:57
9,Canada_-_Non_Brand_Apr_2024,1.1252770902916922,-154322.0,13,05.21.2024 18:30:57
10,Canada_-_Non_Brand_May_2024,1.1252770902916922,-154322.0,13,05.21.2024 18:30:57
11,Canada_-_Non_Brand_Jun_2024,0.835688772937004,-154322.0,13,05.21.2024 18:30:57
12,Canada_-_Non_Brand_Jul_2024,0.835688772937004,-154322.0,13,05.21.2024 18:30:57
13,Canada_-_Non_Brand_Aug_2024,0.835688772937004,-154322.0,13,05.21.2024 18:30:57
14,Canada_-_Non_Brand_Sep_2024,0.835688772937004,-154322.0,13,05.21.2024 18:30:57
15,Canada_-_Non_Brand_Oct_2024,0.835688772937004,-154322.0,13,05.21.2024 18:30:57
16,Canada_-_Non_Brand_Nov_2024,0.835688772937004,-154322.0,13,05.21.2024 18:30:57
17,Canada_-_Non_Brand_Dec_2024,0.835688772937004,-154322.0,13,05.21.2024 18:30:57
0,Canada_-_Brand_Apr_2024,1.1252770902916922,-154322.0,14,05.21.2024 18:31:01
1,Canada_-_Brand_May_2024,1.1252770902916922,-154322.0,14,05.21.2024 18:31:01
2,Canada_-_Brand_Jun_2024,0.835688772937004,-154322.0,14,05.21.2024 18:31:01
3,Canada_-_Brand_Jul_2024,0.835688772937004,-154322.0,14,05.21.2024 18:31:01
4,Canada_-_Brand_Aug_2024,0.835688772937004,-154322.0,14,05.21.2024 18:31:01
5,Canada_-_Brand_Sep_2024,0.835688772937004,-154322.0,14,05.21.2024 18:31:01
6,Canada_-_Brand_Oct_2024,0.835688772937004,-154322.0,14,05.21.2024 18:31:01
7,Canada_-_Brand_Nov_2024,0.835688772937004,-154322.0,14,05.21.2024 18:31:01
8,Canada_-_Brand_Dec_2024,0.835688772937004,-154322.0,14,05.21.2024 18:31:01
9,Canada_-_Non_Brand_Apr_2024,1.1252770902916922,-154322.0,14,05.21.2024 18:31:01
10,Canada_-_Non_Brand_May_2024,1.1252770902916922,-154322.0,14,05.21.2024 18:31:01
11,Canada_-_Non_Brand_Jun_2024,0.835688772937004,-154322.0,14,05.21.2024 18:31:01
12,Canada_-_Non_Brand_Jul_2024,0.835688772937004,-154322.0,14,05.21.2024 18:31:01
13,Canada_-_Non_Brand_Aug_2024,0.835688772937004,-154322.0,14,05.21.2024 18:31:01
14,Canada_-_Non_Brand_Sep_2024,0.835688772937004,-154322.0,14,05.21.2024 18:31:01
15,Canada_-_Non_Brand_Oct_2024,0.835688772937004,-154322.0,14,05.21.2024 18:31:01
16,Canada_-_Non_Brand_Nov_2024,0.835688772937004,-154322.0,14,05.21.2024 18:31:01
17,Canada_-_Non_Brand_Dec_2024,0.835688772937004,-154322.0,14,05.21.2024 18:31:01
0,Canada_-_Brand_Apr_2024,1.1252770902916922,-154322.0,15,05.21.2024 18:31:05
1,Canada_-_Brand_May_2024,1.1252770902916922,-154322.0,15,05.21.2024 18:31:05
2,Canada_-_Brand_Jun_2024,0.835688772937004,-154322.0,15,05.21.2024 18:31:05
3,Canada_-_Brand_Jul_2024,0.835688772937004,-154322.0,15,05.21.2024 18:31:05
4,Canada_-_Brand_Aug_2024,0.835688772937004,-154322.0,15,05.21.2024 18:31:05
5,Canada_-_Brand_Sep_2024,0.835688772937004,-154322.0,15,05.21.2024 18:31:05
6,Canada_-_Brand_Oct_2024,0.835688772937004,-154322.0,15,05.21.2024 18:31:05
7,Canada_-_Brand_Nov_2024,0.835688772937004,-154322.0,15,05.21.2024 18:31:05
8,Canada_-_Brand_Dec_2024,0.835688772937004,-154322.0,15,05.21.2024 18:31:05
9,Canada_-_Non_Brand_Apr_2024,1.1252770902916922,-154322.0,15,05.21.2024 18:31:05
10,Canada_-_Non_Brand_May_2024,1.1252770902916922,-154322.0,15,05.21.2024 18:31:05
11,Canada_-_Non_Brand_Jun_2024,0.835688772937004,-154322.0,15,05.21.2024 18:31:05
12,Canada_-_Non_Brand_Jul_2024,0.835688772937004,-154322.0,15,05.21.2024 18:31:05
13,Canada_-_Non_Brand_Aug_2024,0.835688772937004,-154322.0,15,05.21.2024 18:31:05
14,Canada_-_Non_Brand_Sep_2024,0.835688772937004,-154322.0,15,05.21.2024 18:31:05
15,Canada_-_Non_Brand_Oct_2024,0.835688772937004,-154322.0,15,05.21.2024 18:31:05
16,Canada_-_Non_Brand_Nov_2024,0.835688772937004,-154322.0,15,05.21.2024 18:31:05
17,Canada_-_Non_Brand_Dec_2024,0.835688772937004,-154322.0,15,05.21.2024 18:31:05
0,Canada_-_Brand_Apr_2024,1.1252770902916922,-154322.0,16,05.21.2024 18:31:10
1,Canada_-_Brand_May_2024,1.1252770902916922,-154322.0,16,05.21.2024 18:31:10
2,Canada_-_Brand_Jun_2024,0.835688772937004,-154322.0,16,05.21.2024 18:31:10
3,Canada_-_Brand_Jul_2024,0.835688772937004,-154322.0,16,05.21.2024 18:31:10
4,Canada_-_Brand_Aug_2024,0.835688772937004,-154322.0,16,05.21.2024 18:31:10
5,Canada_-_Brand_Sep_2024,0.835688772937004,-154322.0,16,05.21.2024 18:31:10
6,Canada_-_Brand_Oct_2024,0.835688772937004,-154322.0,16,05.21.2024 18:31:10
7,Canada_-_Brand_Nov_2024,0.835688772937004,-154322.0,16,05.21.2024 18:31:10
8,Canada_-_Brand_Dec_2024,0.835688772937004,-154322.0,16,05.21.2024 18:31:10
9,Canada_-_Non_Brand_Apr_2024,1.1252770902916922,-154322.0,16,05.21.2024 18:31:10
10,Canada_-_Non_Brand_May_2024,1.1252770902916922,-154322.0,16,05.21.2024 18:31:10
11,Canada_-_Non_Brand_Jun_2024,0.835688772937004,-154322.0,16,05.21.2024 18:31:10
12,Canada_-_Non_Brand_Jul_2024,0.835688772937004,-154322.0,16,05.21.2024 18:31:10
13,Canada_-_Non_Brand_Aug_2024,0.835688772937004,-154322.0,16,05.21.2024 18:31:10
14,Canada_-_Non_Brand_Sep_2024,0.835688772937004,-154322.0,16,05.21.2024 18:31:10
15,Canada_-_Non_Brand_Oct_2024,0.835688772937004,-154322.0,16,05.21.2024 18:31:10
16,Canada_-_Non_Brand_Nov_2024,0.835688772937004,-154322.0,16,05.21.2024 18:31:10
17,Canada_-_Non_Brand_Dec_2024,0.835688772937004,-154322.0,16,05.21.2024 18:31:10
0,Canada_-_Brand_Apr_2024,1.1252770902916922,-154322.0,17,05.21.2024 18:31:14
1,Canada_-_Brand_May_2024,1.1252770902916922,-154322.0,17,05.21.2024 18:31:14
2,Canada_-_Brand_Jun_2024,0.835688772937004,-154322.0,17,05.21.2024 18:31:14
3,Canada_-_Brand_Jul_2024,0.835688772937004,-154322.0,17,05.21.2024 18:31:14
4,Canada_-_Brand_Aug_2024,0.835688772937004,-154322.0,17,05.21.2024 18:31:14
5,Canada_-_Brand_Sep_2024,0.835688772937004,-154322.0,17,05.21.2024 18:31:14
6,Canada_-_Brand_Oct_2024,0.835688772937004,-154322.0,17,05.21.2024 18:31:14
7,Canada_-_Brand_Nov_2024,0.835688772937004,-154322.0,17,05.21.2024 18:31:14
8,Canada_-_Brand_Dec_2024,0.835688772937004,-154322.0,17,05.21.2024 18:31:14
9,Canada_-_Non_Brand_Apr_2024,1.1252770902916922,-154322.0,17,05.21.2024 18:31:14
10,Canada_-_Non_Brand_May_2024,1.1252770902916922,-154322.0,17,05.21.2024 18:31:14
11,Canada_-_Non_Brand_Jun_2024,0.835688772937004,-154322.0,17,05.21.2024 18:31:14
12,Canada_-_Non_Brand_Jul_2024,0.835688772937004,-154322.0,17,05.21.2024 18:31:14
13,Canada_-_Non_Brand_Aug_2024,0.835688772937004,-154322.0,17,05.21.2024 18:31:14
14,Canada_-_Non_Brand_Sep_2024,0.835688772937004,-154322.0,17,05.21.2024 18:31:14
15,Canada_-_Non_Brand_Oct_2024,0.835688772937004,-154322.0,17,05.21.2024 18:31:14
16,Canada_-_Non_Brand_Nov_2024,0.835688772937004,-154322.0,17,05.21.2024 18:31:14
17,Canada_-_Non_Brand_Dec_2024,0.835688772937004,-154322.0,17,05.21.2024 18:31:14
0,Canada_-_Brand_Apr_2024,1.1252770902916922,-154322.0,18,05.21.2024 18:31:19
1,Canada_-_Brand_May_2024,1.1252770902916922,-154322.0,18,05.21.2024 18:31:19
2,Canada_-_Brand_Jun_2024,0.835688772937004,-154322.0,18,05.21.2024 18:31:19
3,Canada_-_Brand_Jul_2024,0.835688772937004,-154322.0,18,05.21.2024 18:31:19
4,Canada_-_Brand_Aug_2024,0.835688772937004,-154322.0,18,05.21.2024 18:31:19
5,Canada_-_Brand_Sep_2024,0.835688772937004,-154322.0,18,05.21.2024 18:31:19
6,Canada_-_Brand_Oct_2024,0.835688772937004,-154322.0,18,05.21.2024 18:31:19
7,Canada_-_Brand_Nov_2024,0.835688772937004,-154322.0,18,05.21.2024 18:31:19
8,Canada_-_Brand_Dec_2024,0.835688772937004,-154322.0,18,05.21.2024 18:31:19
9,Canada_-_Non_Brand_Apr_2024,1.1252770902916922,-154322.0,18,05.21.2024 18:31:19
10,Canada_-_Non_Brand_May_2024,1.1252770902916922,-154322.0,18,05.21.2024 18:31:19
11,Canada_-_Non_Brand_Jun_2024,0.835688772937004,-154322.0,18,05.21.2024 18:31:19
12,Canada_-_Non_Brand_Jul_2024,0.835688772937004,-154322.0,18,05.21.2024 18:31:19
13,Canada_-_Non_Brand_Aug_2024,0.835688772937004,-154322.0,18,05.21.2024 18:31:19
14,Canada_-_Non_Brand_Sep_2024,0.835688772937004,-154322.0,18,05.21.2024 18:31:19
15,Canada_-_Non_Brand_Oct_2024,0.835688772937004,-154322.0,18,05.21.2024 18:31:19
16,Canada_-_Non_Brand_Nov_2024,0.835688772937004,-154322.0,18,05.21.2024 18:31:19
17,Canada_-_Non_Brand_Dec_2024,0.835688772937004,-154322.0,18,05.21.2024 18:31:19
0,Canada_-_Brand_Apr_2024,1.2831831735610437,-153027.0,19,05.21.2024 18:31:23
1,Canada_-_Brand_May_2024,1.1120140225906285,-153027.0,19,05.21.2024 18:31:23
2,Canada_-_Brand_Jun_2024,0.7892261557744906,-153027.0,19,05.21.2024 18:31:23
3,Canada_-_Brand_Jul_2024,0.8633018687188133,-153027.0,19,05.21.2024 18:31:23
4,Canada_-_Brand_Aug_2024,0.7401939095969661,-153027.0,19,05.21.2024 18:31:23
5,Canada_-_Brand_Sep_2024,0.8486175886358944,-153027.0,19,05.21.2024 18:31:23
6,Canada_-_Brand_Oct_2024,0.8262361336056349,-153027.0,19,05.21.2024 18:31:23
7,Canada_-_Brand_Nov_2024,0.7554247666045764,-153027.0,19,05.21.2024 18:31:23
8,Canada_-_Brand_Dec_2024,0.887459235564984,-153027.0,19,05.21.2024 18:31:23
9,Canada_-_Non_Brand_Apr_2024,1.0059275871842115,-153027.0,19,05.21.2024 18:31:23
10,Canada_-_Non_Brand_May_2024,0.9807878317371405,-153027.0,19,05.21.2024 18:31:23
11,Canada_-_Non_Brand_Jun_2024,0.8472190697272751,-153027.0,19,05.21.2024 18:31:23
12,Canada_-_Non_Brand_Jul_2024,0.9271065922538706,-153027.0,19,05.21.2024 18:31:23
13,Canada_-_Non_Brand_Aug_2024,0.9975123284038193,-153027.0,19,05.21.2024 18:31:23
14,Canada_-_Non_Brand_Sep_2024,0.9981216110846945,-153027.0,19,05.21.2024 18:31:23
15,Canada_-_Non_Brand_Oct_2024,0.9519182175783218,-153027.0,19,05.21.2024 18:31:23
16,Canada_-_Non_Brand_Nov_2024,0.9526590617642804,-153027.0,19,05.21.2024 18:31:23
17,Canada_-_Non_Brand_Dec_2024,0.8969135608310284,-153027.0,19,05.21.2024 18:31:23
0,Canada_-_Brand_Apr_2024,1.4786477300518979,-152664.0,20,05.21.2024 18:31:27
1,Canada_-_Brand_May_2024,0.9904426357986952,-152664.0,20,05.21.2024 18:31:27
2,Canada_-_Brand_Jun_2024,0.8044697823019189,-152664.0,20,05.21.2024 18:31:27
3,Canada_-_Brand_Jul_2024,0.9237408675257496,-152664.0,20,05.21.2024 18:31:27
4,Canada_-_Brand_Aug_2024,0.8938406716365773,-152664.0,20,05.21.2024 18:31:27
5,Canada_-_Brand_Sep_2024,0.7539440327887449,-152664.0,20,05.21.2024 18:31:27
6,Canada_-_Brand_Oct_2024,0.829656775002468,-152664.0,20,05.21.2024 18:31:27
7,Canada_-_Brand_Nov_2024,0.8287764807331995,-152664.0,20,05.21.2024 18:31:27
8,Canada_-_Brand_Dec_2024,0.6838095760967217,-152664.0,20,05.21.2024 18:31:27
9,Canada_-_Non_Brand_Apr_2024,1.3691754485961625,-152664.0,20,05.21.2024 18:31:27
10,Canada_-_Non_Brand_May_2024,1.2378978278815038,-152664.0,20,05.21.2024 18:31:27
11,Canada_-_Non_Brand_Jun_2024,0.7979125082661409,-152664.0,20,05.21.2024 18:31:27
12,Canada_-_Non_Brand_Jul_2024,0.9370902939165904,-152664.0,20,05.21.2024 18:31:27
13,Canada_-_Non_Brand_Aug_2024,0.7850421427671607,-152664.0,20,05.21.2024 18:31:27
14,Canada_-_Non_Brand_Sep_2024,0.9266552746088957,-152664.0,20,05.21.2024 18:31:27
15,Canada_-_Non_Brand_Oct_2024,0.9446186086236902,-152664.0,20,05.21.2024 18:31:27
16,Canada_-_Non_Brand_Nov_2024,0.9016678596455979,-152664.0,20,05.21.2024 18:31:27
17,Canada_-_Non_Brand_Dec_2024,0.8804440375205627,-152664.0,20,05.21.2024 18:31:27
0,Canada_-_Brand_Apr_2024,1.110042702008407,-153564.0,21,05.21.2024 18:31:32
1,Canada_-_Brand_May_2024,1.1218452016064089,-153564.0,21,05.21.2024 18:31:32
2,Canada_-_Brand_Jun_2024,0.6885100738089396,-153564.0,21,05.21.2024 18:31:32
3,Canada_-_Brand_Jul_2024,0.8202097069054082,-153564.0,21,05.21.2024 18:31:32
4,Canada_-_Brand_Aug_2024,0.9459064451363833,-153564.0,21,05.21.2024 18:31:32
5,Canada_-_Brand_Sep_2024,0.9713217164283068,-153564.0,21,05.21.2024 18:31:32
6,Canada_-_Brand_Oct_2024,0.8318082323429526,-153564.0,21,05.21.2024 18:31:32
7,Canada_-_Brand_Nov_2024,0.8155322034643933,-153564.0,21,05.21.2024 18:31:32
8,Canada_-_Brand_Dec_2024,0.7299434655863979,-153564.0,21,05.21.2024 18:31:32
9,Canada_-_Non_Brand_Apr_2024,1.1878883363427215,-153564.0,21,05.21.2024 18:31:32
10,Canada_-_Non_Brand_May_2024,1.1512777079515972,-153564.0,21,05.21.2024 18:31:32
11,Canada_-_Non_Brand_Jun_2024,0.9572387497762419,-153564.0,21,05.21.2024 18:31:32
12,Canada_-_Non_Brand_Jul_2024,0.7024897296423744,-153564.0,21,05.21.2024 18:31:32
13,Canada_-_Non_Brand_Aug_2024,0.9125894612295404,-153564.0,21,05.21.2024 18:31:32
14,Canada_-_Non_Brand_Sep_2024,0.7139243568157763,-153564.0,21,05.21.2024 18:31:32
15,Canada_-_Non_Brand_Oct_2024,0.7637293175150124,-153564.0,21,05.21.2024 18:31:32
16,Canada_-_Non_Brand_Nov_2024,0.9203638290824836,-153564.0,21,05.21.2024 18:31:32
17,Canada_-_Non_Brand_Dec_2024,0.9170791737014812,-153564.0,21,05.21.2024 18:31:32
0,Canada_-_Brand_Apr_2024,0.9299009437231287,-153957.0,22,05.21.2024 18:31:36
1,Canada_-_Brand_May_2024,1.2118644770318654,-153957.0,22,05.21.2024 18:31:36
2,Canada_-_Brand_Jun_2024,0.7455592731225184,-153957.0,22,05.21.2024 18:31:36
3,Canada_-_Brand_Jul_2024,0.746370870899175,-153957.0,22,05.21.2024 18:31:36
4,Canada_-_Brand_Aug_2024,0.9207111616792054,-153957.0,22,05.21.2024 18:31:36
5,Canada_-_Brand_Sep_2024,0.7978120344231189,-153957.0,22,05.21.2024 18:31:36
6,Canada_-_Brand_Oct_2024,0.8301033494253933,-153957.0,22,05.21.2024 18:31:36
7,Canada_-_Brand_Nov_2024,0.898354233175796,-153957.0,22,05.21.2024 18:31:36
8,Canada_-_Brand_Dec_2024,0.8511549134266935,-153957.0,22,05.21.2024 18:31:36
9,Canada_-_Non_Brand_Apr_2024,1.2223859731793265,-153957.0,22,05.21.2024 18:31:36
10,Canada_-_Non_Brand_May_2024,0.9361310566202734,-153957.0,22,05.21.2024 18:31:36
11,Canada_-_Non_Brand_Jun_2024,0.975554801403317,-153957.0,22,05.21.2024 18:31:36
12,Canada_-_Non_Brand_Jul_2024,0.9994480204805424,-153957.0,22,05.21.2024 18:31:36
13,Canada_-_Non_Brand_Aug_2024,1.0133049394640952,-153957.0,22,05.21.2024 18:31:36
14,Canada_-_Non_Brand_Sep_2024,0.7529483404107593,-153957.0,22,05.21.2024 18:31:36
15,Canada_-_Non_Brand_Oct_2024,0.8706203716741958,-153957.0,22,05.21.2024 18:31:36
16,Canada_-_Non_Brand_Nov_2024,0.8236820462157642,-153957.0,22,05.21.2024 18:31:36
17,Canada_-_Non_Brand_Dec_2024,0.857107098006523,-153957.0,22,05.21.2024 18:31:36
0,Canada_-_Brand_Apr_2024,0.9103111983729139,-154038.0,23,05.21.2024 18:31:40
1,Canada_-_Brand_May_2024,1.1841145283971557,-154038.0,23,05.21.2024 18:31:40
2,Canada_-_Brand_Jun_2024,0.9718675142080919,-154038.0,23,05.21.2024 18:31:40
3,Canada_-_Brand_Jul_2024,0.7700871213556325,-154038.0,23,05.21.2024 18:31:40
4,Canada_-_Brand_Aug_2024,0.9441690407113038,-154038.0,23,05.21.2024 18:31:40
5,Canada_-_Brand_Sep_2024,0.817492794882889,-154038.0,23,05.21.2024 18:31:40
6,Canada_-_Brand_Oct_2024,0.7207334290684942,-154038.0,23,05.21.2024 18:31:40
7,Canada_-_Brand_Nov_2024,0.7370768782938734,-154038.0,23,05.21.2024 18:31:40
8,Canada_-_Brand_Dec_2024,0.8919012982979252,-154038.0,23,05.21.2024 18:31:40
9,Canada_-_Non_Brand_Apr_2024,0.9585424127061903,-154038.0,23,05.21.2024 18:31:40
10,Canada_-_Non_Brand_May_2024,1.1876201513844442,-154038.0,23,05.21.2024 18:31:40
11,Canada_-_Non_Brand_Jun_2024,0.9352478084653321,-154038.0,23,05.21.2024 18:31:40
12,Canada_-_Non_Brand_Jul_2024,0.7322490777959384,-154038.0,23,05.21.2024 18:31:40
13,Canada_-_Non_Brand_Aug_2024,0.7905426442791603,-154038.0,23,05.21.2024 18:31:40
14,Canada_-_Non_Brand_Sep_2024,0.8728422055064771,-154038.0,23,05.21.2024 18:31:40
15,Canada_-_Non_Brand_Oct_2024,0.8474111563984714,-154038.0,23,05.21.2024 18:31:40
16,Canada_-_Non_Brand_Nov_2024,0.8926148191345048,-154038.0,23,05.21.2024 18:31:40
17,Canada_-_Non_Brand_Dec_2024,0.9464148389334195,-154038.0,23,05.21.2024 18:31:40
0,Canada_-_Brand_Apr_2024,1.219529389844341,-154064.0,24,05.21.2024 18:31:45
1,Canada_-_Brand_May_2024,1.1082819763867353,-154064.0,24,05.21.2024 18:31:45
2,Canada_-_Brand_Jun_2024,0.8943860036296696,-154064.0,24,05.21.2024 18:31:45
3,Canada_-_Brand_Jul_2024,0.865707625096443,-154064.0,24,05.21.2024 18:31:45
4,Canada_-_Brand_Aug_2024,0.7990898378204482,-154064.0,24,05.21.2024 18:31:45
5,Canada_-_Brand_Sep_2024,0.7201214215222338,-154064.0,24,05.21.2024 18:31:45
6,Canada_-_Brand_Oct_2024,0.9072757824971284,-154064.0,24,05.21.2024 18:31:45
7,Canada_-_Brand_Nov_2024,0.9283075431191032,-154064.0,24,05.21.2024 18:31:45
8,Canada_-_Brand_Dec_2024,0.7373309819780098,-154064.0,24,05.21.2024 18:31:45
9,Canada_-_Non_Brand_Apr_2024,1.2110254464668297,-154064.0,24,05.21.2024 18:31:45
10,Canada_-_Non_Brand_May_2024,1.0467634733265523,-154064.0,24,05.21.2024 18:31:45
11,Canada_-_Non_Brand_Jun_2024,0.9154067941807059,-154064.0,24,05.21.2024 18:31:45
12,Canada_-_Non_Brand_Jul_2024,0.9336419559558895,-154064.0,24,05.21.2024 18:31:45
13,Canada_-_Non_Brand_Aug_2024,0.9460864144557285,-154064.0,24,05.21.2024 18:31:45
14,Canada_-_Non_Brand_Sep_2024,0.714002916485722,-154064.0,24,05.21.2024 18:31:45
15,Canada_-_Non_Brand_Oct_2024,0.8783757880444641,-154064.0,24,05.21.2024 18:31:45
16,Canada_-_Non_Brand_Nov_2024,0.7313020031698417,-154064.0,24,05.21.2024 18:31:45
17,Canada_-_Non_Brand_Dec_2024,0.6993167254750061,-154064.0,24,05.21.2024 18:31:45
0,Canada_-_Brand_Apr_2024,1.1367670812305042,-154923.0,25,05.21.2024 18:31:49
1,Canada_-_Brand_May_2024,1.1702901991567816,-154923.0,25,05.21.2024 18:31:49
2,Canada_-_Brand_Jun_2024,0.7349001133834673,-154923.0,25,05.21.2024 18:31:49
3,Canada_-_Brand_Jul_2024,0.8895913117884088,-154923.0,25,05.21.2024 18:31:49
4,Canada_-_Brand_Aug_2024,0.9335979306868476,-154923.0,25,05.21.2024 18:31:49
5,Canada_-_Brand_Sep_2024,0.7410217670458128,-154923.0,25,05.21.2024 18:31:49
6,Canada_-_Brand_Oct_2024,0.7688466213650246,-154923.0,25,05.21.2024 18:31:49
7,Canada_-_Brand_Nov_2024,0.8890388544674769,-154923.0,25,05.21.2024 18:31:49
8,Canada_-_Brand_Dec_2024,0.9218780778404342,-154923.0,25,05.21.2024 18:31:49
9,Canada_-_Non_Brand_Apr_2024,0.9013334784379744,-154923.0,25,05.21.2024 18:31:49
10,Canada_-_Non_Brand_May_2024,0.9219736534522528,-154923.0,25,05.21.2024 18:31:49
11,Canada_-_Non_Brand_Jun_2024,0.9546837240936702,-154923.0,25,05.21.2024 18:31:49
12,Canada_-_Non_Brand_Jul_2024,0.7130145297183411,-154923.0,25,05.21.2024 18:31:49
13,Canada_-_Non_Brand_Aug_2024,0.7824378899376039,-154923.0,25,05.21.2024 18:31:49
14,Canada_-_Non_Brand_Sep_2024,0.902105883410805,-154923.0,25,05.21.2024 18:31:49
15,Canada_-_Non_Brand_Oct_2024,0.8148725756113595,-154923.0,25,05.21.2024 18:31:49
16,Canada_-_Non_Brand_Nov_2024,0.7427331359360002,-154923.0,25,05.21.2024 18:31:49
17,Canada_-_Non_Brand_Dec_2024,0.8920612396211822,-154923.0,25,05.21.2024 18:31:49
0,Canada_-_Brand_Apr_2024,1.1104087216811338,-153895.0,26,05.21.2024 18:31:53
1,Canada_-_Brand_May_2024,1.1046157666205738,-153895.0,26,05.21.2024 18:31:53
2,Canada_-_Brand_Jun_2024,0.8085863511954514,-153895.0,26,05.21.2024 18:31:53
3,Canada_-_Brand_Jul_2024,0.6874969096733795,-153895.0,26,05.21.2024 18:31:53
4,Canada_-_Brand_Aug_2024,0.8410859080960402,-153895.0,26,05.21.2024 18:31:53
5,Canada_-_Brand_Sep_2024,0.9985399115532502,-153895.0,26,05.21.2024 18:31:53
6,Canada_-_Brand_Oct_2024,0.8121601166069994,-153895.0,26,05.21.2024 18:31:53
7,Canada_-_Brand_Nov_2024,0.8393375812036965,-153895.0,26,05.21.2024 18:31:53
8,Canada_-_Brand_Dec_2024,0.906610714424409,-153895.0,26,05.21.2024 18:31:53
9,Canada_-_Non_Brand_Apr_2024,1.2834764283211524,-153895.0,26,05.21.2024 18:31:53
10,Canada_-_Non_Brand_May_2024,1.2189919845699146,-153895.0,26,05.21.2024 18:31:53
11,Canada_-_Non_Brand_Jun_2024,0.9327222786816577,-153895.0,26,05.21.2024 18:31:53
12,Canada_-_Non_Brand_Jul_2024,0.8822439936081498,-153895.0,26,05.21.2024 18:31:53
13,Canada_-_Non_Brand_Aug_2024,0.9377032704736356,-153895.0,26,05.21.2024 18:31:53
14,Canada_-_Non_Brand_Sep_2024,0.6788511805981777,-153895.0,26,05.21.2024 18:31:53
15,Canada_-_Non_Brand_Oct_2024,0.9270257253235494,-153895.0,26,05.21.2024 18:31:53
16,Canada_-_Non_Brand_Nov_2024,0.9421682324845102,-153895.0,26,05.21.2024 18:31:53
17,Canada_-_Non_Brand_Dec_2024,0.7206752467869505,-153895.0,26,05.21.2024 18:31:53
0,Canada_-_Brand_Apr_2024,0.9135927626339406,-154418.0,27,05.21.2024 18:31:58
1,Canada_-_Brand_May_2024,1.1746714180115787,-154418.0,27,05.21.2024 18:31:58
2,Canada_-_Brand_Jun_2024,0.8911060438560541,-154418.0,27,05.21.2024 18:31:58
3,Canada_-_Brand_Jul_2024,0.8694442913086271,-154418.0,27,05.21.2024 18:31:58
4,Canada_-_Brand_Aug_2024,0.7984892306477648,-154418.0,27,05.21.2024 18:31:58
5,Canada_-_Brand_Sep_2024,0.7091216240358446,-154418.0,27,05.21.2024 18:31:58
6,Canada_-_Brand_Oct_2024,0.9015114249551044,-154418.0,27,05.21.2024 18:31:58
7,Canada_-_Brand_Nov_2024,0.8678568609103554,-154418.0,27,05.21.2024 18:31:58
8,Canada_-_Brand_Dec_2024,0.8389506850130637,-154418.0,27,05.21.2024 18:31:58
9,Canada_-_Non_Brand_Apr_2024,1.1889831730381422,-154418.0,27,05.21.2024 18:31:58
10,Canada_-_Non_Brand_May_2024,1.1727093194345906,-154418.0,27,05.21.2024 18:31:58
11,Canada_-_Non_Brand_Jun_2024,0.7502873248433365,-154418.0,27,05.21.2024 18:31:58
12,Canada_-_Non_Brand_Jul_2024,0.7096700776377259,-154418.0,27,05.21.2024 18:31:58
13,Canada_-_Non_Brand_Aug_2024,0.8500102243457088,-154418.0,27,05.21.2024 18:31:58
14,Canada_-_Non_Brand_Sep_2024,0.6832432639066666,-154418.0,27,05.21.2024 18:31:58
15,Canada_-_Non_Brand_Oct_2024,0.7458834318429265,-154418.0,27,05.21.2024 18:31:58
16,Canada_-_Non_Brand_Nov_2024,0.8417176641477399,-154418.0,27,05.21.2024 18:31:58
17,Canada_-_Non_Brand_Dec_2024,0.8350776767671102,-154418.0,27,05.21.2024 18:31:58
0,Canada_-_Brand_Apr_2024,1.0757496769297077,-153746.0,28,05.21.2024 18:32:02
1,Canada_-_Brand_May_2024,1.115551738561021,-153746.0,28,05.21.2024 18:32:02
2,Canada_-_Brand_Jun_2024,0.7911407524257136,-153746.0,28,05.21.2024 18:32:02
3,Canada_-_Brand_Jul_2024,0.9456488799209789,-153746.0,28,05.21.2024 18:32:02
4,Canada_-_Brand_Aug_2024,0.8418020197008613,-153746.0,28,05.21.2024 18:32:02
5,Canada_-_Brand_Sep_2024,0.9786116033415859,-153746.0,28,05.21.2024 18:32:02
6,Canada_-_Brand_Oct_2024,0.7209291148800615,-153746.0,28,05.21.2024 18:32:02
7,Canada_-_Brand_Nov_2024,0.7378191065454469,-153746.0,28,05.21.2024 18:32:02
8,Canada_-_Brand_Dec_2024,0.8259739363890659,-153746.0,28,05.21.2024 18:32:02
9,Canada_-_Non_Brand_Apr_2024,1.1820350958046764,-153746.0,28,05.21.2024 18:32:02
10,Canada_-_Non_Brand_May_2024,1.24092412736577,-153746.0,28,05.21.2024 18:32:02
11,Canada_-_Non_Brand_Jun_2024,0.8056762397510395,-153746.0,28,05.21.2024 18:32:02
12,Canada_-_Non_Brand_Jul_2024,0.8174796797407157,-153746.0,28,05.21.2024 18:32:02
13,Canada_-_Non_Brand_Aug_2024,0.7184693886411061,-153746.0,28,05.21.2024 18:32:02
14,Canada_-_Non_Brand_Sep_2024,0.8818016144022865,-153746.0,28,05.21.2024 18:32:02
15,Canada_-_Non_Brand_Oct_2024,0.7410220709187395,-153746.0,28,05.21.2024 18:32:02
16,Canada_-_Non_Brand_Nov_2024,0.865606678213177,-153746.0,28,05.21.2024 18:32:02
17,Canada_-_Non_Brand_Dec_2024,1.0200051221282695,-153746.0,28,05.21.2024 18:32:02
0,Canada_-_Brand_Apr_2024,1.314993420341805,-153867.0,29,05.21.2024 18:32:06
1,Canada_-_Brand_May_2024,1.0582731865361148,-153867.0,29,05.21.2024 18:32:06
2,Canada_-_Brand_Jun_2024,0.8768236226953501,-153867.0,29,05.21.2024 18:32:06
3,Canada_-_Brand_Jul_2024,0.8982833747136572,-153867.0,29,05.21.2024 18:32:06
4,Canada_-_Brand_Aug_2024,0.7192938634845062,-153867.0,29,05.21.2024 18:32:06
5,Canada_-_Brand_Sep_2024,0.7946656874301227,-153867.0,29,05.21.2024 18:32:06
6,Canada_-_Brand_Oct_2024,0.8527919385541484,-153867.0,29,05.21.2024 18:32:06
7,Canada_-_Brand_Nov_2024,0.8569244400598958,-153867.0,29,05.21.2024 18:32:06
8,Canada_-_Brand_Dec_2024,0.8521160838536664,-153867.0,29,05.21.2024 18:32:06
9,Canada_-_Non_Brand_Apr_2024,1.014716264081141,-153867.0,29,05.21.2024 18:32:06
10,Canada_-_Non_Brand_May_2024,1.220472939561869,-153867.0,29,05.21.2024 18:32:06
11,Canada_-_Non_Brand_Jun_2024,0.9303102928385537,-153867.0,29,05.21.2024 18:32:06
12,Canada_-_Non_Brand_Jul_2024,0.7844904600267965,-153867.0,29,05.21.2024 18:32:06
13,Canada_-_Non_Brand_Aug_2024,0.6851477542976646,-153867.0,29,05.21.2024 18:32:06
14,Canada_-_Non_Brand_Sep_2024,0.7557041949686394,-153867.0,29,05.21.2024 18:32:06
15,Canada_-_Non_Brand_Oct_2024,0.7883823515239778,-153867.0,29,05.21.2024 18:32:06
16,Canada_-_Non_Brand_Nov_2024,0.8218942959156309,-153867.0,29,05.21.2024 18:32:06
17,Canada_-_Non_Brand_Dec_2024,0.8708344797489705,-153867.0,29,05.21.2024 18:32:06
0,Canada_-_Brand_Apr_2024,1.1762804975255539,-154250.0,30,05.21.2024 18:32:11
1,Canada_-_Brand_May_2024,1.1293169653063275,-154250.0,30,05.21.2024 18:32:11
2,Canada_-_Brand_Jun_2024,0.9073892974781902,-154250.0,30,05.21.2024 18:32:11
3,Canada_-_Brand_Jul_2024,0.6831049915288292,-154250.0,30,05.21.2024 18:32:11
4,Canada_-_Brand_Aug_2024,0.8225834906443271,-154250.0,30,05.21.2024 18:32:11
5,Canada_-_Brand_Sep_2024,0.9051927584040778,-154250.0,30,05.21.2024 18:32:11
6,Canada_-_Brand_Oct_2024,0.8212255370507591,-154250.0,30,05.21.2024 18:32:11
7,Canada_-_Brand_Nov_2024,0.7563910213016588,-154250.0,30,05.21.2024 18:32:11
8,Canada_-_Brand_Dec_2024,1.0113904907877196,-154250.0,30,05.21.2024 18:32:11
9,Canada_-_Non_Brand_Apr_2024,0.9890456142481726,-154250.0,30,05.21.2024 18:32:11
10,Canada_-_Non_Brand_May_2024,1.0592627834625905,-154250.0,30,05.21.2024 18:32:11
11,Canada_-_Non_Brand_Jun_2024,0.7351700447969732,-154250.0,30,05.21.2024 18:32:11
12,Canada_-_Non_Brand_Jul_2024,0.7290347561798195,-154250.0,30,05.21.2024 18:32:11
13,Canada_-_Non_Brand_Aug_2024,0.8901956711029763,-154250.0,30,05.21.2024 18:32:11
14,Canada_-_Non_Brand_Sep_2024,0.9450669990064133,-154250.0,30,05.21.2024 18:32:11
15,Canada_-_Non_Brand_Oct_2024,0.9395797320539101,-154250.0,30,05.21.2024 18:32:11
16,Canada_-_Non_Brand_Nov_2024,0.7421116398889415,-154250.0,30,05.21.2024 18:32:11
17,Canada_-_Non_Brand_Dec_2024,0.907712569352185,-154250.0,30,05.21.2024 18:32:11
0,Canada_-_Brand_Apr_2024,1.1562605068697498,-154939.0,31,05.21.2024 18:32:15
1,Canada_-_Brand_May_2024,1.1474116460264394,-154939.0,31,05.21.2024 18:32:15
2,Canada_-_Brand_Jun_2024,0.8751230160970798,-154939.0,31,05.21.2024 18:32:15
3,Canada_-_Brand_Jul_2024,0.6976746402240422,-154939.0,31,05.21.2024 18:32:15
4,Canada_-_Brand_Aug_2024,0.9478243657808662,-154939.0,31,05.21.2024 18:32:15
5,Canada_-_Brand_Sep_2024,0.9545679925934335,-154939.0,31,05.21.2024 18:32:15
6,Canada_-_Brand_Oct_2024,0.7947404551195214,-154939.0,31,05.21.2024 18:32:15
7,Canada_-_Brand_Nov_2024,0.9516317578950507,-154939.0,31,05.21.2024 18:32:15
8,Canada_-_Brand_Dec_2024,0.754016817540313,-154939.0,31,05.21.2024 18:32:15
9,Canada_-_Non_Brand_Apr_2024,0.9118404403309386,-154939.0,31,05.21.2024 18:32:15
10,Canada_-_Non_Brand_May_2024,1.0128661464513904,-154939.0,31,05.21.2024 18:32:15
11,Canada_-_Non_Brand_Jun_2024,0.9187262436311394,-154939.0,31,05.21.2024 18:32:15
12,Canada_-_Non_Brand_Jul_2024,0.7164840781409486,-154939.0,31,05.21.2024 18:32:15
13,Canada_-_Non_Brand_Aug_2024,0.7235196501335969,-154939.0,31,05.21.2024 18:32:15
14,Canada_-_Non_Brand_Sep_2024,0.6872163658156402,-154939.0,31,05.21.2024 18:32:15
15,Canada_-_Non_Brand_Oct_2024,0.8003921921272159,-154939.0,31,05.21.2024 18:32:15
16,Canada_-_Non_Brand_Nov_2024,0.7427681407663794,-154939.0,31,05.21.2024 18:32:15
17,Canada_-_Non_Brand_Dec_2024,0.769407349467548,-154939.0,31,05.21.2024 18:32:15
0,Canada_-_Brand_Apr_2024,1.1361970769433634,-153295.0,32,05.21.2024 18:32:20
1,Canada_-_Brand_May_2024,1.1192978287440323,-153295.0,32,05.21.2024 18:32:20
2,Canada_-_Brand_Jun_2024,0.7853386111815344,-153295.0,32,05.21.2024 18:32:20
3,Canada_-_Brand_Jul_2024,0.8894471870767366,-153295.0,32,05.21.2024 18:32:20
4,Canada_-_Brand_Aug_2024,0.8336880435950537,-153295.0,32,05.21.2024 18:32:20
5,Canada_-_Brand_Sep_2024,0.7533715875294636,-153295.0,32,05.21.2024 18:32:20
6,Canada_-_Brand_Oct_2024,0.8272241810909916,-153295.0,32,05.21.2024 18:32:20
7,Canada_-_Brand_Nov_2024,0.805305820823767,-153295.0,32,05.21.2024 18:32:20
8,Canada_-_Brand_Dec_2024,0.8241885693787387,-153295.0,32,05.21.2024 18:32:20
9,Canada_-_Non_Brand_Apr_2024,1.2435266627537198,-153295.0,32,05.21.2024 18:32:20
10,Canada_-_Non_Brand_May_2024,1.1092687232855016,-153295.0,32,05.21.2024 18:32:20
11,Canada_-_Non_Brand_Jun_2024,0.9422520196715778,-153295.0,32,05.21.2024 18:32:20
12,Canada_-_Non_Brand_Jul_2024,0.9119529033167606,-153295.0,32,05.21.2024 18:32:20
13,Canada_-_Non_Brand_Aug_2024,0.9144608961602236,-153295.0,32,05.21.2024 18:32:20
14,Canada_-_Non_Brand_Sep_2024,0.9571178916956359,-153295.0,32,05.21.2024 18:32:20
15,Canada_-_Non_Brand_Oct_2024,0.8758586687153359,-153295.0,32,05.21.2024 18:32:20
16,Canada_-_Non_Brand_Nov_2024,0.8508511645317873,-153295.0,32,05.21.2024 18:32:20
17,Canada_-_Non_Brand_Dec_2024,0.9419333493435619,-153295.0,32,05.21.2024 18:32:20
0,Canada_-_Brand_Apr_2024,1.0804244150875115,-154832.0,33,05.21.2024 18:32:24
1,Canada_-_Brand_May_2024,1.1959598673016145,-154832.0,33,05.21.2024 18:32:24
2,Canada_-_Brand_Jun_2024,0.7526813855212893,-154832.0,33,05.21.2024 18:32:24
3,Canada_-_Brand_Jul_2024,0.9467119205191942,-154832.0,33,05.21.2024 18:32:24
4,Canada_-_Brand_Aug_2024,0.8535966646764157,-154832.0,33,05.21.2024 18:32:24
5,Canada_-_Brand_Sep_2024,0.8559047482426693,-154832.0,33,05.21.2024 18:32:24
6,Canada_-_Brand_Oct_2024,0.6488569363983543,-154832.0,33,05.21.2024 18:32:24
7,Canada_-_Brand_Nov_2024,0.9414653654303426,-154832.0,33,05.21.2024 18:32:24
8,Canada_-_Brand_Dec_2024,0.9221080885951821,-154832.0,33,05.21.2024 18:32:24
9,Canada_-_Non_Brand_Apr_2024,0.8850289705398239,-154832.0,33,05.21.2024 18:32:24
10,Canada_-_Non_Brand_May_2024,0.8753677623487439,-154832.0,33,05.21.2024 18:32:24
11,Canada_-_Non_Brand_Jun_2024,0.6821861013062297,-154832.0,33,05.21.2024 18:32:24
12,Canada_-_Non_Brand_Jul_2024,0.7666065475342295,-154832.0,33,05.21.2024 18:32:24
13,Canada_-_Non_Brand_Aug_2024,0.9430800405235705,-154832.0,33,05.21.2024 18:32:24
14,Canada_-_Non_Brand_Sep_2024,0.7609375406445499,-154832.0,33,05.21.2024 18:32:24
15,Canada_-_Non_Brand_Oct_2024,0.9151880105344576,-154832.0,33,05.21.2024 18:32:24
16,Canada_-_Non_Brand_Nov_2024,0.8403142483936026,-154832.0,33,05.21.2024 18:32:24
17,Canada_-_Non_Brand_Dec_2024,0.8490820814720406,-154832.0,33,05.21.2024 18:32:24
0,Canada_-_Brand_Apr_2024,1.0457128557678843,-153732.0,34,05.21.2024 18:32:28
1,Canada_-_Brand_May_2024,1.2067008355295372,-153732.0,34,05.21.2024 18:32:28
2,Canada_-_Brand_Jun_2024,0.8144553311509959,-153732.0,34,05.21.2024 18:32:28
3,Canada_-_Brand_Jul_2024,0.7765091697218515,-153732.0,34,05.21.2024 18:32:28
4,Canada_-_Brand_Aug_2024,0.7757176260450112,-153732.0,34,05.21.2024 18:32:28
5,Canada_-_Brand_Sep_2024,0.9660945748418565,-153732.0,34,05.21.2024 18:32:28
6,Canada_-_Brand_Oct_2024,0.9976436860242316,-153732.0,34,05.21.2024 18:32:28
7,Canada_-_Brand_Nov_2024,0.7416814273510487,-153732.0,34,05.21.2024 18:32:28
8,Canada_-_Brand_Dec_2024,0.7676582914666774,-153732.0,34,05.21.2024 18:32:28
9,Canada_-_Non_Brand_Apr_2024,0.9212780653190743,-153732.0,34,05.21.2024 18:32:28
10,Canada_-_Non_Brand_May_2024,0.8619557398550195,-153732.0,34,05.21.2024 18:32:28
11,Canada_-_Non_Brand_Jun_2024,0.8924671821585769,-153732.0,34,05.21.2024 18:32:28
12,Canada_-_Non_Brand_Jul_2024,0.8020998245833254,-153732.0,34,05.21.2024 18:32:28
13,Canada_-_Non_Brand_Aug_2024,0.740297024045882,-153732.0,34,05.21.2024 18:32:28
14,Canada_-_Non_Brand_Sep_2024,0.8817511433672008,-153732.0,34,05.21.2024 18:32:28
15,Canada_-_Non_Brand_Oct_2024,0.7578732669618238,-153732.0,34,05.21.2024 18:32:28
16,Canada_-_Non_Brand_Nov_2024,0.8292501917056858,-153732.0,34,05.21.2024 18:32:28
17,Canada_-_Non_Brand_Dec_2024,0.796100058234572,-153732.0,34,05.21.2024 18:32:28
0,Canada_-_Brand_Apr_2024,0.9434443731145696,-154176.0,35,05.21.2024 18:32:33
1,Canada_-_Brand_May_2024,1.1634871378931928,-154176.0,35,05.21.2024 18:32:33
2,Canada_-_Brand_Jun_2024,0.8867555378995703,-154176.0,35,05.21.2024 18:32:33
3,Canada_-_Brand_Jul_2024,0.7359747707272777,-154176.0,35,05.21.2024 18:32:33
4,Canada_-_Brand_Aug_2024,0.8870326321613075,-154176.0,35,05.21.2024 18:32:33
5,Canada_-_Brand_Sep_2024,0.7038245986665257,-154176.0,35,05.21.2024 18:32:33
6,Canada_-_Brand_Oct_2024,0.760829718802522,-154176.0,35,05.21.2024 18:32:33
7,Canada_-_Brand_Nov_2024,1.0031232818365832,-154176.0,35,05.21.2024 18:32:33
8,Canada_-_Brand_Dec_2024,0.901991089973538,-154176.0,35,05.21.2024 18:32:33
9,Canada_-_Non_Brand_Apr_2024,1.1551125640101456,-154176.0,35,05.21.2024 18:32:33
10,Canada_-_Non_Brand_May_2024,1.1955383210508481,-154176.0,35,05.21.2024 18:32:33
11,Canada_-_Non_Brand_Jun_2024,0.828134947107491,-154176.0,35,05.21.2024 18:32:33
12,Canada_-_Non_Brand_Jul_2024,0.7606625158023855,-154176.0,35,05.21.2024 18:32:33
13,Canada_-_Non_Brand_Aug_2024,0.9638187515946117,-154176.0,35,05.21.2024 18:32:33
14,Canada_-_Non_Brand_Sep_2024,0.8038427022146617,-154176.0,35,05.21.2024 18:32:33
15,Canada_-_Non_Brand_Oct_2024,0.7021874930430371,-154176.0,35,05.21.2024 18:32:33
16,Canada_-_Non_Brand_Nov_2024,0.9057985356649644,-154176.0,35,05.21.2024 18:32:33
17,Canada_-_Non_Brand_Dec_2024,0.8194399407642006,-154176.0,35,05.21.2024 18:32:33
0,Canada_-_Brand_Apr_2024,1.0546764274208225,-152787.0,36,05.21.2024 18:32:37
1,Canada_-_Brand_May_2024,1.174832455613956,-152787.0,36,05.21.2024 18:32:37
2,Canada_-_Brand_Jun_2024,0.6744786751981947,-152787.0,36,05.21.2024 18:32:37
3,Canada_-_Brand_Jul_2024,0.8909329135754527,-152787.0,36,05.21.2024 18:32:37
4,Canada_-_Brand_Aug_2024,0.6759471786559443,-152787.0,36,05.21.2024 18:32:37
5,Canada_-_Brand_Sep_2024,0.6888445812776447,-152787.0,36,05.21.2024 18:32:37
6,Canada_-_Brand_Oct_2024,0.980227702737102,-152787.0,36,05.21.2024 18:32:37
7,Canada_-_Brand_Nov_2024,0.9598153847756502,-152787.0,36,05.21.2024 18:32:37
8,Canada_-_Brand_Dec_2024,0.8715607902086142,-152787.0,36,05.21.2024 18:32:37
9,Canada_-_Non_Brand_Apr_2024,1.2237064819503214,-152787.0,36,05.21.2024 18:32:37
10,Canada_-_Non_Brand_May_2024,0.9408903205666881,-152787.0,36,05.21.2024 18:32:37
11,Canada_-_Non_Brand_Jun_2024,0.9772609555121359,-152787.0,36,05.21.2024 18:32:37
12,Canada_-_Non_Brand_Jul_2024,0.810901528105336,-152787.0,36,05.21.2024 18:32:37
13,Canada_-_Non_Brand_Aug_2024,0.9576632475232724,-152787.0,36,05.21.2024 18:32:37
14,Canada_-_Non_Brand_Sep_2024,0.9065538054377523,-152787.0,36,05.21.2024 18:32:37
15,Canada_-_Non_Brand_Oct_2024,0.917417405352624,-152787.0,36,05.21.2024 18:32:37
16,Canada_-_Non_Brand_Nov_2024,0.7276167343629307,-152787.0,36,05.21.2024 18:32:37
17,Canada_-_Non_Brand_Dec_2024,0.8100569009711357,-152787.0,36,05.21.2024 18:32:37
0,Canada_-_Brand_Apr_2024,0.97336616758591,-153888.0,37,05.21.2024 18:32:41
1,Canada_-_Brand_May_2024,1.1434224505111679,-153888.0,37,05.21.2024 18:32:41
2,Canada_-_Brand_Jun_2024,0.7124889868562763,-153888.0,37,05.21.2024 18:32:41
3,Canada_-_Brand_Jul_2024,0.8453303669571309,-153888.0,37,05.21.2024 18:32:41
4,Canada_-_Brand_Aug_2024,0.9179869683655592,-153888.0,37,05.21.2024 18:32:41
5,Canada_-_Brand_Sep_2024,0.7763819224322772,-153888.0,37,05.21.2024 18:32:41
6,Canada_-_Brand_Oct_2024,0.7335169249462793,-153888.0,37,05.21.2024 18:32:41
7,Canada_-_Brand_Nov_2024,1.0024954417685215,-153888.0,37,05.21.2024 18:32:41
8,Canada_-_Brand_Dec_2024,0.8494299259517637,-153888.0,37,05.21.2024 18:32:41
9,Canada_-_Non_Brand_Apr_2024,1.2781605260741213,-153888.0,37,05.21.2024 18:32:41
10,Canada_-_Non_Brand_May_2024,1.22492879010206,-153888.0,37,05.21.2024 18:32:41
11,Canada_-_Non_Brand_Jun_2024,0.8198240893669881,-153888.0,37,05.21.2024 18:32:41
12,Canada_-_Non_Brand_Jul_2024,1.0047800485534313,-153888.0,37,05.21.2024 18:32:41
13,Canada_-_Non_Brand_Aug_2024,0.7341413653808208,-153888.0,37,05.21.2024 18:32:41
14,Canada_-_Non_Brand_Sep_2024,0.7691128107193537,-153888.0,37,05.21.2024 18:32:41
15,Canada_-_Non_Brand_Oct_2024,1.0127479551229506,-153888.0,37,05.21.2024 18:32:41
16,Canada_-_Non_Brand_Nov_2024,0.7056206589428164,-153888.0,37,05.21.2024 18:32:41
17,Canada_-_Non_Brand_Dec_2024,0.9079045966602851,-153888.0,37,05.21.2024 18:32:41
0,Canada_-_Brand_Apr_2024,1.073592863956329,-153829.0,38,05.21.2024 18:32:46
1,Canada_-_Brand_May_2024,1.1483826313846852,-153829.0,38,05.21.2024 18:32:46
2,Canada_-_Brand_Jun_2024,0.7691494897599744,-153829.0,38,05.21.2024 18:32:46
3,Canada_-_Brand_Jul_2024,0.6776175037084163,-153829.0,38,05.21.2024 18:32:46
4,Canada_-_Brand_Aug_2024,0.9358730032955549,-153829.0,38,05.21.2024 18:32:46
5,Canada_-_Brand_Sep_2024,0.9659566519433318,-153829.0,38,05.21.2024 18:32:46
6,Canada_-_Brand_Oct_2024,0.8532867186221493,-153829.0,38,05.21.2024 18:32:46
7,Canada_-_Brand_Nov_2024,0.810660153731113,-153829.0,38,05.21.2024 18:32:46
8,Canada_-_Brand_Dec_2024,0.8286614003949371,-153829.0,38,05.21.2024 18:32:46
9,Canada_-_Non_Brand_Apr_2024,1.2938489443912087,-153829.0,38,05.21.2024 18:32:46
10,Canada_-_Non_Brand_May_2024,1.0362921347668401,-153829.0,38,05.21.2024 18:32:46
11,Canada_-_Non_Brand_Jun_2024,0.7113111104735858,-153829.0,38,05.21.2024 18:32:46
12,Canada_-_Non_Brand_Jul_2024,0.7173082222707418,-153829.0,38,05.21.2024 18:32:46
13,Canada_-_Non_Brand_Aug_2024,0.6882068253757513,-153829.0,38,05.21.2024 18:32:46
14,Canada_-_Non_Brand_Sep_2024,0.9862577946681036,-153829.0,38,05.21.2024 18:32:46
15,Canada_-_Non_Brand_Oct_2024,0.728288186638717,-153829.0,38,05.21.2024 18:32:46
16,Canada_-_Non_Brand_Nov_2024,0.9769394688754436,-153829.0,38,05.21.2024 18:32:46
17,Canada_-_Non_Brand_Dec_2024,0.896847352125519,-153829.0,38,05.21.2024 18:32:46
0,Canada_-_Brand_Apr_2024,1.112852136623509,-154657.0,39,05.21.2024 18:32:51
1,Canada_-_Brand_May_2024,1.1432812801317842,-154657.0,39,05.21.2024 18:32:51
2,Canada_-_Brand_Jun_2024,0.9440534625911909,-154657.0,39,05.21.2024 18:32:51
3,Canada_-_Brand_Jul_2024,0.8323981063893995,-154657.0,39,05.21.2024 18:32:51
4,Canada_-_Brand_Aug_2024,0.7388086336385006,-154657.0,39,05.21.2024 18:32:51
5,Canada_-_Brand_Sep_2024,0.7722667997293441,-154657.0,39,05.21.2024 18:32:51
6,Canada_-_Brand_Oct_2024,0.8564990237536463,-154657.0,39,05.21.2024 18:32:51
7,Canada_-_Brand_Nov_2024,0.7826058497879982,-154657.0,39,05.21.2024 18:32:51
8,Canada_-_Brand_Dec_2024,1.000919577055633,-154657.0,39,05.21.2024 18:32:51
9,Canada_-_Non_Brand_Apr_2024,0.8330194969067061,-154657.0,39,05.21.2024 18:32:51
10,Canada_-_Non_Brand_May_2024,1.12442122928897,-154657.0,39,05.21.2024 18:32:51
11,Canada_-_Non_Brand_Jun_2024,0.780178296560293,-154657.0,39,05.21.2024 18:32:51
12,Canada_-_Non_Brand_Jul_2024,0.903418619457928,-154657.0,39,05.21.2024 18:32:51
13,Canada_-_Non_Brand_Aug_2024,0.7000487574479081,-154657.0,39,05.21.2024 18:32:51
14,Canada_-_Non_Brand_Sep_2024,0.9805488753942371,-154657.0,39,05.21.2024 18:32:51
15,Canada_-_Non_Brand_Oct_2024,1.0260270143688943,-154657.0,39,05.21.2024 18:32:51
16,Canada_-_Non_Brand_Nov_2024,0.7245885766993138,-154657.0,39,05.21.2024 18:32:51
17,Canada_-_Non_Brand_Dec_2024,0.7142157813753206,-154657.0,39,05.21.2024 18:32:51
0,Canada_-_Brand_Apr_2024,1.0455616211176173,-152789.0,40,05.21.2024 18:32:55
1,Canada_-_Brand_May_2024,1.1654334514712288,-152789.0,40,05.21.2024 18:32:55
2,Canada_-_Brand_Jun_2024,0.808840207543088,-152789.0,40,05.21.2024 18:32:55
3,Canada_-_Brand_Jul_2024,0.8389638965639055,-152789.0,40,05.21.2024 18:32:55
4,Canada_-_Brand_Aug_2024,0.7636388410777872,-152789.0,40,05.21.2024 18:32:55
5,Canada_-_Brand_Sep_2024,0.9054779391099506,-152789.0,40,05.21.2024 18:32:55
6,Canada_-_Brand_Oct_2024,1.009304643070518,-152789.0,40,05.21.2024 18:32:55
7,Canada_-_Brand_Nov_2024,0.7271895460602472,-152789.0,40,05.21.2024 18:32:55
8,Canada_-_Brand_Dec_2024,0.6968495380238064,-152789.0,40,05.21.2024 18:32:55
9,Canada_-_Non_Brand_Apr_2024,1.1833860874927977,-152789.0,40,05.21.2024 18:32:55
10,Canada_-_Non_Brand_May_2024,1.0169717558981353,-152789.0,40,05.21.2024 18:32:55
11,Canada_-_Non_Brand_Jun_2024,0.8500251789803448,-152789.0,40,05.21.2024 18:32:55
12,Canada_-_Non_Brand_Jul_2024,0.9775951184803497,-152789.0,40,05.21.2024 18:32:55
13,Canada_-_Non_Brand_Aug_2024,0.9931101873355273,-152789.0,40,05.21.2024 18:32:55
14,Canada_-_Non_Brand_Sep_2024,0.8742010421973803,-152789.0,40,05.21.2024 18:32:55
15,Canada_-_Non_Brand_Oct_2024,0.7302923815109673,-152789.0,40,05.21.2024 18:32:55
16,Canada_-_Non_Brand_Nov_2024,1.003562198119108,-152789.0,40,05.21.2024 18:32:55
17,Canada_-_Non_Brand_Dec_2024,0.7093631035654008,-152789.0,40,05.21.2024 18:32:55
0,Canada_-_Brand_Apr_2024,1.0457529176775955,-152993.0,41,05.21.2024 18:33:00
1,Canada_-_Brand_May_2024,1.153074842700309,-152993.0,41,05.21.2024 18:33:00
2,Canada_-_Brand_Jun_2024,0.6760113928184712,-152993.0,41,05.21.2024 18:33:00
3,Canada_-_Brand_Jul_2024,0.9442464130697339,-152993.0,41,05.21.2024 18:33:00
4,Canada_-_Brand_Aug_2024,0.6809440222902156,-152993.0,41,05.21.2024 18:33:00
5,Canada_-_Brand_Sep_2024,0.7011507982653512,-152993.0,41,05.21.2024 18:33:00
6,Canada_-_Brand_Oct_2024,0.8954324808251151,-152993.0,41,05.21.2024 18:33:00
7,Canada_-_Brand_Nov_2024,0.9417449417603663,-152993.0,41,05.21.2024 18:33:00
8,Canada_-_Brand_Dec_2024,0.9075613851584586,-152993.0,41,05.21.2024 18:33:00
9,Canada_-_Non_Brand_Apr_2024,1.1255998802228624,-152993.0,41,05.21.2024 18:33:00
10,Canada_-_Non_Brand_May_2024,1.0991364618760706,-152993.0,41,05.21.2024 18:33:00
11,Canada_-_Non_Brand_Jun_2024,0.664301248649115,-152993.0,41,05.21.2024 18:33:00
12,Canada_-_Non_Brand_Jul_2024,0.8741949806090835,-152993.0,41,05.21.2024 18:33:00
13,Canada_-_Non_Brand_Aug_2024,0.69458919241626,-152993.0,41,05.21.2024 18:33:00
14,Canada_-_Non_Brand_Sep_2024,0.7959830702820462,-152993.0,41,05.21.2024 18:33:00
15,Canada_-_Non_Brand_Oct_2024,0.8373897047468217,-152993.0,41,05.21.2024 18:33:00
16,Canada_-_Non_Brand_Nov_2024,0.9122878251274903,-152993.0,41,05.21.2024 18:33:00
17,Canada_-_Non_Brand_Dec_2024,0.9571490594618671,-152993.0,41,05.21.2024 18:33:00
0,Canada_-_Brand_Apr_2024,1.0319118350814023,-153423.0,42,05.21.2024 18:33:04
1,Canada_-_Brand_May_2024,1.1575107649659047,-153423.0,42,05.21.2024 18:33:04
2,Canada_-_Brand_Jun_2024,0.8793629712849923,-153423.0,42,05.21.2024 18:33:04
3,Canada_-_Brand_Jul_2024,0.7416260917869839,-153423.0,42,05.21.2024 18:33:04
4,Canada_-_Brand_Aug_2024,0.6735110351073006,-153423.0,42,05.21.2024 18:33:04
5,Canada_-_Brand_Sep_2024,0.8628697695894554,-153423.0,42,05.21.2024 18:33:04
6,Canada_-_Brand_Oct_2024,0.8130133178968353,-153423.0,42,05.21.2024 18:33:04
7,Canada_-_Brand_Nov_2024,0.9381823593184297,-153423.0,42,05.21.2024 18:33:04
8,Canada_-_Brand_Dec_2024,0.9079743721294098,-153423.0,42,05.21.2024 18:33:04
9,Canada_-_Non_Brand_Apr_2024,1.0224458888341712,-153423.0,42,05.21.2024 18:33:04
10,Canada_-_Non_Brand_May_2024,1.1241218130974597,-153423.0,42,05.21.2024 18:33:04
11,Canada_-_Non_Brand_Jun_2024,0.8710070893940268,-153423.0,42,05.21.2024 18:33:04
12,Canada_-_Non_Brand_Jul_2024,0.9330329852555519,-153423.0,42,05.21.2024 18:33:04
13,Canada_-_Non_Brand_Aug_2024,0.913106543316086,-153423.0,42,05.21.2024 18:33:04
14,Canada_-_Non_Brand_Sep_2024,0.8227071637541696,-153423.0,42,05.21.2024 18:33:04
15,Canada_-_Non_Brand_Oct_2024,0.8075770113925249,-153423.0,42,05.21.2024 18:33:04
16,Canada_-_Non_Brand_Nov_2024,0.9006791462106678,-153423.0,42,05.21.2024 18:33:04
17,Canada_-_Non_Brand_Dec_2024,0.8406267765777555,-153423.0,42,05.21.2024 18:33:04
0,Canada_-_Brand_Apr_2024,1.170058903014616,-154784.0,43,05.21.2024 18:33:08
1,Canada_-_Brand_May_2024,1.1188138555555789,-154784.0,43,05.21.2024 18:33:08
2,Canada_-_Brand_Jun_2024,0.8248067839792754,-154784.0,43,05.21.2024 18:33:08
3,Canada_-_Brand_Jul_2024,0.770371031060863,-154784.0,43,05.21.2024 18:33:08
4,Canada_-_Brand_Aug_2024,0.8906228169847988,-154784.0,43,05.21.2024 18:33:08
5,Canada_-_Brand_Sep_2024,0.834621598277742,-154784.0,43,05.21.2024 18:33:08
6,Canada_-_Brand_Oct_2024,0.9220132202824372,-154784.0,43,05.21.2024 18:33:08
7,Canada_-_Brand_Nov_2024,0.8140033663251576,-154784.0,43,05.21.2024 18:33:08
8,Canada_-_Brand_Dec_2024,0.8663645664956207,-154784.0,43,05.21.2024 18:33:08
9,Canada_-_Non_Brand_Apr_2024,1.1115967815796322,-154784.0,43,05.21.2024 18:33:08
10,Canada_-_Non_Brand_May_2024,1.0936372976715143,-154784.0,43,05.21.2024 18:33:08
11,Canada_-_Non_Brand_Jun_2024,0.6488184953932885,-154784.0,43,05.21.2024 18:33:08
12,Canada_-_Non_Brand_Jul_2024,0.7834873872399076,-154784.0,43,05.21.2024 18:33:08
13,Canada_-_Non_Brand_Aug_2024,0.94345523011294,-154784.0,43,05.21.2024 18:33:08
14,Canada_-_Non_Brand_Sep_2024,0.8323394463400969,-154784.0,43,05.21.2024 18:33:08
15,Canada_-_Non_Brand_Oct_2024,0.6835377004059373,-154784.0,43,05.21.2024 18:33:08
16,Canada_-_Non_Brand_Nov_2024,0.8351354908536466,-154784.0,43,05.21.2024 18:33:08
17,Canada_-_Non_Brand_Dec_2024,0.7741471882530772,-154784.0,43,05.21.2024 18:33:08
0,Canada_-_Brand_Apr_2024,1.1118945588982696,-153075.0,44,05.21.2024 18:33:13
1,Canada_-_Brand_May_2024,1.1015630932109401,-153075.0,44,05.21.2024 18:33:13
2,Canada_-_Brand_Jun_2024,0.7560131446185149,-153075.0,44,05.21.2024 18:33:13
3,Canada_-_Brand_Jul_2024,0.8617375267340609,-153075.0,44,05.21.2024 18:33:13
4,Canada_-_Brand_Aug_2024,0.8557362660497342,-153075.0,44,05.21.2024 18:33:13
5,Canada_-_Brand_Sep_2024,0.795094526954991,-153075.0,44,05.21.2024 18:33:13
6,Canada_-_Brand_Oct_2024,0.758942210693776,-153075.0,44,05.21.2024 18:33:13
7,Canada_-_Brand_Nov_2024,0.7660918108652672,-153075.0,44,05.21.2024 18:33:13
8,Canada_-_Brand_Dec_2024,0.9273500641746204,-153075.0,44,05.21.2024 18:33:13
9,Canada_-_Non_Brand_Apr_2024,0.9949058008394712,-153075.0,44,05.21.2024 18:33:13
10,Canada_-_Non_Brand_May_2024,1.3097116399484379,-153075.0,44,05.21.2024 18:33:13
11,Canada_-_Non_Brand_Jun_2024,1.016853136543449,-153075.0,44,05.21.2024 18:33:13
12,Canada_-_Non_Brand_Jul_2024,0.8808841274681859,-153075.0,44,05.21.2024 18:33:13
13,Canada_-_Non_Brand_Aug_2024,0.9765188694396848,-153075.0,44,05.21.2024 18:33:13
14,Canada_-_Non_Brand_Sep_2024,0.8204125622578734,-153075.0,44,05.21.2024 18:33:13
15,Canada_-_Non_Brand_Oct_2024,1.0065700049004382,-153075.0,44,05.21.2024 18:33:13
16,Canada_-_Non_Brand_Nov_2024,0.9808248842143639,-153075.0,44,05.21.2024 18:33:13
17,Canada_-_Non_Brand_Dec_2024,0.9249943500255136,-153075.0,44,05.21.2024 18:33:13
0,Canada_-_Brand_Apr_2024,1.0412552273322717,-154102.0,45,05.21.2024 18:33:17
1,Canada_-_Brand_May_2024,1.144402778706596,-154102.0,45,05.21.2024 18:33:17
2,Canada_-_Brand_Jun_2024,0.8704044559118052,-154102.0,45,05.21.2024 18:33:17
3,Canada_-_Brand_Jul_2024,0.8688185142391146,-154102.0,45,05.21.2024 18:33:17
4,Canada_-_Brand_Aug_2024,0.7048431413329903,-154102.0,45,05.21.2024 18:33:17
5,Canada_-_Brand_Sep_2024,0.8630513458496311,-154102.0,45,05.21.2024 18:33:17
6,Canada_-_Brand_Oct_2024,0.9274196689360323,-154102.0,45,05.21.2024 18:33:17
7,Canada_-_Brand_Nov_2024,0.8295392165620143,-154102.0,45,05.21.2024 18:33:17
8,Canada_-_Brand_Dec_2024,0.816228117503277,-154102.0,45,05.21.2024 18:33:17
9,Canada_-_Non_Brand_Apr_2024,1.1660233081604796,-154102.0,45,05.21.2024 18:33:17
10,Canada_-_Non_Brand_May_2024,1.1426150339169272,-154102.0,45,05.21.2024 18:33:17
11,Canada_-_Non_Brand_Jun_2024,0.9388042284092326,-154102.0,45,05.21.2024 18:33:17
12,Canada_-_Non_Brand_Jul_2024,0.8212469959678581,-154102.0,45,05.21.2024 18:33:17
13,Canada_-_Non_Brand_Aug_2024,0.8365990437143301,-154102.0,45,05.21.2024 18:33:17
14,Canada_-_Non_Brand_Sep_2024,0.7737134772886473,-154102.0,45,05.21.2024 18:33:17
15,Canada_-_Non_Brand_Oct_2024,0.887597937542101,-154102.0,45,05.21.2024 18:33:17
16,Canada_-_Non_Brand_Nov_2024,0.7401003287306835,-154102.0,45,05.21.2024 18:33:17
17,Canada_-_Non_Brand_Dec_2024,0.7257330853423634,-154102.0,45,05.21.2024 18:33:17
0,Canada_-_Brand_Apr_2024,0.9852555432871919,-153883.0,46,05.21.2024 18:33:22
1,Canada_-_Brand_May_2024,1.1207346436571022,-153883.0,46,05.21.2024 18:33:22
2,Canada_-_Brand_Jun_2024,0.9233505898083852,-153883.0,46,05.21.2024 18:33:22
3,Canada_-_Brand_Jul_2024,0.9405437219853071,-153883.0,46,05.21.2024 18:33:22
4,Canada_-_Brand_Aug_2024,0.6853311129250966,-153883.0,46,05.21.2024 18:33:22
5,Canada_-_Brand_Sep_2024,0.9833771107906453,-153883.0,46,05.21.2024 18:33:22
6,Canada_-_Brand_Oct_2024,0.8128026882832335,-153883.0,46,05.21.2024 18:33:22
7,Canada_-_Brand_Nov_2024,0.8750027377737453,-153883.0,46,05.21.2024 18:33:22
8,Canada_-_Brand_Dec_2024,0.7003051847928337,-153883.0,46,05.21.2024 18:33:22
9,Canada_-_Non_Brand_Apr_2024,1.2421534176653297,-153883.0,46,05.21.2024 18:33:22
10,Canada_-_Non_Brand_May_2024,1.339061859782525,-153883.0,46,05.21.2024 18:33:22
11,Canada_-_Non_Brand_Jun_2024,0.6652479764215595,-153883.0,46,05.21.2024 18:33:22
12,Canada_-_Non_Brand_Jul_2024,0.9648071119008022,-153883.0,46,05.21.2024 18:33:22
13,Canada_-_Non_Brand_Aug_2024,0.8040946104758199,-153883.0,46,05.21.2024 18:33:22
14,Canada_-_Non_Brand_Sep_2024,0.7881452779769434,-153883.0,46,05.21.2024 18:33:22
15,Canada_-_Non_Brand_Oct_2024,0.8538071215528735,-153883.0,46,05.21.2024 18:33:22
16,Canada_-_Non_Brand_Nov_2024,0.7618948460056135,-153883.0,46,05.21.2024 18:33:22
17,Canada_-_Non_Brand_Dec_2024,0.7243584295728562,-153883.0,46,05.21.2024 18:33:22
0,Canada_-_Brand_Apr_2024,1.2060108379408199,-154781.0,47,05.21.2024 18:33:26
1,Canada_-_Brand_May_2024,1.1235385296210096,-154781.0,47,05.21.2024 18:33:26
2,Canada_-_Brand_Jun_2024,0.8761900266998381,-154781.0,47,05.21.2024 18:33:26
3,Canada_-_Brand_Jul_2024,0.8960414409529617,-154781.0,47,05.21.2024 18:33:26
4,Canada_-_Brand_Aug_2024,0.8781649744723995,-154781.0,47,05.21.2024 18:33:26
5,Canada_-_Brand_Sep_2024,0.7297870614592109,-154781.0,47,05.21.2024 18:33:26
6,Canada_-_Brand_Oct_2024,0.8323982748778596,-154781.0,47,05.21.2024 18:33:26
7,Canada_-_Brand_Nov_2024,0.8422251038054349,-154781.0,47,05.21.2024 18:33:26
8,Canada_-_Brand_Dec_2024,0.8274730164598115,-154781.0,47,05.21.2024 18:33:26
9,Canada_-_Non_Brand_Apr_2024,1.126310787446975,-154781.0,47,05.21.2024 18:33:26
10,Canada_-_Non_Brand_May_2024,1.0075598539490511,-154781.0,47,05.21.2024 18:33:26
11,Canada_-_Non_Brand_Jun_2024,0.6384322083442082,-154781.0,47,05.21.2024 18:33:26
12,Canada_-_Non_Brand_Jul_2024,0.7111111125119183,-154781.0,47,05.21.2024 18:33:26
13,Canada_-_Non_Brand_Aug_2024,0.8606638677766337,-154781.0,47,05.21.2024 18:33:26
14,Canada_-_Non_Brand_Sep_2024,0.9352424717325822,-154781.0,47,05.21.2024 18:33:26
15,Canada_-_Non_Brand_Oct_2024,0.7169901161756236,-154781.0,47,05.21.2024 18:33:26
16,Canada_-_Non_Brand_Nov_2024,0.8152569698563503,-154781.0,47,05.21.2024 18:33:26
17,Canada_-_Non_Brand_Dec_2024,0.8624449893347227,-154781.0,47,05.21.2024 18:33:26
