,region,market,account_type,funnel,ds,X,Month,Year,US_Bing_Ads_Brand_Apr_2024,US_Bing_Ads_Brand_Jun_2024,US_Bing_Ads_Brand_May_2024,US_Bing_Ads_Competitor_Apr_2024,US_Bing_Ads_Competitor_Jun_2024,US_Bing_Ads_Competitor_May_2024,US_Bing_Ads_Generic_Apr_2024,US_Bing_Ads_Generic_Jun_2024,US_Bing_Ads_Generic_May_2024,US_Google_AdWords_Brand_Apr_2024,US_Google_AdWords_Brand_Jun_2024,US_Google_AdWords_Brand_May_2024,US_Google_AdWords_Competitor_Apr_2024,US_Google_AdWords_Competitor_Jun_2024,US_Google_AdWords_Competitor_May_2024,US_Google_AdWords_Generic_Apr_2024,US_Google_AdWords_Generic_Jun_2024,US_Google_AdWords_Generic_May_2024,Weekend,AOV,ROAS
0,US,US,Bing Ads,Brand,2024-04-25,3599.7300000000005,Apr,2024,3599.7300000000005,0.0,0.0,0.0,0.0,0.0,0.0,0.0,0.0,0.0,0.0,0.0,0.0,0.0,0.0,0.0,0.0,0.0,1,34.95,35.66
1,US,US,Bing Ads,Brand,2024-04-26,3307.7999999999997,Apr,2024,3307.7999999999997,0.0,0.0,0.0,0.0,0.0,0.0,0.0,0.0,0.0,0.0,0.0,0.0,0.0,0.0,0.0,0.0,0.0,1,34.95,35.66
2,US,US,Bing Ads,Brand,2024-04-27,957.14,Apr,2024,957.14,0.0,0.0,0.0,0.0,0.0,0.0,0.0,0.0,0.0,0.0,0.0,0.0,0.0,0.0,0.0,0.0,0.0,1,34.95,35.66
3,US,US,Bing Ads,Brand,2024-04-28,917.39,Apr,2024,917.39,0.0,0.0,0.0,0.0,0.0,0.0,0.0,0.0,0.0,0.0,0.0,0.0,0.0,0.0,0.0,0.0,0.0,1,34.95,35.66
4,US,US,Bing Ads,Brand,2024-04-29,4319.259999999999,Apr,2024,4319.259999999999,0.0,0.0,0.0,0.0,0.0,0.0,0.0,0.0,0.0,0.0,0.0,0.0,0.0,0.0,0.0,0.0,0.0,0,34.95,35.66
5,US,US,Bing Ads,Brand,2024-04-30,4610.659999999999,Apr,2024,4610.659999999999,0.0,0.0,0.0,0.0,0.0,0.0,0.0,0.0,0.0,0.0,0.0,0.0,0.0,0.0,0.0,0.0,0.0,1,34.95,35.66
6,US,US,Bing Ads,Brand,2024-05-01,4713.63,May,2024,0.0,0.0,4713.63,0.0,0.0,0.0,0.0,0.0,0.0,0.0,0.0,0.0,0.0,0.0,0.0,0.0,0.0,0.0,1,34.95,35.66
7,US,US,Bing Ads,Brand,2024-05-02,4688.549999999999,May,2024,0.0,0.0,4688.549999999999,0.0,0.0,0.0,0.0,0.0,0.0,0.0,0.0,0.0,0.0,0.0,0.0,0.0,0.0,0.0,1,34.95,35.66
8,US,US,Bing Ads,Brand,2024-05-03,4029.6899999999987,May,2024,0.0,0.0,4029.6899999999987,0.0,0.0,0.0,0.0,0.0,0.0,0.0,0.0,0.0,0.0,0.0,0.0,0.0,0.0,0.0,1,34.95,35.66
9,US,US,Bing Ads,Brand,2024-05-04,1076.7600000000002,May,2024,0.0,0.0,1076.7600000000002,0.0,0.0,0.0,0.0,0.0,0.0,0.0,0.0,0.0,0.0,0.0,0.0,0.0,0.0,0.0,1,34.95,35.66
10,US,US,Bing Ads,Brand,2024-05-05,924.8700000000001,May,2024,0.0,0.0,924.8700000000001,0.0,0.0,0.0,0.0,0.0,0.0,0.0,0.0,0.0,0.0,0.0,0.0,0.0,0.0,0.0,1,34.95,35.66
11,US,US,Bing Ads,Brand,2024-05-06,4669.7,May,2024,0.0,0.0,4669.7,0.0,0.0,0.0,0.0,0.0,0.0,0.0,0.0,0.0,0.0,0.0,0.0,0.0,0.0,0.0,0,34.95,35.66
12,US,US,Bing Ads,Brand,2024-05-07,3991.02,May,2024,0.0,0.0,3991.02,0.0,0.0,0.0,0.0,0.0,0.0,0.0,0.0,0.0,0.0,0.0,0.0,0.0,0.0,0.0,1,34.95,35.66
13,US,US,Bing Ads,Brand,2024-05-08,3437.1800000000003,May,2024,0.0,0.0,3437.1800000000003,0.0,0.0,0.0,0.0,0.0,0.0,0.0,0.0,0.0,0.0,0.0,0.0,0.0,0.0,0.0,1,34.95,35.66
14,US,US,Bing Ads,Brand,2024-05-09,3462.5499999999997,May,2024,0.0,0.0,3462.5499999999997,0.0,0.0,0.0,0.0,0.0,0.0,0.0,0.0,0.0,0.0,0.0,0.0,0.0,0.0,0.0,1,34.95,35.66
15,US,US,Bing Ads,Brand,2024-05-10,4151.75,May,2024,0.0,0.0,4151.75,0.0,0.0,0.0,0.0,0.0,0.0,0.0,0.0,0.0,0.0,0.0,0.0,0.0,0.0,0.0,1,34.95,35.66
16,US,US,Bing Ads,Brand,2024-05-11,1501.4999999999998,May,2024,0.0,0.0,1501.4999999999998,0.0,0.0,0.0,0.0,0.0,0.0,0.0,0.0,0.0,0.0,0.0,0.0,0.0,0.0,0.0,1,34.95,35.66
17,US,US,Bing Ads,Brand,2024-05-12,1020.7500000000001,May,2024,0.0,0.0,1020.7500000000001,0.0,0.0,0.0,0.0,0.0,0.0,0.0,0.0,0.0,0.0,0.0,0.0,0.0,0.0,0.0,1,34.95,35.66
18,US,US,Bing Ads,Brand,2024-05-13,4650.06,May,2024,0.0,0.0,4650.06,0.0,0.0,0.0,0.0,0.0,0.0,0.0,0.0,0.0,0.0,0.0,0.0,0.0,0.0,0.0,0,34.95,35.66
19,US,US,Bing Ads,Brand,2024-05-14,4731.9000000000015,May,2024,0.0,0.0,4731.9000000000015,0.0,0.0,0.0,0.0,0.0,0.0,0.0,0.0,0.0,0.0,0.0,0.0,0.0,0.0,0.0,1,34.95,35.66
20,US,US,Bing Ads,Brand,2024-05-15,4655.459999999998,May,2024,0.0,0.0,4655.459999999998,0.0,0.0,0.0,0.0,0.0,0.0,0.0,0.0,0.0,0.0,0.0,0.0,0.0,0.0,0.0,1,34.95,35.66
21,US,US,Bing Ads,Brand,2024-05-16,4275.420000000001,May,2024,0.0,0.0,4275.420000000001,0.0,0.0,0.0,0.0,0.0,0.0,0.0,0.0,0.0,0.0,0.0,0.0,0.0,0.0,0.0,1,34.95,35.66
22,US,US,Bing Ads,Brand,2024-05-17,3929.4300000000003,May,2024,0.0,0.0,3929.4300000000003,0.0,0.0,0.0,0.0,0.0,0.0,0.0,0.0,0.0,0.0,0.0,0.0,0.0,0.0,0.0,1,34.95,35.66
23,US,US,Bing Ads,Brand,2024-05-18,1266.0300000000002,May,2024,0.0,0.0,1266.0300000000002,0.0,0.0,0.0,0.0,0.0,0.0,0.0,0.0,0.0,0.0,0.0,0.0,0.0,0.0,0.0,1,34.95,35.66
24,US,US,Bing Ads,Brand,2024-05-19,1057.63,May,2024,0.0,0.0,1057.63,0.0,0.0,0.0,0.0,0.0,0.0,0.0,0.0,0.0,0.0,0.0,0.0,0.0,0.0,0.0,1,34.95,35.66
25,US,US,Bing Ads,Brand,2024-05-20,4764.78,May,2024,0.0,0.0,4764.78,0.0,0.0,0.0,0.0,0.0,0.0,0.0,0.0,0.0,0.0,0.0,0.0,0.0,0.0,0.0,0,34.95,35.66
26,US,US,Bing Ads,Brand,2024-05-21,4810.9299999999985,May,2024,0.0,0.0,4810.9299999999985,0.0,0.0,0.0,0.0,0.0,0.0,0.0,0.0,0.0,0.0,0.0,0.0,0.0,0.0,0.0,1,34.95,35.66
27,US,US,Bing Ads,Brand,2024-05-22,4730.12,May,2024,0.0,0.0,4730.12,0.0,0.0,0.0,0.0,0.0,0.0,0.0,0.0,0.0,0.0,0.0,0.0,0.0,0.0,0.0,1,34.95,35.66
28,US,US,Bing Ads,Brand,2024-05-23,5015.299999999997,May,2024,0.0,0.0,5015.299999999997,0.0,0.0,0.0,0.0,0.0,0.0,0.0,0.0,0.0,0.0,0.0,0.0,0.0,0.0,0.0,1,34.95,35.66
29,US,US,Bing Ads,Brand,2024-05-24,4430.4800000000005,May,2024,0.0,0.0,4430.4800000000005,0.0,0.0,0.0,0.0,0.0,0.0,0.0,0.0,0.0,0.0,0.0,0.0,0.0,0.0,0.0,1,34.95,35.66
30,US,US,Bing Ads,Brand,2024-05-25,66.25,May,2024,0.0,0.0,66.25,0.0,0.0,0.0,0.0,0.0,0.0,0.0,0.0,0.0,0.0,0.0,0.0,0.0,0.0,0.0,1,34.95,35.66
31,US,US,Bing Ads,Brand,2024-05-26,3857.145757575757,May,2024,0.0,0.0,3857.145757575757,0.0,0.0,0.0,0.0,0.0,0.0,0.0,0.0,0.0,0.0,0.0,0.0,0.0,0.0,0.0,1,34.95,35.66
32,US,US,Bing Ads,Brand,2024-05-27,1552.4099999999999,May,2024,0.0,0.0,1552.4099999999999,0.0,0.0,0.0,0.0,0.0,0.0,0.0,0.0,0.0,0.0,0.0,0.0,0.0,0.0,0.0,0,34.95,35.66
33,US,US,Bing Ads,Brand,2024-05-28,5652.650000000001,May,2024,0.0,0.0,5652.650000000001,0.0,0.0,0.0,0.0,0.0,0.0,0.0,0.0,0.0,0.0,0.0,0.0,0.0,0.0,0.0,1,34.95,35.66
34,US,US,Bing Ads,Brand,2024-05-29,6468.27,May,2024,0.0,0.0,6468.27,0.0,0.0,0.0,0.0,0.0,0.0,0.0,0.0,0.0,0.0,0.0,0.0,0.0,0.0,0.0,1,34.95,35.66
35,US,US,Bing Ads,Brand,2024-05-30,6555.7,May,2024,0.0,0.0,6555.7,0.0,0.0,0.0,0.0,0.0,0.0,0.0,0.0,0.0,0.0,0.0,0.0,0.0,0.0,0.0,1,34.95,35.66
36,US,US,Bing Ads,Brand,2024-05-31,5462.719999999998,May,2024,0.0,0.0,5462.719999999998,0.0,0.0,0.0,0.0,0.0,0.0,0.0,0.0,0.0,0.0,0.0,0.0,0.0,0.0,0.0,1,34.95,35.66
37,US,US,Bing Ads,Brand,2024-06-01,1512.81,Jun,2024,0.0,1512.81,0.0,0.0,0.0,0.0,0.0,0.0,0.0,0.0,0.0,0.0,0.0,0.0,0.0,0.0,0.0,0.0,1,34.95,35.66
38,US,US,Bing Ads,Brand,2024-06-02,1255.6399999999999,Jun,2024,0.0,1255.6399999999999,0.0,0.0,0.0,0.0,0.0,0.0,0.0,0.0,0.0,0.0,0.0,0.0,0.0,0.0,0.0,0.0,1,34.95,35.66
39,US,US,Bing Ads,Brand,2024-06-03,6779.73,Jun,2024,0.0,6779.73,0.0,0.0,0.0,0.0,0.0,0.0,0.0,0.0,0.0,0.0,0.0,0.0,0.0,0.0,0.0,0.0,0,34.95,35.66
40,US,US,Bing Ads,Brand,2024-06-04,7063.68,Jun,2024,0.0,7063.68,0.0,0.0,0.0,0.0,0.0,0.0,0.0,0.0,0.0,0.0,0.0,0.0,0.0,0.0,0.0,0.0,1,34.95,35.66
41,US,US,Bing Ads,Brand,2024-06-05,7035.52,Jun,2024,0.0,7035.52,0.0,0.0,0.0,0.0,0.0,0.0,0.0,0.0,0.0,0.0,0.0,0.0,0.0,0.0,0.0,0.0,1,34.95,35.66
42,US,US,Bing Ads,Brand,2024-06-06,7573.89,Jun,2024,0.0,7573.89,0.0,0.0,0.0,0.0,0.0,0.0,0.0,0.0,0.0,0.0,0.0,0.0,0.0,0.0,0.0,0.0,1,34.95,35.66
43,US,US,Bing Ads,Brand,2024-06-07,6038.19,Jun,2024,0.0,6038.19,0.0,0.0,0.0,0.0,0.0,0.0,0.0,0.0,0.0,0.0,0.0,0.0,0.0,0.0,0.0,0.0,1,34.95,35.66
44,US,US,Bing Ads,Brand,2024-06-08,1566.4099999999999,Jun,2024,0.0,1566.4099999999999,0.0,0.0,0.0,0.0,0.0,0.0,0.0,0.0,0.0,0.0,0.0,0.0,0.0,0.0,0.0,0.0,1,34.95,35.66
45,US,US,Bing Ads,Brand,2024-06-09,1331.9099999999996,Jun,2024,0.0,1331.9099999999996,0.0,0.0,0.0,0.0,0.0,0.0,0.0,0.0,0.0,0.0,0.0,0.0,0.0,0.0,0.0,0.0,1,34.95,35.66
46,US,US,Bing Ads,Brand,2024-06-10,8442.73,Jun,2024,0.0,8442.73,0.0,0.0,0.0,0.0,0.0,0.0,0.0,0.0,0.0,0.0,0.0,0.0,0.0,0.0,0.0,0.0,0,34.95,35.66
47,US,US,Bing Ads,Brand,2024-06-11,6137.23,Jun,2024,0.0,6137.23,0.0,0.0,0.0,0.0,0.0,0.0,0.0,0.0,0.0,0.0,0.0,0.0,0.0,0.0,0.0,0.0,1,34.95,35.66
48,US,US,Bing Ads,Brand,2024-06-12,4995.84,Jun,2024,0.0,4995.84,0.0,0.0,0.0,0.0,0.0,0.0,0.0,0.0,0.0,0.0,0.0,0.0,0.0,0.0,0.0,0.0,1,34.95,35.66
49,US,US,Bing Ads,Brand,2024-06-13,4696.120000000001,Jun,2024,0.0,4696.120000000001,0.0,0.0,0.0,0.0,0.0,0.0,0.0,0.0,0.0,0.0,0.0,0.0,0.0,0.0,0.0,0.0,1,34.95,35.66
50,US,US,Bing Ads,Brand,2024-06-14,3835.769999999999,Jun,2024,0.0,3835.769999999999,0.0,0.0,0.0,0.0,0.0,0.0,0.0,0.0,0.0,0.0,0.0,0.0,0.0,0.0,0.0,0.0,1,34.95,35.66
51,US,US,Bing Ads,Brand,2024-06-15,1028.2,Jun,2024,0.0,1028.2,0.0,0.0,0.0,0.0,0.0,0.0,0.0,0.0,0.0,0.0,0.0,0.0,0.0,0.0,0.0,0.0,1,34.95,35.66
52,US,US,Bing Ads,Brand,2024-06-16,741.1899999999999,Jun,2024,0.0,741.1899999999999,0.0,0.0,0.0,0.0,0.0,0.0,0.0,0.0,0.0,0.0,0.0,0.0,0.0,0.0,0.0,0.0,1,34.95,35.66
53,US,US,Bing Ads,Brand,2024-06-17,4224.830000000001,Jun,2024,0.0,4224.830000000001,0.0,0.0,0.0,0.0,0.0,0.0,0.0,0.0,0.0,0.0,0.0,0.0,0.0,0.0,0.0,0.0,0,34.95,35.66
54,US,US,Bing Ads,Brand,2024-06-18,4464.68,Jun,2024,0.0,4464.68,0.0,0.0,0.0,0.0,0.0,0.0,0.0,0.0,0.0,0.0,0.0,0.0,0.0,0.0,0.0,0.0,1,34.95,35.66
55,US,US,Bing Ads,Brand,2024-06-19,4267.46,Jun,2024,0.0,4267.46,0.0,0.0,0.0,0.0,0.0,0.0,0.0,0.0,0.0,0.0,0.0,0.0,0.0,0.0,0.0,0.0,1,34.95,35.66
56,US,US,Bing Ads,Brand,2024-06-20,4648.089999999999,Jun,2024,0.0,4648.089999999999,0.0,0.0,0.0,0.0,0.0,0.0,0.0,0.0,0.0,0.0,0.0,0.0,0.0,0.0,0.0,0.0,1,34.95,35.66
57,US,US,Bing Ads,Brand,2024-06-21,4568.870000000001,Jun,2024,0.0,4568.870000000001,0.0,0.0,0.0,0.0,0.0,0.0,0.0,0.0,0.0,0.0,0.0,0.0,0.0,0.0,0.0,0.0,1,34.95,35.66
58,US,US,Bing Ads,Brand,2024-06-22,1478.09,Jun,2024,0.0,1478.09,0.0,0.0,0.0,0.0,0.0,0.0,0.0,0.0,0.0,0.0,0.0,0.0,0.0,0.0,0.0,0.0,1,34.95,35.66
59,US,US,Bing Ads,Brand,2024-06-23,1119.2099999999998,Jun,2024,0.0,1119.2099999999998,0.0,0.0,0.0,0.0,0.0,0.0,0.0,0.0,0.0,0.0,0.0,0.0,0.0,0.0,0.0,0.0,1,34.95,35.66
60,US,US,Bing Ads,Brand,2024-06-24,5467.3,Jun,2024,0.0,5467.3,0.0,0.0,0.0,0.0,0.0,0.0,0.0,0.0,0.0,0.0,0.0,0.0,0.0,0.0,0.0,0.0,0,34.95,35.66
61,US,US,Bing Ads,Brand,2024-06-25,6334.52,Jun,2024,0.0,6334.52,0.0,0.0,0.0,0.0,0.0,0.0,0.0,0.0,0.0,0.0,0.0,0.0,0.0,0.0,0.0,0.0,1,34.95,35.66
62,US,US,Bing Ads,Brand,2024-06-26,6101.6399999999985,Jun,2024,0.0,6101.6399999999985,0.0,0.0,0.0,0.0,0.0,0.0,0.0,0.0,0.0,0.0,0.0,0.0,0.0,0.0,0.0,0.0,1,34.95,35.66
63,US,US,Bing Ads,Brand,2024-06-27,5578.580000000001,Jun,2024,0.0,5578.580000000001,0.0,0.0,0.0,0.0,0.0,0.0,0.0,0.0,0.0,0.0,0.0,0.0,0.0,0.0,0.0,0.0,1,34.95,35.66
64,US,US,Bing Ads,Brand,2024-06-28,4285.88,Jun,2024,0.0,4285.88,0.0,0.0,0.0,0.0,0.0,0.0,0.0,0.0,0.0,0.0,0.0,0.0,0.0,0.0,0.0,0.0,1,34.95,35.66
65,US,US,Bing Ads,Brand,2024-06-29,1308.0899999999997,Jun,2024,0.0,1308.0899999999997,0.0,0.0,0.0,0.0,0.0,0.0,0.0,0.0,0.0,0.0,0.0,0.0,0.0,0.0,0.0,0.0,1,34.95,35.66
66,US,US,Bing Ads,Brand,2024-06-30,1234.0500000000002,Jun,2024,0.0,1234.0500000000002,0.0,0.0,0.0,0.0,0.0,0.0,0.0,0.0,0.0,0.0,0.0,0.0,0.0,0.0,0.0,0.0,1,34.95,35.66
67,US,US,Bing Ads,Competitor,2024-04-25,806.0000000000001,Apr,2024,0.0,0.0,0.0,806.0000000000001,0.0,0.0,0.0,0.0,0.0,0.0,0.0,0.0,0.0,0.0,0.0,0.0,0.0,0.0,1,33.09,23.96
68,US,US,Bing Ads,Competitor,2024-04-26,714.4700000000001,Apr,2024,0.0,0.0,0.0,714.4700000000001,0.0,0.0,0.0,0.0,0.0,0.0,0.0,0.0,0.0,0.0,0.0,0.0,0.0,0.0,1,33.09,23.96
69,US,US,Bing Ads,Competitor,2024-04-27,69.35000000000001,Apr,2024,0.0,0.0,0.0,69.35000000000001,0.0,0.0,0.0,0.0,0.0,0.0,0.0,0.0,0.0,0.0,0.0,0.0,0.0,0.0,1,33.09,23.96
70,US,US,Bing Ads,Competitor,2024-04-28,36.57,Apr,2024,0.0,0.0,0.0,36.57,0.0,0.0,0.0,0.0,0.0,0.0,0.0,0.0,0.0,0.0,0.0,0.0,0.0,0.0,1,33.09,23.96
71,US,US,Bing Ads,Competitor,2024-04-29,917.04,Apr,2024,0.0,0.0,0.0,917.04,0.0,0.0,0.0,0.0,0.0,0.0,0.0,0.0,0.0,0.0,0.0,0.0,0.0,0.0,0,33.09,23.96
72,US,US,Bing Ads,Competitor,2024-04-30,842.17,Apr,2024,0.0,0.0,0.0,842.17,0.0,0.0,0.0,0.0,0.0,0.0,0.0,0.0,0.0,0.0,0.0,0.0,0.0,0.0,1,33.09,23.96
73,US,US,Bing Ads,Competitor,2024-05-01,770.3700000000001,May,2024,0.0,0.0,0.0,0.0,0.0,770.3700000000001,0.0,0.0,0.0,0.0,0.0,0.0,0.0,0.0,0.0,0.0,0.0,0.0,1,33.09,23.96
74,US,US,Bing Ads,Competitor,2024-05-02,653.36,May,2024,0.0,0.0,0.0,0.0,0.0,653.36,0.0,0.0,0.0,0.0,0.0,0.0,0.0,0.0,0.0,0.0,0.0,0.0,1,33.09,23.96
75,US,US,Bing Ads,Competitor,2024-05-03,640.4000000000002,May,2024,0.0,0.0,0.0,0.0,0.0,640.4000000000002,0.0,0.0,0.0,0.0,0.0,0.0,0.0,0.0,0.0,0.0,0.0,0.0,1,33.09,23.96
76,US,US,Bing Ads,Competitor,2024-05-04,29.259999999999998,May,2024,0.0,0.0,0.0,0.0,0.0,29.259999999999998,0.0,0.0,0.0,0.0,0.0,0.0,0.0,0.0,0.0,0.0,0.0,0.0,1,33.09,23.96
77,US,US,Bing Ads,Competitor,2024-05-05,44.89,May,2024,0.0,0.0,0.0,0.0,0.0,44.89,0.0,0.0,0.0,0.0,0.0,0.0,0.0,0.0,0.0,0.0,0.0,0.0,1,33.09,23.96
78,US,US,Bing Ads,Competitor,2024-05-06,1035.26,May,2024,0.0,0.0,0.0,0.0,0.0,1035.26,0.0,0.0,0.0,0.0,0.0,0.0,0.0,0.0,0.0,0.0,0.0,0.0,0,33.09,23.96
79,US,US,Bing Ads,Competitor,2024-05-07,1007.1199999999999,May,2024,0.0,0.0,0.0,0.0,0.0,1007.1199999999999,0.0,0.0,0.0,0.0,0.0,0.0,0.0,0.0,0.0,0.0,0.0,0.0,1,33.09,23.96
80,US,US,Bing Ads,Competitor,2024-05-08,1001.8099999999998,May,2024,0.0,0.0,0.0,0.0,0.0,1001.8099999999998,0.0,0.0,0.0,0.0,0.0,0.0,0.0,0.0,0.0,0.0,0.0,0.0,1,33.09,23.96
81,US,US,Bing Ads,Competitor,2024-05-09,1019.29,May,2024,0.0,0.0,0.0,0.0,0.0,1019.29,0.0,0.0,0.0,0.0,0.0,0.0,0.0,0.0,0.0,0.0,0.0,0.0,1,33.09,23.96
82,US,US,Bing Ads,Competitor,2024-05-10,725.71,May,2024,0.0,0.0,0.0,0.0,0.0,725.71,0.0,0.0,0.0,0.0,0.0,0.0,0.0,0.0,0.0,0.0,0.0,0.0,1,33.09,23.96
83,US,US,Bing Ads,Competitor,2024-05-11,45.730000000000004,May,2024,0.0,0.0,0.0,0.0,0.0,45.730000000000004,0.0,0.0,0.0,0.0,0.0,0.0,0.0,0.0,0.0,0.0,0.0,0.0,1,33.09,23.96
84,US,US,Bing Ads,Competitor,2024-05-12,37.67,May,2024,0.0,0.0,0.0,0.0,0.0,37.67,0.0,0.0,0.0,0.0,0.0,0.0,0.0,0.0,0.0,0.0,0.0,0.0,1,33.09,23.96
85,US,US,Bing Ads,Competitor,2024-05-13,941.1400000000002,May,2024,0.0,0.0,0.0,0.0,0.0,941.1400000000002,0.0,0.0,0.0,0.0,0.0,0.0,0.0,0.0,0.0,0.0,0.0,0.0,0,33.09,23.96
86,US,US,Bing Ads,Competitor,2024-05-14,991.3700000000001,May,2024,0.0,0.0,0.0,0.0,0.0,991.3700000000001,0.0,0.0,0.0,0.0,0.0,0.0,0.0,0.0,0.0,0.0,0.0,0.0,1,33.09,23.96
87,US,US,Bing Ads,Competitor,2024-05-15,849.8,May,2024,0.0,0.0,0.0,0.0,0.0,849.8,0.0,0.0,0.0,0.0,0.0,0.0,0.0,0.0,0.0,0.0,0.0,0.0,1,33.09,23.96
88,US,US,Bing Ads,Competitor,2024-05-16,876.5300000000001,May,2024,0.0,0.0,0.0,0.0,0.0,876.5300000000001,0.0,0.0,0.0,0.0,0.0,0.0,0.0,0.0,0.0,0.0,0.0,0.0,1,33.09,23.96
89,US,US,Bing Ads,Competitor,2024-05-17,778.48,May,2024,0.0,0.0,0.0,0.0,0.0,778.48,0.0,0.0,0.0,0.0,0.0,0.0,0.0,0.0,0.0,0.0,0.0,0.0,1,33.09,23.96
90,US,US,Bing Ads,Competitor,2024-05-18,82.07000000000001,May,2024,0.0,0.0,0.0,0.0,0.0,82.07000000000001,0.0,0.0,0.0,0.0,0.0,0.0,0.0,0.0,0.0,0.0,0.0,0.0,1,33.09,23.96
91,US,US,Bing Ads,Competitor,2024-05-19,34.029999999999994,May,2024,0.0,0.0,0.0,0.0,0.0,34.029999999999994,0.0,0.0,0.0,0.0,0.0,0.0,0.0,0.0,0.0,0.0,0.0,0.0,1,33.09,23.96
92,US,US,Bing Ads,Competitor,2024-05-20,1101.23,May,2024,0.0,0.0,0.0,0.0,0.0,1101.23,0.0,0.0,0.0,0.0,0.0,0.0,0.0,0.0,0.0,0.0,0.0,0.0,0,33.09,23.96
93,US,US,Bing Ads,Competitor,2024-05-21,802.97,May,2024,0.0,0.0,0.0,0.0,0.0,802.97,0.0,0.0,0.0,0.0,0.0,0.0,0.0,0.0,0.0,0.0,0.0,0.0,1,33.09,23.96
94,US,US,Bing Ads,Competitor,2024-05-22,777.72,May,2024,0.0,0.0,0.0,0.0,0.0,777.72,0.0,0.0,0.0,0.0,0.0,0.0,0.0,0.0,0.0,0.0,0.0,0.0,1,33.09,23.96
95,US,US,Bing Ads,Competitor,2024-05-23,672.3999999999999,May,2024,0.0,0.0,0.0,0.0,0.0,672.3999999999999,0.0,0.0,0.0,0.0,0.0,0.0,0.0,0.0,0.0,0.0,0.0,0.0,1,33.09,23.96
96,US,US,Bing Ads,Competitor,2024-05-24,588.3499999999999,May,2024,0.0,0.0,0.0,0.0,0.0,588.3499999999999,0.0,0.0,0.0,0.0,0.0,0.0,0.0,0.0,0.0,0.0,0.0,0.0,1,33.09,23.96
97,US,US,Bing Ads,Competitor,2024-05-25,3.0100000000000002,May,2024,0.0,0.0,0.0,0.0,0.0,3.0100000000000002,0.0,0.0,0.0,0.0,0.0,0.0,0.0,0.0,0.0,0.0,0.0,0.0,1,33.09,23.96
98,US,US,Bing Ads,Competitor,2024-05-26,0.58,May,2024,0.0,0.0,0.0,0.0,0.0,0.58,0.0,0.0,0.0,0.0,0.0,0.0,0.0,0.0,0.0,0.0,0.0,0.0,1,33.09,23.96
99,US,US,Bing Ads,Competitor,2024-05-27,108.82000000000001,May,2024,0.0,0.0,0.0,0.0,0.0,108.82000000000001,0.0,0.0,0.0,0.0,0.0,0.0,0.0,0.0,0.0,0.0,0.0,0.0,0,33.09,23.96
100,US,US,Bing Ads,Competitor,2024-05-28,842.9300000000001,May,2024,0.0,0.0,0.0,0.0,0.0,842.9300000000001,0.0,0.0,0.0,0.0,0.0,0.0,0.0,0.0,0.0,0.0,0.0,0.0,1,33.09,23.96
101,US,US,Bing Ads,Competitor,2024-05-29,680.3000000000001,May,2024,0.0,0.0,0.0,0.0,0.0,680.3000000000001,0.0,0.0,0.0,0.0,0.0,0.0,0.0,0.0,0.0,0.0,0.0,0.0,1,33.09,23.96
102,US,US,Bing Ads,Competitor,2024-05-30,690.4300000000002,May,2024,0.0,0.0,0.0,0.0,0.0,690.4300000000002,0.0,0.0,0.0,0.0,0.0,0.0,0.0,0.0,0.0,0.0,0.0,0.0,1,33.09,23.96
103,US,US,Bing Ads,Competitor,2024-05-31,510.89,May,2024,0.0,0.0,0.0,0.0,0.0,510.89,0.0,0.0,0.0,0.0,0.0,0.0,0.0,0.0,0.0,0.0,0.0,0.0,1,33.09,23.96
104,US,US,Bing Ads,Competitor,2024-06-01,48.89,Jun,2024,0.0,0.0,0.0,0.0,48.89,0.0,0.0,0.0,0.0,0.0,0.0,0.0,0.0,0.0,0.0,0.0,0.0,0.0,1,33.09,23.96
105,US,US,Bing Ads,Competitor,2024-06-02,48.27,Jun,2024,0.0,0.0,0.0,0.0,48.27,0.0,0.0,0.0,0.0,0.0,0.0,0.0,0.0,0.0,0.0,0.0,0.0,0.0,1,33.09,23.96
106,US,US,Bing Ads,Competitor,2024-06-03,662.56,Jun,2024,0.0,0.0,0.0,0.0,662.56,0.0,0.0,0.0,0.0,0.0,0.0,0.0,0.0,0.0,0.0,0.0,0.0,0.0,0,33.09,23.96
107,US,US,Bing Ads,Competitor,2024-06-04,621.75,Jun,2024,0.0,0.0,0.0,0.0,621.75,0.0,0.0,0.0,0.0,0.0,0.0,0.0,0.0,0.0,0.0,0.0,0.0,0.0,1,33.09,23.96
108,US,US,Bing Ads,Competitor,2024-06-05,417.12999999999994,Jun,2024,0.0,0.0,0.0,0.0,417.12999999999994,0.0,0.0,0.0,0.0,0.0,0.0,0.0,0.0,0.0,0.0,0.0,0.0,0.0,1,33.09,23.96
109,US,US,Bing Ads,Competitor,2024-06-06,546.05,Jun,2024,0.0,0.0,0.0,0.0,546.05,0.0,0.0,0.0,0.0,0.0,0.0,0.0,0.0,0.0,0.0,0.0,0.0,0.0,1,33.09,23.96
110,US,US,Bing Ads,Competitor,2024-06-07,336.4,Jun,2024,0.0,0.0,0.0,0.0,336.4,0.0,0.0,0.0,0.0,0.0,0.0,0.0,0.0,0.0,0.0,0.0,0.0,0.0,1,33.09,23.96
111,US,US,Bing Ads,Competitor,2024-06-08,28.32,Jun,2024,0.0,0.0,0.0,0.0,28.32,0.0,0.0,0.0,0.0,0.0,0.0,0.0,0.0,0.0,0.0,0.0,0.0,0.0,1,33.09,23.96
112,US,US,Bing Ads,Competitor,2024-06-09,34.239999999999995,Jun,2024,0.0,0.0,0.0,0.0,34.239999999999995,0.0,0.0,0.0,0.0,0.0,0.0,0.0,0.0,0.0,0.0,0.0,0.0,0.0,1,33.09,23.96
113,US,US,Bing Ads,Competitor,2024-06-10,487.30999999999995,Jun,2024,0.0,0.0,0.0,0.0,487.30999999999995,0.0,0.0,0.0,0.0,0.0,0.0,0.0,0.0,0.0,0.0,0.0,0.0,0.0,0,33.09,23.96
114,US,US,Bing Ads,Competitor,2024-06-11,474.7699999999999,Jun,2024,0.0,0.0,0.0,0.0,474.7699999999999,0.0,0.0,0.0,0.0,0.0,0.0,0.0,0.0,0.0,0.0,0.0,0.0,0.0,1,33.09,23.96
115,US,US,Bing Ads,Competitor,2024-06-12,453.20000000000005,Jun,2024,0.0,0.0,0.0,0.0,453.20000000000005,0.0,0.0,0.0,0.0,0.0,0.0,0.0,0.0,0.0,0.0,0.0,0.0,0.0,1,33.09,23.96
116,US,US,Bing Ads,Competitor,2024-06-13,477.71,Jun,2024,0.0,0.0,0.0,0.0,477.71,0.0,0.0,0.0,0.0,0.0,0.0,0.0,0.0,0.0,0.0,0.0,0.0,0.0,1,33.09,23.96
117,US,US,Bing Ads,Competitor,2024-06-14,529.3199999999999,Jun,2024,0.0,0.0,0.0,0.0,529.3199999999999,0.0,0.0,0.0,0.0,0.0,0.0,0.0,0.0,0.0,0.0,0.0,0.0,0.0,1,33.09,23.96
118,US,US,Bing Ads,Competitor,2024-06-15,67.09000000000002,Jun,2024,0.0,0.0,0.0,0.0,67.09000000000002,0.0,0.0,0.0,0.0,0.0,0.0,0.0,0.0,0.0,0.0,0.0,0.0,0.0,1,33.09,23.96
119,US,US,Bing Ads,Competitor,2024-06-16,52.099999999999994,Jun,2024,0.0,0.0,0.0,0.0,52.099999999999994,0.0,0.0,0.0,0.0,0.0,0.0,0.0,0.0,0.0,0.0,0.0,0.0,0.0,1,33.09,23.96
120,US,US,Bing Ads,Competitor,2024-06-17,625.59,Jun,2024,0.0,0.0,0.0,0.0,625.59,0.0,0.0,0.0,0.0,0.0,0.0,0.0,0.0,0.0,0.0,0.0,0.0,0.0,0,33.09,23.96
121,US,US,Bing Ads,Competitor,2024-06-18,631.25,Jun,2024,0.0,0.0,0.0,0.0,631.25,0.0,0.0,0.0,0.0,0.0,0.0,0.0,0.0,0.0,0.0,0.0,0.0,0.0,1,33.09,23.96
122,US,US,Bing Ads,Competitor,2024-06-19,692.6800000000001,Jun,2024,0.0,0.0,0.0,0.0,692.6800000000001,0.0,0.0,0.0,0.0,0.0,0.0,0.0,0.0,0.0,0.0,0.0,0.0,0.0,1,33.09,23.96
123,US,US,Bing Ads,Competitor,2024-06-20,645.92,Jun,2024,0.0,0.0,0.0,0.0,645.92,0.0,0.0,0.0,0.0,0.0,0.0,0.0,0.0,0.0,0.0,0.0,0.0,0.0,1,33.09,23.96
124,US,US,Bing Ads,Competitor,2024-06-21,546.6799999999998,Jun,2024,0.0,0.0,0.0,0.0,546.6799999999998,0.0,0.0,0.0,0.0,0.0,0.0,0.0,0.0,0.0,0.0,0.0,0.0,0.0,1,33.09,23.96
125,US,US,Bing Ads,Competitor,2024-06-22,72.83,Jun,2024,0.0,0.0,0.0,0.0,72.83,0.0,0.0,0.0,0.0,0.0,0.0,0.0,0.0,0.0,0.0,0.0,0.0,0.0,1,33.09,23.96
126,US,US,Bing Ads,Competitor,2024-06-23,53.96,Jun,2024,0.0,0.0,0.0,0.0,53.96,0.0,0.0,0.0,0.0,0.0,0.0,0.0,0.0,0.0,0.0,0.0,0.0,0.0,1,33.09,23.96
127,US,US,Bing Ads,Competitor,2024-06-24,622.85,Jun,2024,0.0,0.0,0.0,0.0,622.85,0.0,0.0,0.0,0.0,0.0,0.0,0.0,0.0,0.0,0.0,0.0,0.0,0.0,0,33.09,23.96
128,US,US,Bing Ads,Competitor,2024-06-25,667.3499999999999,Jun,2024,0.0,0.0,0.0,0.0,667.3499999999999,0.0,0.0,0.0,0.0,0.0,0.0,0.0,0.0,0.0,0.0,0.0,0.0,0.0,1,33.09,23.96
129,US,US,Bing Ads,Competitor,2024-06-26,601.7099999999999,Jun,2024,0.0,0.0,0.0,0.0,601.7099999999999,0.0,0.0,0.0,0.0,0.0,0.0,0.0,0.0,0.0,0.0,0.0,0.0,0.0,1,33.09,23.96
130,US,US,Bing Ads,Competitor,2024-06-27,560.0200000000001,Jun,2024,0.0,0.0,0.0,0.0,560.0200000000001,0.0,0.0,0.0,0.0,0.0,0.0,0.0,0.0,0.0,0.0,0.0,0.0,0.0,1,33.09,23.96
131,US,US,Bing Ads,Competitor,2024-06-28,488.96000000000004,Jun,2024,0.0,0.0,0.0,0.0,488.96000000000004,0.0,0.0,0.0,0.0,0.0,0.0,0.0,0.0,0.0,0.0,0.0,0.0,0.0,1,33.09,23.96
132,US,US,Bing Ads,Competitor,2024-06-29,47.029999999999994,Jun,2024,0.0,0.0,0.0,0.0,47.029999999999994,0.0,0.0,0.0,0.0,0.0,0.0,0.0,0.0,0.0,0.0,0.0,0.0,0.0,1,33.09,23.96
133,US,US,Bing Ads,Competitor,2024-06-30,39.339999999999996,Jun,2024,0.0,0.0,0.0,0.0,39.339999999999996,0.0,0.0,0.0,0.0,0.0,0.0,0.0,0.0,0.0,0.0,0.0,0.0,0.0,1,33.09,23.96
134,US,US,Bing Ads,Generic,2024-04-25,78.36,Apr,2024,0.0,0.0,0.0,0.0,0.0,0.0,78.36,0.0,0.0,0.0,0.0,0.0,0.0,0.0,0.0,0.0,0.0,0.0,1,36.63,6.25
135,US,US,Bing Ads,Generic,2024-04-26,52.9,Apr,2024,0.0,0.0,0.0,0.0,0.0,0.0,52.9,0.0,0.0,0.0,0.0,0.0,0.0,0.0,0.0,0.0,0.0,0.0,1,36.63,6.25
136,US,US,Bing Ads,Generic,2024-04-27,7.3,Apr,2024,0.0,0.0,0.0,0.0,0.0,0.0,7.3,0.0,0.0,0.0,0.0,0.0,0.0,0.0,0.0,0.0,0.0,0.0,1,36.63,6.25
137,US,US,Bing Ads,Generic,2024-04-28,5.08,Apr,2024,0.0,0.0,0.0,0.0,0.0,0.0,5.08,0.0,0.0,0.0,0.0,0.0,0.0,0.0,0.0,0.0,0.0,0.0,1,36.63,6.25
138,US,US,Bing Ads,Generic,2024-04-29,67.43999999999998,Apr,2024,0.0,0.0,0.0,0.0,0.0,0.0,67.43999999999998,0.0,0.0,0.0,0.0,0.0,0.0,0.0,0.0,0.0,0.0,0.0,0,36.63,6.25
139,US,US,Bing Ads,Generic,2024-04-30,61.36,Apr,2024,0.0,0.0,0.0,0.0,0.0,0.0,61.36,0.0,0.0,0.0,0.0,0.0,0.0,0.0,0.0,0.0,0.0,0.0,1,36.63,6.25
140,US,US,Bing Ads,Generic,2024-05-01,66.0,May,2024,0.0,0.0,0.0,0.0,0.0,0.0,0.0,0.0,66.0,0.0,0.0,0.0,0.0,0.0,0.0,0.0,0.0,0.0,1,36.63,6.25
141,US,US,Bing Ads,Generic,2024-05-02,77.9,May,2024,0.0,0.0,0.0,0.0,0.0,0.0,0.0,0.0,77.9,0.0,0.0,0.0,0.0,0.0,0.0,0.0,0.0,0.0,1,36.63,6.25
142,US,US,Bing Ads,Generic,2024-05-03,55.10999999999999,May,2024,0.0,0.0,0.0,0.0,0.0,0.0,0.0,0.0,55.10999999999999,0.0,0.0,0.0,0.0,0.0,0.0,0.0,0.0,0.0,1,36.63,6.25
143,US,US,Bing Ads,Generic,2024-05-04,13.370000000000001,May,2024,0.0,0.0,0.0,0.0,0.0,0.0,0.0,0.0,13.370000000000001,0.0,0.0,0.0,0.0,0.0,0.0,0.0,0.0,0.0,1,36.63,6.25
144,US,US,Bing Ads,Generic,2024-05-05,4.99,May,2024,0.0,0.0,0.0,0.0,0.0,0.0,0.0,0.0,4.99,0.0,0.0,0.0,0.0,0.0,0.0,0.0,0.0,0.0,1,36.63,6.25
145,US,US,Bing Ads,Generic,2024-05-06,70.85,May,2024,0.0,0.0,0.0,0.0,0.0,0.0,0.0,0.0,70.85,0.0,0.0,0.0,0.0,0.0,0.0,0.0,0.0,0.0,0,36.63,6.25
146,US,US,Bing Ads,Generic,2024-05-07,71.96000000000001,May,2024,0.0,0.0,0.0,0.0,0.0,0.0,0.0,0.0,71.96000000000001,0.0,0.0,0.0,0.0,0.0,0.0,0.0,0.0,0.0,1,36.63,6.25
147,US,US,Bing Ads,Generic,2024-05-08,87.41999999999999,May,2024,0.0,0.0,0.0,0.0,0.0,0.0,0.0,0.0,87.41999999999999,0.0,0.0,0.0,0.0,0.0,0.0,0.0,0.0,0.0,1,36.63,6.25
148,US,US,Bing Ads,Generic,2024-05-09,65.97,May,2024,0.0,0.0,0.0,0.0,0.0,0.0,0.0,0.0,65.97,0.0,0.0,0.0,0.0,0.0,0.0,0.0,0.0,0.0,1,36.63,6.25
149,US,US,Bing Ads,Generic,2024-05-10,92.07999999999998,May,2024,0.0,0.0,0.0,0.0,0.0,0.0,0.0,0.0,92.07999999999998,0.0,0.0,0.0,0.0,0.0,0.0,0.0,0.0,0.0,1,36.63,6.25
150,US,US,Bing Ads,Generic,2024-05-11,4.75,May,2024,0.0,0.0,0.0,0.0,0.0,0.0,0.0,0.0,4.75,0.0,0.0,0.0,0.0,0.0,0.0,0.0,0.0,0.0,1,36.63,6.25
151,US,US,Bing Ads,Generic,2024-05-12,14.68,May,2024,0.0,0.0,0.0,0.0,0.0,0.0,0.0,0.0,14.68,0.0,0.0,0.0,0.0,0.0,0.0,0.0,0.0,0.0,1,36.63,6.25
152,US,US,Bing Ads,Generic,2024-05-13,96.04,May,2024,0.0,0.0,0.0,0.0,0.0,0.0,0.0,0.0,96.04,0.0,0.0,0.0,0.0,0.0,0.0,0.0,0.0,0.0,0,36.63,6.25
153,US,US,Bing Ads,Generic,2024-05-14,85.25000000000001,May,2024,0.0,0.0,0.0,0.0,0.0,0.0,0.0,0.0,85.25000000000001,0.0,0.0,0.0,0.0,0.0,0.0,0.0,0.0,0.0,1,36.63,6.25
154,US,US,Bing Ads,Generic,2024-05-15,84.72,May,2024,0.0,0.0,0.0,0.0,0.0,0.0,0.0,0.0,84.72,0.0,0.0,0.0,0.0,0.0,0.0,0.0,0.0,0.0,1,36.63,6.25
155,US,US,Bing Ads,Generic,2024-05-16,97.78999999999999,May,2024,0.0,0.0,0.0,0.0,0.0,0.0,0.0,0.0,97.78999999999999,0.0,0.0,0.0,0.0,0.0,0.0,0.0,0.0,0.0,1,36.63,6.25
156,US,US,Bing Ads,Generic,2024-05-17,98.07,May,2024,0.0,0.0,0.0,0.0,0.0,0.0,0.0,0.0,98.07,0.0,0.0,0.0,0.0,0.0,0.0,0.0,0.0,0.0,1,36.63,6.25
157,US,US,Bing Ads,Generic,2024-05-18,11.819999999999999,May,2024,0.0,0.0,0.0,0.0,0.0,0.0,0.0,0.0,11.819999999999999,0.0,0.0,0.0,0.0,0.0,0.0,0.0,0.0,0.0,1,36.63,6.25
158,US,US,Bing Ads,Generic,2024-05-19,14.37,May,2024,0.0,0.0,0.0,0.0,0.0,0.0,0.0,0.0,14.37,0.0,0.0,0.0,0.0,0.0,0.0,0.0,0.0,0.0,1,36.63,6.25
159,US,US,Bing Ads,Generic,2024-05-20,100.05,May,2024,0.0,0.0,0.0,0.0,0.0,0.0,0.0,0.0,100.05,0.0,0.0,0.0,0.0,0.0,0.0,0.0,0.0,0.0,0,36.63,6.25
160,US,US,Bing Ads,Generic,2024-05-21,91.97000000000003,May,2024,0.0,0.0,0.0,0.0,0.0,0.0,0.0,0.0,91.97000000000003,0.0,0.0,0.0,0.0,0.0,0.0,0.0,0.0,0.0,1,36.63,6.25
161,US,US,Bing Ads,Generic,2024-05-22,114.55000000000001,May,2024,0.0,0.0,0.0,0.0,0.0,0.0,0.0,0.0,114.55000000000001,0.0,0.0,0.0,0.0,0.0,0.0,0.0,0.0,0.0,1,36.63,6.25
162,US,US,Bing Ads,Generic,2024-05-23,116.47,May,2024,0.0,0.0,0.0,0.0,0.0,0.0,0.0,0.0,116.47,0.0,0.0,0.0,0.0,0.0,0.0,0.0,0.0,0.0,1,36.63,6.25
163,US,US,Bing Ads,Generic,2024-05-24,98.77,May,2024,0.0,0.0,0.0,0.0,0.0,0.0,0.0,0.0,98.77,0.0,0.0,0.0,0.0,0.0,0.0,0.0,0.0,0.0,1,36.63,6.25
164,US,US,Bing Ads,Generic,2024-05-25,104.23123076923076,May,2024,0.0,0.0,0.0,0.0,0.0,0.0,0.0,0.0,104.23123076923076,0.0,0.0,0.0,0.0,0.0,0.0,0.0,0.0,0.0,1,36.63,6.25
165,US,US,Bing Ads,Generic,2024-05-26,104.23123076923076,May,2024,0.0,0.0,0.0,0.0,0.0,0.0,0.0,0.0,104.23123076923076,0.0,0.0,0.0,0.0,0.0,0.0,0.0,0.0,0.0,1,36.63,6.25
166,US,US,Bing Ads,Generic,2024-05-27,35.84,May,2024,0.0,0.0,0.0,0.0,0.0,0.0,0.0,0.0,35.84,0.0,0.0,0.0,0.0,0.0,0.0,0.0,0.0,0.0,0,36.63,6.25
167,US,US,Bing Ads,Generic,2024-05-28,130.29000000000002,May,2024,0.0,0.0,0.0,0.0,0.0,0.0,0.0,0.0,130.29000000000002,0.0,0.0,0.0,0.0,0.0,0.0,0.0,0.0,0.0,1,36.63,6.25
168,US,US,Bing Ads,Generic,2024-05-29,119.32000000000001,May,2024,0.0,0.0,0.0,0.0,0.0,0.0,0.0,0.0,119.32000000000001,0.0,0.0,0.0,0.0,0.0,0.0,0.0,0.0,0.0,1,36.63,6.25
169,US,US,Bing Ads,Generic,2024-05-30,168.72,May,2024,0.0,0.0,0.0,0.0,0.0,0.0,0.0,0.0,168.72,0.0,0.0,0.0,0.0,0.0,0.0,0.0,0.0,0.0,1,36.63,6.25
170,US,US,Bing Ads,Generic,2024-05-31,249.8,May,2024,0.0,0.0,0.0,0.0,0.0,0.0,0.0,0.0,249.8,0.0,0.0,0.0,0.0,0.0,0.0,0.0,0.0,0.0,1,36.63,6.25
171,US,US,Bing Ads,Generic,2024-06-01,4.13,Jun,2024,0.0,0.0,0.0,0.0,0.0,0.0,0.0,4.13,0.0,0.0,0.0,0.0,0.0,0.0,0.0,0.0,0.0,0.0,1,36.63,6.25
172,US,US,Bing Ads,Generic,2024-06-02,11.079999999999998,Jun,2024,0.0,0.0,0.0,0.0,0.0,0.0,0.0,11.079999999999998,0.0,0.0,0.0,0.0,0.0,0.0,0.0,0.0,0.0,0.0,1,36.63,6.25
173,US,US,Bing Ads,Generic,2024-06-03,268.09,Jun,2024,0.0,0.0,0.0,0.0,0.0,0.0,0.0,268.09,0.0,0.0,0.0,0.0,0.0,0.0,0.0,0.0,0.0,0.0,0,36.63,6.25
174,US,US,Bing Ads,Generic,2024-06-04,245.70999999999998,Jun,2024,0.0,0.0,0.0,0.0,0.0,0.0,0.0,245.70999999999998,0.0,0.0,0.0,0.0,0.0,0.0,0.0,0.0,0.0,0.0,1,36.63,6.25
175,US,US,Bing Ads,Generic,2024-06-05,198.27999999999997,Jun,2024,0.0,0.0,0.0,0.0,0.0,0.0,0.0,198.27999999999997,0.0,0.0,0.0,0.0,0.0,0.0,0.0,0.0,0.0,0.0,1,36.63,6.25
176,US,US,Bing Ads,Generic,2024-06-06,248.98000000000002,Jun,2024,0.0,0.0,0.0,0.0,0.0,0.0,0.0,248.98000000000002,0.0,0.0,0.0,0.0,0.0,0.0,0.0,0.0,0.0,0.0,1,36.63,6.25
177,US,US,Bing Ads,Generic,2024-06-07,288.72999999999996,Jun,2024,0.0,0.0,0.0,0.0,0.0,0.0,0.0,288.72999999999996,0.0,0.0,0.0,0.0,0.0,0.0,0.0,0.0,0.0,0.0,1,36.63,6.25
178,US,US,Bing Ads,Generic,2024-06-08,26.41,Jun,2024,0.0,0.0,0.0,0.0,0.0,0.0,0.0,26.41,0.0,0.0,0.0,0.0,0.0,0.0,0.0,0.0,0.0,0.0,1,36.63,6.25
179,US,US,Bing Ads,Generic,2024-06-09,11.469999999999999,Jun,2024,0.0,0.0,0.0,0.0,0.0,0.0,0.0,11.469999999999999,0.0,0.0,0.0,0.0,0.0,0.0,0.0,0.0,0.0,0.0,1,36.63,6.25
180,US,US,Bing Ads,Generic,2024-06-10,278.66999999999996,Jun,2024,0.0,0.0,0.0,0.0,0.0,0.0,0.0,278.66999999999996,0.0,0.0,0.0,0.0,0.0,0.0,0.0,0.0,0.0,0.0,0,36.63,6.25
181,US,US,Bing Ads,Generic,2024-06-11,187.44,Jun,2024,0.0,0.0,0.0,0.0,0.0,0.0,0.0,187.44,0.0,0.0,0.0,0.0,0.0,0.0,0.0,0.0,0.0,0.0,1,36.63,6.25
182,US,US,Bing Ads,Generic,2024-06-12,188.11,Jun,2024,0.0,0.0,0.0,0.0,0.0,0.0,0.0,188.11,0.0,0.0,0.0,0.0,0.0,0.0,0.0,0.0,0.0,0.0,1,36.63,6.25
183,US,US,Bing Ads,Generic,2024-06-13,134.73000000000002,Jun,2024,0.0,0.0,0.0,0.0,0.0,0.0,0.0,134.73000000000002,0.0,0.0,0.0,0.0,0.0,0.0,0.0,0.0,0.0,0.0,1,36.63,6.25
184,US,US,Bing Ads,Generic,2024-06-14,126.27999999999999,Jun,2024,0.0,0.0,0.0,0.0,0.0,0.0,0.0,126.27999999999999,0.0,0.0,0.0,0.0,0.0,0.0,0.0,0.0,0.0,0.0,1,36.63,6.25
185,US,US,Bing Ads,Generic,2024-06-15,18.95,Jun,2024,0.0,0.0,0.0,0.0,0.0,0.0,0.0,18.95,0.0,0.0,0.0,0.0,0.0,0.0,0.0,0.0,0.0,0.0,1,36.63,6.25
186,US,US,Bing Ads,Generic,2024-06-16,8.98,Jun,2024,0.0,0.0,0.0,0.0,0.0,0.0,0.0,8.98,0.0,0.0,0.0,0.0,0.0,0.0,0.0,0.0,0.0,0.0,1,36.63,6.25
187,US,US,Bing Ads,Generic,2024-06-17,179.35000000000002,Jun,2024,0.0,0.0,0.0,0.0,0.0,0.0,0.0,179.35000000000002,0.0,0.0,0.0,0.0,0.0,0.0,0.0,0.0,0.0,0.0,0,36.63,6.25
188,US,US,Bing Ads,Generic,2024-06-18,157.2,Jun,2024,0.0,0.0,0.0,0.0,0.0,0.0,0.0,157.2,0.0,0.0,0.0,0.0,0.0,0.0,0.0,0.0,0.0,0.0,1,36.63,6.25
189,US,US,Bing Ads,Generic,2024-06-19,178.26999999999998,Jun,2024,0.0,0.0,0.0,0.0,0.0,0.0,0.0,178.26999999999998,0.0,0.0,0.0,0.0,0.0,0.0,0.0,0.0,0.0,0.0,1,36.63,6.25
190,US,US,Bing Ads,Generic,2024-06-20,221.15000000000003,Jun,2024,0.0,0.0,0.0,0.0,0.0,0.0,0.0,221.15000000000003,0.0,0.0,0.0,0.0,0.0,0.0,0.0,0.0,0.0,0.0,1,36.63,6.25
191,US,US,Bing Ads,Generic,2024-06-21,192.95999999999998,Jun,2024,0.0,0.0,0.0,0.0,0.0,0.0,0.0,192.95999999999998,0.0,0.0,0.0,0.0,0.0,0.0,0.0,0.0,0.0,0.0,1,36.63,6.25
192,US,US,Bing Ads,Generic,2024-06-22,51.04,Jun,2024,0.0,0.0,0.0,0.0,0.0,0.0,0.0,51.04,0.0,0.0,0.0,0.0,0.0,0.0,0.0,0.0,0.0,0.0,1,36.63,6.25
193,US,US,Bing Ads,Generic,2024-06-23,45.059999999999995,Jun,2024,0.0,0.0,0.0,0.0,0.0,0.0,0.0,45.059999999999995,0.0,0.0,0.0,0.0,0.0,0.0,0.0,0.0,0.0,0.0,1,36.63,6.25
194,US,US,Bing Ads,Generic,2024-06-24,186.66,Jun,2024,0.0,0.0,0.0,0.0,0.0,0.0,0.0,186.66,0.0,0.0,0.0,0.0,0.0,0.0,0.0,0.0,0.0,0.0,0,36.63,6.25
195,US,US,Bing Ads,Generic,2024-06-25,174.85000000000002,Jun,2024,0.0,0.0,0.0,0.0,0.0,0.0,0.0,174.85000000000002,0.0,0.0,0.0,0.0,0.0,0.0,0.0,0.0,0.0,0.0,1,36.63,6.25
196,US,US,Bing Ads,Generic,2024-06-26,164.29000000000002,Jun,2024,0.0,0.0,0.0,0.0,0.0,0.0,0.0,164.29000000000002,0.0,0.0,0.0,0.0,0.0,0.0,0.0,0.0,0.0,0.0,1,36.63,6.25
197,US,US,Bing Ads,Generic,2024-06-27,159.53,Jun,2024,0.0,0.0,0.0,0.0,0.0,0.0,0.0,159.53,0.0,0.0,0.0,0.0,0.0,0.0,0.0,0.0,0.0,0.0,1,36.63,6.25
198,US,US,Bing Ads,Generic,2024-06-28,171.58999999999997,Jun,2024,0.0,0.0,0.0,0.0,0.0,0.0,0.0,171.58999999999997,0.0,0.0,0.0,0.0,0.0,0.0,0.0,0.0,0.0,0.0,1,36.63,6.25
199,US,US,Bing Ads,Generic,2024-06-29,14.440000000000001,Jun,2024,0.0,0.0,0.0,0.0,0.0,0.0,0.0,14.440000000000001,0.0,0.0,0.0,0.0,0.0,0.0,0.0,0.0,0.0,0.0,1,36.63,6.25
200,US,US,Bing Ads,Generic,2024-06-30,21.24,Jun,2024,0.0,0.0,0.0,0.0,0.0,0.0,0.0,21.24,0.0,0.0,0.0,0.0,0.0,0.0,0.0,0.0,0.0,0.0,1,36.63,6.25
201,US,US,Google AdWords,Brand,2024-04-25,22082.19,Apr,2024,0.0,0.0,0.0,0.0,0.0,0.0,0.0,0.0,0.0,22082.19,0.0,0.0,0.0,0.0,0.0,0.0,0.0,0.0,1,34.54,22.33
202,US,US,Google AdWords,Brand,2024-04-26,20537.389999999992,Apr,2024,0.0,0.0,0.0,0.0,0.0,0.0,0.0,0.0,0.0,20537.389999999992,0.0,0.0,0.0,0.0,0.0,0.0,0.0,0.0,1,34.54,22.33
203,US,US,Google AdWords,Brand,2024-04-27,8643.680000000004,Apr,2024,0.0,0.0,0.0,0.0,0.0,0.0,0.0,0.0,0.0,8643.680000000004,0.0,0.0,0.0,0.0,0.0,0.0,0.0,0.0,1,34.54,22.33
204,US,US,Google AdWords,Brand,2024-04-28,9810.569999999998,Apr,2024,0.0,0.0,0.0,0.0,0.0,0.0,0.0,0.0,0.0,9810.569999999998,0.0,0.0,0.0,0.0,0.0,0.0,0.0,0.0,1,34.54,22.33
205,US,US,Google AdWords,Brand,2024-04-29,21824.519999999993,Apr,2024,0.0,0.0,0.0,0.0,0.0,0.0,0.0,0.0,0.0,21824.519999999993,0.0,0.0,0.0,0.0,0.0,0.0,0.0,0.0,0,34.54,22.33
206,US,US,Google AdWords,Brand,2024-04-30,23570.999999999993,Apr,2024,0.0,0.0,0.0,0.0,0.0,0.0,0.0,0.0,0.0,23570.999999999993,0.0,0.0,0.0,0.0,0.0,0.0,0.0,0.0,1,34.54,22.33
207,US,US,Google AdWords,Brand,2024-05-01,21028.86,May,2024,0.0,0.0,0.0,0.0,0.0,0.0,0.0,0.0,0.0,0.0,0.0,21028.86,0.0,0.0,0.0,0.0,0.0,0.0,1,34.54,22.33
208,US,US,Google AdWords,Brand,2024-05-02,21540.359999999993,May,2024,0.0,0.0,0.0,0.0,0.0,0.0,0.0,0.0,0.0,0.0,0.0,21540.359999999993,0.0,0.0,0.0,0.0,0.0,0.0,1,34.54,22.33
209,US,US,Google AdWords,Brand,2024-05-03,20998.83,May,2024,0.0,0.0,0.0,0.0,0.0,0.0,0.0,0.0,0.0,0.0,0.0,20998.83,0.0,0.0,0.0,0.0,0.0,0.0,1,34.54,22.33
210,US,US,Google AdWords,Brand,2024-05-04,7967.909999999999,May,2024,0.0,0.0,0.0,0.0,0.0,0.0,0.0,0.0,0.0,0.0,0.0,7967.909999999999,0.0,0.0,0.0,0.0,0.0,0.0,1,34.54,22.33
211,US,US,Google AdWords,Brand,2024-05-05,8129.120000000001,May,2024,0.0,0.0,0.0,0.0,0.0,0.0,0.0,0.0,0.0,0.0,0.0,8129.120000000001,0.0,0.0,0.0,0.0,0.0,0.0,1,34.54,22.33
212,US,US,Google AdWords,Brand,2024-05-06,29690.489999999998,May,2024,0.0,0.0,0.0,0.0,0.0,0.0,0.0,0.0,0.0,0.0,0.0,29690.489999999998,0.0,0.0,0.0,0.0,0.0,0.0,0,34.54,22.33
213,US,US,Google AdWords,Brand,2024-05-07,24226.890000000003,May,2024,0.0,0.0,0.0,0.0,0.0,0.0,0.0,0.0,0.0,0.0,0.0,24226.890000000003,0.0,0.0,0.0,0.0,0.0,0.0,1,34.54,22.33
214,US,US,Google AdWords,Brand,2024-05-08,16518.230000000007,May,2024,0.0,0.0,0.0,0.0,0.0,0.0,0.0,0.0,0.0,0.0,0.0,16518.230000000007,0.0,0.0,0.0,0.0,0.0,0.0,1,34.54,22.33
215,US,US,Google AdWords,Brand,2024-05-09,17926.879999999997,May,2024,0.0,0.0,0.0,0.0,0.0,0.0,0.0,0.0,0.0,0.0,0.0,17926.879999999997,0.0,0.0,0.0,0.0,0.0,0.0,1,34.54,22.33
216,US,US,Google AdWords,Brand,2024-05-10,16853.979999999992,May,2024,0.0,0.0,0.0,0.0,0.0,0.0,0.0,0.0,0.0,0.0,0.0,16853.979999999992,0.0,0.0,0.0,0.0,0.0,0.0,1,34.54,22.33
217,US,US,Google AdWords,Brand,2024-05-11,9676.699999999997,May,2024,0.0,0.0,0.0,0.0,0.0,0.0,0.0,0.0,0.0,0.0,0.0,9676.699999999997,0.0,0.0,0.0,0.0,0.0,0.0,1,34.54,22.33
218,US,US,Google AdWords,Brand,2024-05-12,10891.72,May,2024,0.0,0.0,0.0,0.0,0.0,0.0,0.0,0.0,0.0,0.0,0.0,10891.72,0.0,0.0,0.0,0.0,0.0,0.0,1,34.54,22.33
219,US,US,Google AdWords,Brand,2024-05-13,19486.059999999998,May,2024,0.0,0.0,0.0,0.0,0.0,0.0,0.0,0.0,0.0,0.0,0.0,19486.059999999998,0.0,0.0,0.0,0.0,0.0,0.0,0,34.54,22.33
220,US,US,Google AdWords,Brand,2024-05-14,18727.389999999985,May,2024,0.0,0.0,0.0,0.0,0.0,0.0,0.0,0.0,0.0,0.0,0.0,18727.389999999985,0.0,0.0,0.0,0.0,0.0,0.0,1,34.54,22.33
221,US,US,Google AdWords,Brand,2024-05-15,16316.660000000003,May,2024,0.0,0.0,0.0,0.0,0.0,0.0,0.0,0.0,0.0,0.0,0.0,16316.660000000003,0.0,0.0,0.0,0.0,0.0,0.0,1,34.54,22.33
222,US,US,Google AdWords,Brand,2024-05-16,17392.139999999996,May,2024,0.0,0.0,0.0,0.0,0.0,0.0,0.0,0.0,0.0,0.0,0.0,17392.139999999996,0.0,0.0,0.0,0.0,0.0,0.0,1,34.54,22.33
223,US,US,Google AdWords,Brand,2024-05-17,16218.99,May,2024,0.0,0.0,0.0,0.0,0.0,0.0,0.0,0.0,0.0,0.0,0.0,16218.99,0.0,0.0,0.0,0.0,0.0,0.0,1,34.54,22.33
224,US,US,Google AdWords,Brand,2024-05-18,9138.69,May,2024,0.0,0.0,0.0,0.0,0.0,0.0,0.0,0.0,0.0,0.0,0.0,9138.69,0.0,0.0,0.0,0.0,0.0,0.0,1,34.54,22.33
225,US,US,Google AdWords,Brand,2024-05-19,8835.359999999997,May,2024,0.0,0.0,0.0,0.0,0.0,0.0,0.0,0.0,0.0,0.0,0.0,8835.359999999997,0.0,0.0,0.0,0.0,0.0,0.0,1,34.54,22.33
226,US,US,Google AdWords,Brand,2024-05-20,21871.030000000002,May,2024,0.0,0.0,0.0,0.0,0.0,0.0,0.0,0.0,0.0,0.0,0.0,21871.030000000002,0.0,0.0,0.0,0.0,0.0,0.0,0,34.54,22.33
227,US,US,Google AdWords,Brand,2024-05-21,19393.310000000005,May,2024,0.0,0.0,0.0,0.0,0.0,0.0,0.0,0.0,0.0,0.0,0.0,19393.310000000005,0.0,0.0,0.0,0.0,0.0,0.0,1,34.54,22.33
228,US,US,Google AdWords,Brand,2024-05-22,17325.19,May,2024,0.0,0.0,0.0,0.0,0.0,0.0,0.0,0.0,0.0,0.0,0.0,17325.19,0.0,0.0,0.0,0.0,0.0,0.0,1,34.54,22.33
229,US,US,Google AdWords,Brand,2024-05-23,19068.260000000002,May,2024,0.0,0.0,0.0,0.0,0.0,0.0,0.0,0.0,0.0,0.0,0.0,19068.260000000002,0.0,0.0,0.0,0.0,0.0,0.0,1,34.54,22.33
230,US,US,Google AdWords,Brand,2024-05-24,18261.390000000007,May,2024,0.0,0.0,0.0,0.0,0.0,0.0,0.0,0.0,0.0,0.0,0.0,18261.390000000007,0.0,0.0,0.0,0.0,0.0,0.0,1,34.54,22.33
231,US,US,Google AdWords,Brand,2024-05-25,18602.911212121213,May,2024,0.0,0.0,0.0,0.0,0.0,0.0,0.0,0.0,0.0,0.0,0.0,18602.911212121213,0.0,0.0,0.0,0.0,0.0,0.0,1,34.54,22.33
232,US,US,Google AdWords,Brand,2024-05-26,1.74,May,2024,0.0,0.0,0.0,0.0,0.0,0.0,0.0,0.0,0.0,0.0,0.0,1.74,0.0,0.0,0.0,0.0,0.0,0.0,1,34.54,22.33
233,US,US,Google AdWords,Brand,2024-05-27,7395.279999999999,May,2024,0.0,0.0,0.0,0.0,0.0,0.0,0.0,0.0,0.0,0.0,0.0,7395.279999999999,0.0,0.0,0.0,0.0,0.0,0.0,0,34.54,22.33
234,US,US,Google AdWords,Brand,2024-05-28,3482.2700000000004,May,2024,0.0,0.0,0.0,0.0,0.0,0.0,0.0,0.0,0.0,0.0,0.0,3482.2700000000004,0.0,0.0,0.0,0.0,0.0,0.0,1,34.54,22.33
235,US,US,Google AdWords,Brand,2024-05-29,17505.690000000006,May,2024,0.0,0.0,0.0,0.0,0.0,0.0,0.0,0.0,0.0,0.0,0.0,17505.690000000006,0.0,0.0,0.0,0.0,0.0,0.0,1,34.54,22.33
236,US,US,Google AdWords,Brand,2024-05-30,29877.55000000001,May,2024,0.0,0.0,0.0,0.0,0.0,0.0,0.0,0.0,0.0,0.0,0.0,29877.55000000001,0.0,0.0,0.0,0.0,0.0,0.0,1,34.54,22.33
237,US,US,Google AdWords,Brand,2024-05-31,25566.66,May,2024,0.0,0.0,0.0,0.0,0.0,0.0,0.0,0.0,0.0,0.0,0.0,25566.66,0.0,0.0,0.0,0.0,0.0,0.0,1,34.54,22.33
238,US,US,Google AdWords,Brand,2024-06-01,9871.75,Jun,2024,0.0,0.0,0.0,0.0,0.0,0.0,0.0,0.0,0.0,0.0,9871.75,0.0,0.0,0.0,0.0,0.0,0.0,0.0,1,34.54,22.33
239,US,US,Google AdWords,Brand,2024-06-02,8966.810000000001,Jun,2024,0.0,0.0,0.0,0.0,0.0,0.0,0.0,0.0,0.0,0.0,8966.810000000001,0.0,0.0,0.0,0.0,0.0,0.0,0.0,1,34.54,22.33
240,US,US,Google AdWords,Brand,2024-06-03,37380.85000000001,Jun,2024,0.0,0.0,0.0,0.0,0.0,0.0,0.0,0.0,0.0,0.0,37380.85000000001,0.0,0.0,0.0,0.0,0.0,0.0,0.0,0,34.54,22.33
241,US,US,Google AdWords,Brand,2024-06-04,25742.02999999999,Jun,2024,0.0,0.0,0.0,0.0,0.0,0.0,0.0,0.0,0.0,0.0,25742.02999999999,0.0,0.0,0.0,0.0,0.0,0.0,0.0,1,34.54,22.33
242,US,US,Google AdWords,Brand,2024-06-05,22434.99,Jun,2024,0.0,0.0,0.0,0.0,0.0,0.0,0.0,0.0,0.0,0.0,22434.99,0.0,0.0,0.0,0.0,0.0,0.0,0.0,1,34.54,22.33
243,US,US,Google AdWords,Brand,2024-06-06,24765.16,Jun,2024,0.0,0.0,0.0,0.0,0.0,0.0,0.0,0.0,0.0,0.0,24765.16,0.0,0.0,0.0,0.0,0.0,0.0,0.0,1,34.54,22.33
244,US,US,Google AdWords,Brand,2024-06-07,23229.160000000003,Jun,2024,0.0,0.0,0.0,0.0,0.0,0.0,0.0,0.0,0.0,0.0,23229.160000000003,0.0,0.0,0.0,0.0,0.0,0.0,0.0,1,34.54,22.33
245,US,US,Google AdWords,Brand,2024-06-08,8033.870000000002,Jun,2024,0.0,0.0,0.0,0.0,0.0,0.0,0.0,0.0,0.0,0.0,8033.870000000002,0.0,0.0,0.0,0.0,0.0,0.0,0.0,1,34.54,22.33
246,US,US,Google AdWords,Brand,2024-06-09,8411.960000000003,Jun,2024,0.0,0.0,0.0,0.0,0.0,0.0,0.0,0.0,0.0,0.0,8411.960000000003,0.0,0.0,0.0,0.0,0.0,0.0,0.0,1,34.54,22.33
247,US,US,Google AdWords,Brand,2024-06-10,37442.81999999999,Jun,2024,0.0,0.0,0.0,0.0,0.0,0.0,0.0,0.0,0.0,0.0,37442.81999999999,0.0,0.0,0.0,0.0,0.0,0.0,0.0,0,34.54,22.33
248,US,US,Google AdWords,Brand,2024-06-11,26775.82000000001,Jun,2024,0.0,0.0,0.0,0.0,0.0,0.0,0.0,0.0,0.0,0.0,26775.82000000001,0.0,0.0,0.0,0.0,0.0,0.0,0.0,1,34.54,22.33
249,US,US,Google AdWords,Brand,2024-06-12,25352.179999999993,Jun,2024,0.0,0.0,0.0,0.0,0.0,0.0,0.0,0.0,0.0,0.0,25352.179999999993,0.0,0.0,0.0,0.0,0.0,0.0,0.0,1,34.54,22.33
250,US,US,Google AdWords,Brand,2024-06-13,27551.269999999997,Jun,2024,0.0,0.0,0.0,0.0,0.0,0.0,0.0,0.0,0.0,0.0,27551.269999999997,0.0,0.0,0.0,0.0,0.0,0.0,0.0,1,34.54,22.33
251,US,US,Google AdWords,Brand,2024-06-14,24730.210000000003,Jun,2024,0.0,0.0,0.0,0.0,0.0,0.0,0.0,0.0,0.0,0.0,24730.210000000003,0.0,0.0,0.0,0.0,0.0,0.0,0.0,1,34.54,22.33
252,US,US,Google AdWords,Brand,2024-06-15,6255.410000000002,Jun,2024,0.0,0.0,0.0,0.0,0.0,0.0,0.0,0.0,0.0,0.0,6255.410000000002,0.0,0.0,0.0,0.0,0.0,0.0,0.0,1,34.54,22.33
253,US,US,Google AdWords,Brand,2024-06-16,6089.430000000003,Jun,2024,0.0,0.0,0.0,0.0,0.0,0.0,0.0,0.0,0.0,0.0,6089.430000000003,0.0,0.0,0.0,0.0,0.0,0.0,0.0,1,34.54,22.33
254,US,US,Google AdWords,Brand,2024-06-17,35019.919999999984,Jun,2024,0.0,0.0,0.0,0.0,0.0,0.0,0.0,0.0,0.0,0.0,35019.919999999984,0.0,0.0,0.0,0.0,0.0,0.0,0.0,0,34.54,22.33
255,US,US,Google AdWords,Brand,2024-06-18,36212.78000000003,Jun,2024,0.0,0.0,0.0,0.0,0.0,0.0,0.0,0.0,0.0,0.0,36212.78000000003,0.0,0.0,0.0,0.0,0.0,0.0,0.0,1,34.54,22.33
256,US,US,Google AdWords,Brand,2024-06-19,21055.03999999999,Jun,2024,0.0,0.0,0.0,0.0,0.0,0.0,0.0,0.0,0.0,0.0,21055.03999999999,0.0,0.0,0.0,0.0,0.0,0.0,0.0,1,34.54,22.33
257,US,US,Google AdWords,Brand,2024-06-20,22601.650000000005,Jun,2024,0.0,0.0,0.0,0.0,0.0,0.0,0.0,0.0,0.0,0.0,22601.650000000005,0.0,0.0,0.0,0.0,0.0,0.0,0.0,1,34.54,22.33
258,US,US,Google AdWords,Brand,2024-06-21,23390.049999999992,Jun,2024,0.0,0.0,0.0,0.0,0.0,0.0,0.0,0.0,0.0,0.0,23390.049999999992,0.0,0.0,0.0,0.0,0.0,0.0,0.0,1,34.54,22.33
259,US,US,Google AdWords,Brand,2024-06-22,9445.210000000005,Jun,2024,0.0,0.0,0.0,0.0,0.0,0.0,0.0,0.0,0.0,0.0,9445.210000000005,0.0,0.0,0.0,0.0,0.0,0.0,0.0,1,34.54,22.33
260,US,US,Google AdWords,Brand,2024-06-23,9602.119999999999,Jun,2024,0.0,0.0,0.0,0.0,0.0,0.0,0.0,0.0,0.0,0.0,9602.119999999999,0.0,0.0,0.0,0.0,0.0,0.0,0.0,1,34.54,22.33
261,US,US,Google AdWords,Brand,2024-06-24,33207.44999999998,Jun,2024,0.0,0.0,0.0,0.0,0.0,0.0,0.0,0.0,0.0,0.0,33207.44999999998,0.0,0.0,0.0,0.0,0.0,0.0,0.0,0,34.54,22.33
262,US,US,Google AdWords,Brand,2024-06-25,30324.35999999999,Jun,2024,0.0,0.0,0.0,0.0,0.0,0.0,0.0,0.0,0.0,0.0,30324.35999999999,0.0,0.0,0.0,0.0,0.0,0.0,0.0,1,34.54,22.33
263,US,US,Google AdWords,Brand,2024-06-26,24418.7,Jun,2024,0.0,0.0,0.0,0.0,0.0,0.0,0.0,0.0,0.0,0.0,24418.7,0.0,0.0,0.0,0.0,0.0,0.0,0.0,1,34.54,22.33
264,US,US,Google AdWords,Brand,2024-06-27,21396.269999999997,Jun,2024,0.0,0.0,0.0,0.0,0.0,0.0,0.0,0.0,0.0,0.0,21396.269999999997,0.0,0.0,0.0,0.0,0.0,0.0,0.0,1,34.54,22.33
265,US,US,Google AdWords,Brand,2024-06-28,21315.120000000003,Jun,2024,0.0,0.0,0.0,0.0,0.0,0.0,0.0,0.0,0.0,0.0,21315.120000000003,0.0,0.0,0.0,0.0,0.0,0.0,0.0,1,34.54,22.33
266,US,US,Google AdWords,Brand,2024-06-29,10135.820000000002,Jun,2024,0.0,0.0,0.0,0.0,0.0,0.0,0.0,0.0,0.0,0.0,10135.820000000002,0.0,0.0,0.0,0.0,0.0,0.0,0.0,1,34.54,22.33
267,US,US,Google AdWords,Brand,2024-06-30,8850.950000000004,Jun,2024,0.0,0.0,0.0,0.0,0.0,0.0,0.0,0.0,0.0,0.0,8850.950000000004,0.0,0.0,0.0,0.0,0.0,0.0,0.0,1,34.54,22.33
268,US,US,Google AdWords,Competitor,2024-04-25,1951.86,Apr,2024,0.0,0.0,0.0,0.0,0.0,0.0,0.0,0.0,0.0,0.0,0.0,0.0,1951.86,0.0,0.0,0.0,0.0,0.0,1,32.36,33.84
269,US,US,Google AdWords,Competitor,2024-04-26,1648.98,Apr,2024,0.0,0.0,0.0,0.0,0.0,0.0,0.0,0.0,0.0,0.0,0.0,0.0,1648.98,0.0,0.0,0.0,0.0,0.0,1,32.36,33.84
270,US,US,Google AdWords,Competitor,2024-04-27,205.7,Apr,2024,0.0,0.0,0.0,0.0,0.0,0.0,0.0,0.0,0.0,0.0,0.0,0.0,205.7,0.0,0.0,0.0,0.0,0.0,1,32.36,33.84
271,US,US,Google AdWords,Competitor,2024-04-28,140.07,Apr,2024,0.0,0.0,0.0,0.0,0.0,0.0,0.0,0.0,0.0,0.0,0.0,0.0,140.07,0.0,0.0,0.0,0.0,0.0,1,32.36,33.84
272,US,US,Google AdWords,Competitor,2024-04-29,2238.01,Apr,2024,0.0,0.0,0.0,0.0,0.0,0.0,0.0,0.0,0.0,0.0,0.0,0.0,2238.01,0.0,0.0,0.0,0.0,0.0,0,32.36,33.84
273,US,US,Google AdWords,Competitor,2024-04-30,2781.36,Apr,2024,0.0,0.0,0.0,0.0,0.0,0.0,0.0,0.0,0.0,0.0,0.0,0.0,2781.36,0.0,0.0,0.0,0.0,0.0,1,32.36,33.84
274,US,US,Google AdWords,Competitor,2024-05-01,2165.3600000000006,May,2024,0.0,0.0,0.0,0.0,0.0,0.0,0.0,0.0,0.0,0.0,0.0,0.0,0.0,0.0,2165.3600000000006,0.0,0.0,0.0,1,32.36,33.84
275,US,US,Google AdWords,Competitor,2024-05-02,1072.29,May,2024,0.0,0.0,0.0,0.0,0.0,0.0,0.0,0.0,0.0,0.0,0.0,0.0,0.0,0.0,1072.29,0.0,0.0,0.0,1,32.36,33.84
276,US,US,Google AdWords,Competitor,2024-05-03,1286.04,May,2024,0.0,0.0,0.0,0.0,0.0,0.0,0.0,0.0,0.0,0.0,0.0,0.0,0.0,0.0,1286.04,0.0,0.0,0.0,1,32.36,33.84
277,US,US,Google AdWords,Competitor,2024-05-04,86.51,May,2024,0.0,0.0,0.0,0.0,0.0,0.0,0.0,0.0,0.0,0.0,0.0,0.0,0.0,0.0,86.51,0.0,0.0,0.0,1,32.36,33.84
278,US,US,Google AdWords,Competitor,2024-05-05,143.76,May,2024,0.0,0.0,0.0,0.0,0.0,0.0,0.0,0.0,0.0,0.0,0.0,0.0,0.0,0.0,143.76,0.0,0.0,0.0,1,32.36,33.84
279,US,US,Google AdWords,Competitor,2024-05-06,767.24,May,2024,0.0,0.0,0.0,0.0,0.0,0.0,0.0,0.0,0.0,0.0,0.0,0.0,0.0,0.0,767.24,0.0,0.0,0.0,0,32.36,33.84
280,US,US,Google AdWords,Competitor,2024-05-07,816.7100000000002,May,2024,0.0,0.0,0.0,0.0,0.0,0.0,0.0,0.0,0.0,0.0,0.0,0.0,0.0,0.0,816.7100000000002,0.0,0.0,0.0,1,32.36,33.84
281,US,US,Google AdWords,Competitor,2024-05-08,586.0100000000001,May,2024,0.0,0.0,0.0,0.0,0.0,0.0,0.0,0.0,0.0,0.0,0.0,0.0,0.0,0.0,586.0100000000001,0.0,0.0,0.0,1,32.36,33.84
282,US,US,Google AdWords,Competitor,2024-05-09,738.73,May,2024,0.0,0.0,0.0,0.0,0.0,0.0,0.0,0.0,0.0,0.0,0.0,0.0,0.0,0.0,738.73,0.0,0.0,0.0,1,32.36,33.84
283,US,US,Google AdWords,Competitor,2024-05-10,1145.21,May,2024,0.0,0.0,0.0,0.0,0.0,0.0,0.0,0.0,0.0,0.0,0.0,0.0,0.0,0.0,1145.21,0.0,0.0,0.0,1,32.36,33.84
284,US,US,Google AdWords,Competitor,2024-05-11,126.69999999999999,May,2024,0.0,0.0,0.0,0.0,0.0,0.0,0.0,0.0,0.0,0.0,0.0,0.0,0.0,0.0,126.69999999999999,0.0,0.0,0.0,1,32.36,33.84
285,US,US,Google AdWords,Competitor,2024-05-12,194.13,May,2024,0.0,0.0,0.0,0.0,0.0,0.0,0.0,0.0,0.0,0.0,0.0,0.0,0.0,0.0,194.13,0.0,0.0,0.0,1,32.36,33.84
286,US,US,Google AdWords,Competitor,2024-05-13,2062.62,May,2024,0.0,0.0,0.0,0.0,0.0,0.0,0.0,0.0,0.0,0.0,0.0,0.0,0.0,0.0,2062.62,0.0,0.0,0.0,0,32.36,33.84
287,US,US,Google AdWords,Competitor,2024-05-14,1891.5700000000002,May,2024,0.0,0.0,0.0,0.0,0.0,0.0,0.0,0.0,0.0,0.0,0.0,0.0,0.0,0.0,1891.5700000000002,0.0,0.0,0.0,1,32.36,33.84
288,US,US,Google AdWords,Competitor,2024-05-15,1528.31,May,2024,0.0,0.0,0.0,0.0,0.0,0.0,0.0,0.0,0.0,0.0,0.0,0.0,0.0,0.0,1528.31,0.0,0.0,0.0,1,32.36,33.84
289,US,US,Google AdWords,Competitor,2024-05-16,1450.18,May,2024,0.0,0.0,0.0,0.0,0.0,0.0,0.0,0.0,0.0,0.0,0.0,0.0,0.0,0.0,1450.18,0.0,0.0,0.0,1,32.36,33.84
290,US,US,Google AdWords,Competitor,2024-05-17,1034.5600000000002,May,2024,0.0,0.0,0.0,0.0,0.0,0.0,0.0,0.0,0.0,0.0,0.0,0.0,0.0,0.0,1034.5600000000002,0.0,0.0,0.0,1,32.36,33.84
291,US,US,Google AdWords,Competitor,2024-05-18,147.85,May,2024,0.0,0.0,0.0,0.0,0.0,0.0,0.0,0.0,0.0,0.0,0.0,0.0,0.0,0.0,147.85,0.0,0.0,0.0,1,32.36,33.84
292,US,US,Google AdWords,Competitor,2024-05-19,155.10000000000002,May,2024,0.0,0.0,0.0,0.0,0.0,0.0,0.0,0.0,0.0,0.0,0.0,0.0,0.0,0.0,155.10000000000002,0.0,0.0,0.0,1,32.36,33.84
293,US,US,Google AdWords,Competitor,2024-05-20,1952.7200000000003,May,2024,0.0,0.0,0.0,0.0,0.0,0.0,0.0,0.0,0.0,0.0,0.0,0.0,0.0,0.0,1952.7200000000003,0.0,0.0,0.0,0,32.36,33.84
294,US,US,Google AdWords,Competitor,2024-05-21,1523.3200000000002,May,2024,0.0,0.0,0.0,0.0,0.0,0.0,0.0,0.0,0.0,0.0,0.0,0.0,0.0,0.0,1523.3200000000002,0.0,0.0,0.0,1,32.36,33.84
295,US,US,Google AdWords,Competitor,2024-05-22,989.85,May,2024,0.0,0.0,0.0,0.0,0.0,0.0,0.0,0.0,0.0,0.0,0.0,0.0,0.0,0.0,989.85,0.0,0.0,0.0,1,32.36,33.84
296,US,US,Google AdWords,Competitor,2024-05-23,831.3699999999999,May,2024,0.0,0.0,0.0,0.0,0.0,0.0,0.0,0.0,0.0,0.0,0.0,0.0,0.0,0.0,831.3699999999999,0.0,0.0,0.0,1,32.36,33.84
297,US,US,Google AdWords,Competitor,2024-05-24,813.65,May,2024,0.0,0.0,0.0,0.0,0.0,0.0,0.0,0.0,0.0,0.0,0.0,0.0,0.0,0.0,813.65,0.0,0.0,0.0,1,32.36,33.84
298,US,US,Google AdWords,Competitor,2024-05-25,904.4154687500001,May,2024,0.0,0.0,0.0,0.0,0.0,0.0,0.0,0.0,0.0,0.0,0.0,0.0,0.0,0.0,904.4154687500001,0.0,0.0,0.0,1,32.36,33.84
299,US,US,Google AdWords,Competitor,2024-05-26,904.4154687500001,May,2024,0.0,0.0,0.0,0.0,0.0,0.0,0.0,0.0,0.0,0.0,0.0,0.0,0.0,0.0,904.4154687500001,0.0,0.0,0.0,1,32.36,33.84
300,US,US,Google AdWords,Competitor,2024-05-27,111.43,May,2024,0.0,0.0,0.0,0.0,0.0,0.0,0.0,0.0,0.0,0.0,0.0,0.0,0.0,0.0,111.43,0.0,0.0,0.0,0,32.36,33.84
301,US,US,Google AdWords,Competitor,2024-05-28,904.4154687500001,May,2024,0.0,0.0,0.0,0.0,0.0,0.0,0.0,0.0,0.0,0.0,0.0,0.0,0.0,0.0,904.4154687500001,0.0,0.0,0.0,1,32.36,33.84
302,US,US,Google AdWords,Competitor,2024-05-29,298.47,May,2024,0.0,0.0,0.0,0.0,0.0,0.0,0.0,0.0,0.0,0.0,0.0,0.0,0.0,0.0,298.47,0.0,0.0,0.0,1,32.36,33.84
303,US,US,Google AdWords,Competitor,2024-05-30,1118.0600000000002,May,2024,0.0,0.0,0.0,0.0,0.0,0.0,0.0,0.0,0.0,0.0,0.0,0.0,0.0,0.0,1118.0600000000002,0.0,0.0,0.0,1,32.36,33.84
304,US,US,Google AdWords,Competitor,2024-05-31,890.49,May,2024,0.0,0.0,0.0,0.0,0.0,0.0,0.0,0.0,0.0,0.0,0.0,0.0,0.0,0.0,890.49,0.0,0.0,0.0,1,32.36,33.84
305,US,US,Google AdWords,Competitor,2024-06-01,96.17999999999999,Jun,2024,0.0,0.0,0.0,0.0,0.0,0.0,0.0,0.0,0.0,0.0,0.0,0.0,0.0,96.17999999999999,0.0,0.0,0.0,0.0,1,32.36,33.84
306,US,US,Google AdWords,Competitor,2024-06-02,49.36,Jun,2024,0.0,0.0,0.0,0.0,0.0,0.0,0.0,0.0,0.0,0.0,0.0,0.0,0.0,49.36,0.0,0.0,0.0,0.0,1,32.36,33.84
307,US,US,Google AdWords,Competitor,2024-06-03,1233.8799999999999,Jun,2024,0.0,0.0,0.0,0.0,0.0,0.0,0.0,0.0,0.0,0.0,0.0,0.0,0.0,1233.8799999999999,0.0,0.0,0.0,0.0,0,32.36,33.84
308,US,US,Google AdWords,Competitor,2024-06-04,1164.7899999999997,Jun,2024,0.0,0.0,0.0,0.0,0.0,0.0,0.0,0.0,0.0,0.0,0.0,0.0,0.0,1164.7899999999997,0.0,0.0,0.0,0.0,1,32.36,33.84
309,US,US,Google AdWords,Competitor,2024-06-05,877.5699999999999,Jun,2024,0.0,0.0,0.0,0.0,0.0,0.0,0.0,0.0,0.0,0.0,0.0,0.0,0.0,877.5699999999999,0.0,0.0,0.0,0.0,1,32.36,33.84
310,US,US,Google AdWords,Competitor,2024-06-06,1662.66,Jun,2024,0.0,0.0,0.0,0.0,0.0,0.0,0.0,0.0,0.0,0.0,0.0,0.0,0.0,1662.66,0.0,0.0,0.0,0.0,1,32.36,33.84
311,US,US,Google AdWords,Competitor,2024-06-07,1171.72,Jun,2024,0.0,0.0,0.0,0.0,0.0,0.0,0.0,0.0,0.0,0.0,0.0,0.0,0.0,1171.72,0.0,0.0,0.0,0.0,1,32.36,33.84
312,US,US,Google AdWords,Competitor,2024-06-08,95.78,Jun,2024,0.0,0.0,0.0,0.0,0.0,0.0,0.0,0.0,0.0,0.0,0.0,0.0,0.0,95.78,0.0,0.0,0.0,0.0,1,32.36,33.84
313,US,US,Google AdWords,Competitor,2024-06-09,91.29,Jun,2024,0.0,0.0,0.0,0.0,0.0,0.0,0.0,0.0,0.0,0.0,0.0,0.0,0.0,91.29,0.0,0.0,0.0,0.0,1,32.36,33.84
314,US,US,Google AdWords,Competitor,2024-06-10,1929.6200000000003,Jun,2024,0.0,0.0,0.0,0.0,0.0,0.0,0.0,0.0,0.0,0.0,0.0,0.0,0.0,1929.6200000000003,0.0,0.0,0.0,0.0,0,32.36,33.84
315,US,US,Google AdWords,Competitor,2024-06-11,1625.6500000000003,Jun,2024,0.0,0.0,0.0,0.0,0.0,0.0,0.0,0.0,0.0,0.0,0.0,0.0,0.0,1625.6500000000003,0.0,0.0,0.0,0.0,1,32.36,33.84
316,US,US,Google AdWords,Competitor,2024-06-12,1591.8999999999999,Jun,2024,0.0,0.0,0.0,0.0,0.0,0.0,0.0,0.0,0.0,0.0,0.0,0.0,0.0,1591.8999999999999,0.0,0.0,0.0,0.0,1,32.36,33.84
317,US,US,Google AdWords,Competitor,2024-06-13,1223.2,Jun,2024,0.0,0.0,0.0,0.0,0.0,0.0,0.0,0.0,0.0,0.0,0.0,0.0,0.0,1223.2,0.0,0.0,0.0,0.0,1,32.36,33.84
318,US,US,Google AdWords,Competitor,2024-06-14,1211.22,Jun,2024,0.0,0.0,0.0,0.0,0.0,0.0,0.0,0.0,0.0,0.0,0.0,0.0,0.0,1211.22,0.0,0.0,0.0,0.0,1,32.36,33.84
319,US,US,Google AdWords,Competitor,2024-06-15,61.53,Jun,2024,0.0,0.0,0.0,0.0,0.0,0.0,0.0,0.0,0.0,0.0,0.0,0.0,0.0,61.53,0.0,0.0,0.0,0.0,1,32.36,33.84
320,US,US,Google AdWords,Competitor,2024-06-16,38.22,Jun,2024,0.0,0.0,0.0,0.0,0.0,0.0,0.0,0.0,0.0,0.0,0.0,0.0,0.0,38.22,0.0,0.0,0.0,0.0,1,32.36,33.84
321,US,US,Google AdWords,Competitor,2024-06-17,1063.8400000000001,Jun,2024,0.0,0.0,0.0,0.0,0.0,0.0,0.0,0.0,0.0,0.0,0.0,0.0,0.0,1063.8400000000001,0.0,0.0,0.0,0.0,0,32.36,33.84
322,US,US,Google AdWords,Competitor,2024-06-18,1279.6300000000003,Jun,2024,0.0,0.0,0.0,0.0,0.0,0.0,0.0,0.0,0.0,0.0,0.0,0.0,0.0,1279.6300000000003,0.0,0.0,0.0,0.0,1,32.36,33.84
323,US,US,Google AdWords,Competitor,2024-06-19,1025.58,Jun,2024,0.0,0.0,0.0,0.0,0.0,0.0,0.0,0.0,0.0,0.0,0.0,0.0,0.0,1025.58,0.0,0.0,0.0,0.0,1,32.36,33.84
324,US,US,Google AdWords,Competitor,2024-06-20,785.48,Jun,2024,0.0,0.0,0.0,0.0,0.0,0.0,0.0,0.0,0.0,0.0,0.0,0.0,0.0,785.48,0.0,0.0,0.0,0.0,1,32.36,33.84
325,US,US,Google AdWords,Competitor,2024-06-21,502.68000000000006,Jun,2024,0.0,0.0,0.0,0.0,0.0,0.0,0.0,0.0,0.0,0.0,0.0,0.0,0.0,502.68000000000006,0.0,0.0,0.0,0.0,1,32.36,33.84
326,US,US,Google AdWords,Competitor,2024-06-22,30.45,Jun,2024,0.0,0.0,0.0,0.0,0.0,0.0,0.0,0.0,0.0,0.0,0.0,0.0,0.0,30.45,0.0,0.0,0.0,0.0,1,32.36,33.84
327,US,US,Google AdWords,Competitor,2024-06-23,16.5,Jun,2024,0.0,0.0,0.0,0.0,0.0,0.0,0.0,0.0,0.0,0.0,0.0,0.0,0.0,16.5,0.0,0.0,0.0,0.0,1,32.36,33.84
328,US,US,Google AdWords,Competitor,2024-06-24,987.01,Jun,2024,0.0,0.0,0.0,0.0,0.0,0.0,0.0,0.0,0.0,0.0,0.0,0.0,0.0,987.01,0.0,0.0,0.0,0.0,0,32.36,33.84
329,US,US,Google AdWords,Competitor,2024-06-25,963.46,Jun,2024,0.0,0.0,0.0,0.0,0.0,0.0,0.0,0.0,0.0,0.0,0.0,0.0,0.0,963.46,0.0,0.0,0.0,0.0,1,32.36,33.84
330,US,US,Google AdWords,Competitor,2024-06-26,1030.18,Jun,2024,0.0,0.0,0.0,0.0,0.0,0.0,0.0,0.0,0.0,0.0,0.0,0.0,0.0,1030.18,0.0,0.0,0.0,0.0,1,32.36,33.84
331,US,US,Google AdWords,Competitor,2024-06-27,733.49,Jun,2024,0.0,0.0,0.0,0.0,0.0,0.0,0.0,0.0,0.0,0.0,0.0,0.0,0.0,733.49,0.0,0.0,0.0,0.0,1,32.36,33.84
332,US,US,Google AdWords,Competitor,2024-06-28,409.0399999999999,Jun,2024,0.0,0.0,0.0,0.0,0.0,0.0,0.0,0.0,0.0,0.0,0.0,0.0,0.0,409.0399999999999,0.0,0.0,0.0,0.0,1,32.36,33.84
333,US,US,Google AdWords,Competitor,2024-06-29,8.1,Jun,2024,0.0,0.0,0.0,0.0,0.0,0.0,0.0,0.0,0.0,0.0,0.0,0.0,0.0,8.1,0.0,0.0,0.0,0.0,1,32.36,33.84
334,US,US,Google AdWords,Competitor,2024-06-30,28.36,Jun,2024,0.0,0.0,0.0,0.0,0.0,0.0,0.0,0.0,0.0,0.0,0.0,0.0,0.0,28.36,0.0,0.0,0.0,0.0,1,32.36,33.84
335,US,US,Google AdWords,Generic,2024-04-25,378.70000000000005,Apr,2024,0.0,0.0,0.0,0.0,0.0,0.0,0.0,0.0,0.0,0.0,0.0,0.0,0.0,0.0,0.0,378.70000000000005,0.0,0.0,1,43.94,5.99
336,US,US,Google AdWords,Generic,2024-04-26,337.31000000000006,Apr,2024,0.0,0.0,0.0,0.0,0.0,0.0,0.0,0.0,0.0,0.0,0.0,0.0,0.0,0.0,0.0,337.31000000000006,0.0,0.0,1,43.94,5.99
337,US,US,Google AdWords,Generic,2024-04-27,171.48,Apr,2024,0.0,0.0,0.0,0.0,0.0,0.0,0.0,0.0,0.0,0.0,0.0,0.0,0.0,0.0,0.0,171.48,0.0,0.0,1,43.94,5.99
338,US,US,Google AdWords,Generic,2024-04-28,172.42000000000004,Apr,2024,0.0,0.0,0.0,0.0,0.0,0.0,0.0,0.0,0.0,0.0,0.0,0.0,0.0,0.0,0.0,172.42000000000004,0.0,0.0,1,43.94,5.99
339,US,US,Google AdWords,Generic,2024-04-29,360.59000000000003,Apr,2024,0.0,0.0,0.0,0.0,0.0,0.0,0.0,0.0,0.0,0.0,0.0,0.0,0.0,0.0,0.0,360.59000000000003,0.0,0.0,0,43.94,5.99
340,US,US,Google AdWords,Generic,2024-04-30,381.56,Apr,2024,0.0,0.0,0.0,0.0,0.0,0.0,0.0,0.0,0.0,0.0,0.0,0.0,0.0,0.0,0.0,381.56,0.0,0.0,1,43.94,5.99
341,US,US,Google AdWords,Generic,2024-05-01,383.0499999999999,May,2024,0.0,0.0,0.0,0.0,0.0,0.0,0.0,0.0,0.0,0.0,0.0,0.0,0.0,0.0,0.0,0.0,0.0,383.0499999999999,1,43.94,5.99
342,US,US,Google AdWords,Generic,2024-05-02,366.46000000000004,May,2024,0.0,0.0,0.0,0.0,0.0,0.0,0.0,0.0,0.0,0.0,0.0,0.0,0.0,0.0,0.0,0.0,0.0,366.46000000000004,1,43.94,5.99
343,US,US,Google AdWords,Generic,2024-05-03,346.93,May,2024,0.0,0.0,0.0,0.0,0.0,0.0,0.0,0.0,0.0,0.0,0.0,0.0,0.0,0.0,0.0,0.0,0.0,346.93,1,43.94,5.99
344,US,US,Google AdWords,Generic,2024-05-04,205.12000000000003,May,2024,0.0,0.0,0.0,0.0,0.0,0.0,0.0,0.0,0.0,0.0,0.0,0.0,0.0,0.0,0.0,0.0,0.0,205.12000000000003,1,43.94,5.99
345,US,US,Google AdWords,Generic,2024-05-05,251.19,May,2024,0.0,0.0,0.0,0.0,0.0,0.0,0.0,0.0,0.0,0.0,0.0,0.0,0.0,0.0,0.0,0.0,0.0,251.19,1,43.94,5.99
346,US,US,Google AdWords,Generic,2024-05-06,442.28999999999996,May,2024,0.0,0.0,0.0,0.0,0.0,0.0,0.0,0.0,0.0,0.0,0.0,0.0,0.0,0.0,0.0,0.0,0.0,442.28999999999996,0,43.94,5.99
347,US,US,Google AdWords,Generic,2024-05-07,381.24,May,2024,0.0,0.0,0.0,0.0,0.0,0.0,0.0,0.0,0.0,0.0,0.0,0.0,0.0,0.0,0.0,0.0,0.0,381.24,1,43.94,5.99
348,US,US,Google AdWords,Generic,2024-05-08,383.22999999999996,May,2024,0.0,0.0,0.0,0.0,0.0,0.0,0.0,0.0,0.0,0.0,0.0,0.0,0.0,0.0,0.0,0.0,0.0,383.22999999999996,1,43.94,5.99
349,US,US,Google AdWords,Generic,2024-05-09,428.34,May,2024,0.0,0.0,0.0,0.0,0.0,0.0,0.0,0.0,0.0,0.0,0.0,0.0,0.0,0.0,0.0,0.0,0.0,428.34,1,43.94,5.99
350,US,US,Google AdWords,Generic,2024-05-10,343.26,May,2024,0.0,0.0,0.0,0.0,0.0,0.0,0.0,0.0,0.0,0.0,0.0,0.0,0.0,0.0,0.0,0.0,0.0,343.26,1,43.94,5.99
351,US,US,Google AdWords,Generic,2024-05-11,219.1,May,2024,0.0,0.0,0.0,0.0,0.0,0.0,0.0,0.0,0.0,0.0,0.0,0.0,0.0,0.0,0.0,0.0,0.0,219.1,1,43.94,5.99
352,US,US,Google AdWords,Generic,2024-05-12,222.93999999999994,May,2024,0.0,0.0,0.0,0.0,0.0,0.0,0.0,0.0,0.0,0.0,0.0,0.0,0.0,0.0,0.0,0.0,0.0,222.93999999999994,1,43.94,5.99
353,US,US,Google AdWords,Generic,2024-05-13,442.0900000000001,May,2024,0.0,0.0,0.0,0.0,0.0,0.0,0.0,0.0,0.0,0.0,0.0,0.0,0.0,0.0,0.0,0.0,0.0,442.0900000000001,0,43.94,5.99
354,US,US,Google AdWords,Generic,2024-05-14,408.4700000000001,May,2024,0.0,0.0,0.0,0.0,0.0,0.0,0.0,0.0,0.0,0.0,0.0,0.0,0.0,0.0,0.0,0.0,0.0,408.4700000000001,1,43.94,5.99
355,US,US,Google AdWords,Generic,2024-05-15,342.78999999999996,May,2024,0.0,0.0,0.0,0.0,0.0,0.0,0.0,0.0,0.0,0.0,0.0,0.0,0.0,0.0,0.0,0.0,0.0,342.78999999999996,1,43.94,5.99
356,US,US,Google AdWords,Generic,2024-05-16,352.95,May,2024,0.0,0.0,0.0,0.0,0.0,0.0,0.0,0.0,0.0,0.0,0.0,0.0,0.0,0.0,0.0,0.0,0.0,352.95,1,43.94,5.99
357,US,US,Google AdWords,Generic,2024-05-17,350.17,May,2024,0.0,0.0,0.0,0.0,0.0,0.0,0.0,0.0,0.0,0.0,0.0,0.0,0.0,0.0,0.0,0.0,0.0,350.17,1,43.94,5.99
358,US,US,Google AdWords,Generic,2024-05-18,173.19,May,2024,0.0,0.0,0.0,0.0,0.0,0.0,0.0,0.0,0.0,0.0,0.0,0.0,0.0,0.0,0.0,0.0,0.0,173.19,1,43.94,5.99
359,US,US,Google AdWords,Generic,2024-05-19,155.54999999999998,May,2024,0.0,0.0,0.0,0.0,0.0,0.0,0.0,0.0,0.0,0.0,0.0,0.0,0.0,0.0,0.0,0.0,0.0,155.54999999999998,1,43.94,5.99
360,US,US,Google AdWords,Generic,2024-05-20,510.25,May,2024,0.0,0.0,0.0,0.0,0.0,0.0,0.0,0.0,0.0,0.0,0.0,0.0,0.0,0.0,0.0,0.0,0.0,510.25,0,43.94,5.99
361,US,US,Google AdWords,Generic,2024-05-21,392.91,May,2024,0.0,0.0,0.0,0.0,0.0,0.0,0.0,0.0,0.0,0.0,0.0,0.0,0.0,0.0,0.0,0.0,0.0,392.91,1,43.94,5.99
362,US,US,Google AdWords,Generic,2024-05-22,414.14000000000004,May,2024,0.0,0.0,0.0,0.0,0.0,0.0,0.0,0.0,0.0,0.0,0.0,0.0,0.0,0.0,0.0,0.0,0.0,414.14000000000004,1,43.94,5.99
363,US,US,Google AdWords,Generic,2024-05-23,553.59,May,2024,0.0,0.0,0.0,0.0,0.0,0.0,0.0,0.0,0.0,0.0,0.0,0.0,0.0,0.0,0.0,0.0,0.0,553.59,1,43.94,5.99
364,US,US,Google AdWords,Generic,2024-05-24,546.9200000000001,May,2024,0.0,0.0,0.0,0.0,0.0,0.0,0.0,0.0,0.0,0.0,0.0,0.0,0.0,0.0,0.0,0.0,0.0,546.9200000000001,1,43.94,5.99
365,US,US,Google AdWords,Generic,2024-05-25,541.1104615384615,May,2024,0.0,0.0,0.0,0.0,0.0,0.0,0.0,0.0,0.0,0.0,0.0,0.0,0.0,0.0,0.0,0.0,0.0,541.1104615384615,1,43.94,5.99
366,US,US,Google AdWords,Generic,2024-05-26,541.1104615384615,May,2024,0.0,0.0,0.0,0.0,0.0,0.0,0.0,0.0,0.0,0.0,0.0,0.0,0.0,0.0,0.0,0.0,0.0,541.1104615384615,1,43.94,5.99
367,US,US,Google AdWords,Generic,2024-05-27,176.62,May,2024,0.0,0.0,0.0,0.0,0.0,0.0,0.0,0.0,0.0,0.0,0.0,0.0,0.0,0.0,0.0,0.0,0.0,176.62,0,43.94,5.99
368,US,US,Google AdWords,Generic,2024-05-28,714.12,May,2024,0.0,0.0,0.0,0.0,0.0,0.0,0.0,0.0,0.0,0.0,0.0,0.0,0.0,0.0,0.0,0.0,0.0,714.12,1,43.94,5.99
369,US,US,Google AdWords,Generic,2024-05-29,1031.9899999999998,May,2024,0.0,0.0,0.0,0.0,0.0,0.0,0.0,0.0,0.0,0.0,0.0,0.0,0.0,0.0,0.0,0.0,0.0,1031.9899999999998,1,43.94,5.99
370,US,US,Google AdWords,Generic,2024-05-30,1770.2000000000005,May,2024,0.0,0.0,0.0,0.0,0.0,0.0,0.0,0.0,0.0,0.0,0.0,0.0,0.0,0.0,0.0,0.0,0.0,1770.2000000000005,1,43.94,5.99
371,US,US,Google AdWords,Generic,2024-05-31,1593.5200000000002,May,2024,0.0,0.0,0.0,0.0,0.0,0.0,0.0,0.0,0.0,0.0,0.0,0.0,0.0,0.0,0.0,0.0,0.0,1593.5200000000002,1,43.94,5.99
372,US,US,Google AdWords,Generic,2024-06-01,359.44,Jun,2024,0.0,0.0,0.0,0.0,0.0,0.0,0.0,0.0,0.0,0.0,0.0,0.0,0.0,0.0,0.0,0.0,359.44,0.0,1,43.94,5.99
373,US,US,Google AdWords,Generic,2024-06-02,257.14000000000004,Jun,2024,0.0,0.0,0.0,0.0,0.0,0.0,0.0,0.0,0.0,0.0,0.0,0.0,0.0,0.0,0.0,0.0,257.14000000000004,0.0,1,43.94,5.99
374,US,US,Google AdWords,Generic,2024-06-03,2476.98,Jun,2024,0.0,0.0,0.0,0.0,0.0,0.0,0.0,0.0,0.0,0.0,0.0,0.0,0.0,0.0,0.0,0.0,2476.98,0.0,0,43.94,5.99
375,US,US,Google AdWords,Generic,2024-06-04,1997.11,Jun,2024,0.0,0.0,0.0,0.0,0.0,0.0,0.0,0.0,0.0,0.0,0.0,0.0,0.0,0.0,0.0,0.0,1997.11,0.0,1,43.94,5.99
376,US,US,Google AdWords,Generic,2024-06-05,957.1200000000001,Jun,2024,0.0,0.0,0.0,0.0,0.0,0.0,0.0,0.0,0.0,0.0,0.0,0.0,0.0,0.0,0.0,0.0,957.1200000000001,0.0,1,43.94,5.99
377,US,US,Google AdWords,Generic,2024-06-06,1379.1499999999999,Jun,2024,0.0,0.0,0.0,0.0,0.0,0.0,0.0,0.0,0.0,0.0,0.0,0.0,0.0,0.0,0.0,0.0,1379.1499999999999,0.0,1,43.94,5.99
378,US,US,Google AdWords,Generic,2024-06-07,608.87,Jun,2024,0.0,0.0,0.0,0.0,0.0,0.0,0.0,0.0,0.0,0.0,0.0,0.0,0.0,0.0,0.0,0.0,608.87,0.0,1,43.94,5.99
379,US,US,Google AdWords,Generic,2024-06-08,255.05,Jun,2024,0.0,0.0,0.0,0.0,0.0,0.0,0.0,0.0,0.0,0.0,0.0,0.0,0.0,0.0,0.0,0.0,255.05,0.0,1,43.94,5.99
380,US,US,Google AdWords,Generic,2024-06-09,204.13000000000002,Jun,2024,0.0,0.0,0.0,0.0,0.0,0.0,0.0,0.0,0.0,0.0,0.0,0.0,0.0,0.0,0.0,0.0,204.13000000000002,0.0,1,43.94,5.99
381,US,US,Google AdWords,Generic,2024-06-10,1129.4100000000003,Jun,2024,0.0,0.0,0.0,0.0,0.0,0.0,0.0,0.0,0.0,0.0,0.0,0.0,0.0,0.0,0.0,0.0,1129.4100000000003,0.0,0,43.94,5.99
382,US,US,Google AdWords,Generic,2024-06-11,1270.7,Jun,2024,0.0,0.0,0.0,0.0,0.0,0.0,0.0,0.0,0.0,0.0,0.0,0.0,0.0,0.0,0.0,0.0,1270.7,0.0,1,43.94,5.99
383,US,US,Google AdWords,Generic,2024-06-12,724.15,Jun,2024,0.0,0.0,0.0,0.0,0.0,0.0,0.0,0.0,0.0,0.0,0.0,0.0,0.0,0.0,0.0,0.0,724.15,0.0,1,43.94,5.99
384,US,US,Google AdWords,Generic,2024-06-13,653.12,Jun,2024,0.0,0.0,0.0,0.0,0.0,0.0,0.0,0.0,0.0,0.0,0.0,0.0,0.0,0.0,0.0,0.0,653.12,0.0,1,43.94,5.99
385,US,US,Google AdWords,Generic,2024-06-14,570.2499999999998,Jun,2024,0.0,0.0,0.0,0.0,0.0,0.0,0.0,0.0,0.0,0.0,0.0,0.0,0.0,0.0,0.0,0.0,570.2499999999998,0.0,1,43.94,5.99
386,US,US,Google AdWords,Generic,2024-06-15,160.89,Jun,2024,0.0,0.0,0.0,0.0,0.0,0.0,0.0,0.0,0.0,0.0,0.0,0.0,0.0,0.0,0.0,0.0,160.89,0.0,1,43.94,5.99
387,US,US,Google AdWords,Generic,2024-06-16,150.04999999999998,Jun,2024,0.0,0.0,0.0,0.0,0.0,0.0,0.0,0.0,0.0,0.0,0.0,0.0,0.0,0.0,0.0,0.0,150.04999999999998,0.0,1,43.94,5.99
388,US,US,Google AdWords,Generic,2024-06-17,994.5099999999998,Jun,2024,0.0,0.0,0.0,0.0,0.0,0.0,0.0,0.0,0.0,0.0,0.0,0.0,0.0,0.0,0.0,0.0,994.5099999999998,0.0,0,43.94,5.99
389,US,US,Google AdWords,Generic,2024-06-18,610.84,Jun,2024,0.0,0.0,0.0,0.0,0.0,0.0,0.0,0.0,0.0,0.0,0.0,0.0,0.0,0.0,0.0,0.0,610.84,0.0,1,43.94,5.99
390,US,US,Google AdWords,Generic,2024-06-19,529.5400000000001,Jun,2024,0.0,0.0,0.0,0.0,0.0,0.0,0.0,0.0,0.0,0.0,0.0,0.0,0.0,0.0,0.0,0.0,529.5400000000001,0.0,1,43.94,5.99
391,US,US,Google AdWords,Generic,2024-06-20,383.54999999999995,Jun,2024,0.0,0.0,0.0,0.0,0.0,0.0,0.0,0.0,0.0,0.0,0.0,0.0,0.0,0.0,0.0,0.0,383.54999999999995,0.0,1,43.94,5.99
392,US,US,Google AdWords,Generic,2024-06-21,370.16999999999996,Jun,2024,0.0,0.0,0.0,0.0,0.0,0.0,0.0,0.0,0.0,0.0,0.0,0.0,0.0,0.0,0.0,0.0,370.16999999999996,0.0,1,43.94,5.99
393,US,US,Google AdWords,Generic,2024-06-22,211.52,Jun,2024,0.0,0.0,0.0,0.0,0.0,0.0,0.0,0.0,0.0,0.0,0.0,0.0,0.0,0.0,0.0,0.0,211.52,0.0,1,43.94,5.99
394,US,US,Google AdWords,Generic,2024-06-23,175.49,Jun,2024,0.0,0.0,0.0,0.0,0.0,0.0,0.0,0.0,0.0,0.0,0.0,0.0,0.0,0.0,0.0,0.0,175.49,0.0,1,43.94,5.99
395,US,US,Google AdWords,Generic,2024-06-24,585.26,Jun,2024,0.0,0.0,0.0,0.0,0.0,0.0,0.0,0.0,0.0,0.0,0.0,0.0,0.0,0.0,0.0,0.0,585.26,0.0,0,43.94,5.99
396,US,US,Google AdWords,Generic,2024-06-25,483.69,Jun,2024,0.0,0.0,0.0,0.0,0.0,0.0,0.0,0.0,0.0,0.0,0.0,0.0,0.0,0.0,0.0,0.0,483.69,0.0,1,43.94,5.99
397,US,US,Google AdWords,Generic,2024-06-26,500.58,Jun,2024,0.0,0.0,0.0,0.0,0.0,0.0,0.0,0.0,0.0,0.0,0.0,0.0,0.0,0.0,0.0,0.0,500.58,0.0,1,43.94,5.99
398,US,US,Google AdWords,Generic,2024-06-27,744.33,Jun,2024,0.0,0.0,0.0,0.0,0.0,0.0,0.0,0.0,0.0,0.0,0.0,0.0,0.0,0.0,0.0,0.0,744.33,0.0,1,43.94,5.99
399,US,US,Google AdWords,Generic,2024-06-28,362.71000000000004,Jun,2024,0.0,0.0,0.0,0.0,0.0,0.0,0.0,0.0,0.0,0.0,0.0,0.0,0.0,0.0,0.0,0.0,362.71000000000004,0.0,1,43.94,5.99
400,US,US,Google AdWords,Generic,2024-06-29,226.84999999999997,Jun,2024,0.0,0.0,0.0,0.0,0.0,0.0,0.0,0.0,0.0,0.0,0.0,0.0,0.0,0.0,0.0,0.0,226.84999999999997,0.0,1,43.94,5.99
401,US,US,Google AdWords,Generic,2024-06-30,134.9,Jun,2024,0.0,0.0,0.0,0.0,0.0,0.0,0.0,0.0,0.0,0.0,0.0,0.0,0.0,0.0,0.0,0.0,134.9,0.0,1,43.94,5.99
