,region,market,funnel,account_type,ds,X,Month,Year,Italy_Desktop_-_Apr_2024,Italy_Desktop_-_Aug_2024,Italy_Desktop_-_Dec_2024,Italy_Desktop_-_Jul_2024,Italy_Desktop_-_Jun_2024,Italy_Desktop_-_May_2024,Italy_Desktop_-_Nov_2024,Italy_Desktop_-_Oct_2024,Italy_Desktop_-_Sep_2024,Italy_Mobile_&_Tablet_-_Apr_2024,Italy_Mobile_&_Tablet_-_Aug_2024,Italy_Mobile_&_Tablet_-_Dec_2024,Italy_Mobile_&_Tablet_-_Jul_2024,Italy_Mobile_&_Tablet_-_Jun_2024,Italy_Mobile_&_Tablet_-_May_2024,Italy_Mobile_&_Tablet_-_Nov_2024,Italy_Mobile_&_Tablet_-_Oct_2024,Italy_Mobile_&_Tablet_-_Sep_2024,Weekend,AOV,ROAS
0,Europe,Italy,-,Desktop,2024-04-25,3521.83,Apr,2024,3521.83,0.0,0.0,0.0,0.0,0.0,0.0,0.0,0.0,0.0,0.0,0.0,0.0,0.0,0.0,0.0,0.0,0.0,1,38.5,1.9
1,Europe,Italy,-,Desktop,2024-04-26,5060.699999999999,Apr,2024,5060.699999999999,0.0,0.0,0.0,0.0,0.0,0.0,0.0,0.0,0.0,0.0,0.0,0.0,0.0,0.0,0.0,0.0,0.0,1,38.5,1.9
2,Europe,Italy,-,Desktop,2024-04-27,613.9399999999999,Apr,2024,613.9399999999999,0.0,0.0,0.0,0.0,0.0,0.0,0.0,0.0,0.0,0.0,0.0,0.0,0.0,0.0,0.0,0.0,0.0,1,38.5,1.9
3,Europe,Italy,-,Desktop,2024-04-28,402.52,Apr,2024,402.52,0.0,0.0,0.0,0.0,0.0,0.0,0.0,0.0,0.0,0.0,0.0,0.0,0.0,0.0,0.0,0.0,0.0,1,38.5,1.9
4,Europe,Italy,-,Desktop,2024-04-29,1086.8300000000002,Apr,2024,1086.8300000000002,0.0,0.0,0.0,0.0,0.0,0.0,0.0,0.0,0.0,0.0,0.0,0.0,0.0,0.0,0.0,0.0,0.0,0,38.5,1.9
5,Europe,Italy,-,Desktop,2024-04-30,4069.969999999999,Apr,2024,4069.969999999999,0.0,0.0,0.0,0.0,0.0,0.0,0.0,0.0,0.0,0.0,0.0,0.0,0.0,0.0,0.0,0.0,0.0,0,38.5,1.9
6,Europe,Italy,-,Desktop,2024-05-01,3843.7999999999997,May,2024,0.0,0.0,0.0,0.0,0.0,3843.7999999999997,0.0,0.0,0.0,0.0,0.0,0.0,0.0,0.0,0.0,0.0,0.0,0.0,1,38.5,1.9
7,Europe,Italy,-,Desktop,2024-05-02,3605.6600000000008,May,2024,0.0,0.0,0.0,0.0,0.0,3605.6600000000008,0.0,0.0,0.0,0.0,0.0,0.0,0.0,0.0,0.0,0.0,0.0,0.0,1,38.5,1.9
8,Europe,Italy,-,Desktop,2024-05-03,3340.87,May,2024,0.0,0.0,0.0,0.0,0.0,3340.87,0.0,0.0,0.0,0.0,0.0,0.0,0.0,0.0,0.0,0.0,0.0,0.0,1,38.5,1.9
9,Europe,Italy,-,Desktop,2024-05-04,881.47,May,2024,0.0,0.0,0.0,0.0,0.0,881.47,0.0,0.0,0.0,0.0,0.0,0.0,0.0,0.0,0.0,0.0,0.0,0.0,1,38.5,1.9
10,Europe,Italy,-,Desktop,2024-05-05,687.5799999999998,May,2024,0.0,0.0,0.0,0.0,0.0,687.5799999999998,0.0,0.0,0.0,0.0,0.0,0.0,0.0,0.0,0.0,0.0,0.0,0.0,1,38.5,1.9
11,Europe,Italy,-,Desktop,2024-05-06,3193.520000000001,May,2024,0.0,0.0,0.0,0.0,0.0,3193.520000000001,0.0,0.0,0.0,0.0,0.0,0.0,0.0,0.0,0.0,0.0,0.0,0.0,0,38.5,1.9
12,Europe,Italy,-,Desktop,2024-05-07,1497.22,May,2024,0.0,0.0,0.0,0.0,0.0,1497.22,0.0,0.0,0.0,0.0,0.0,0.0,0.0,0.0,0.0,0.0,0.0,0.0,0,38.5,1.9
13,Europe,Italy,-,Desktop,2024-05-08,1579.2100000000003,May,2024,0.0,0.0,0.0,0.0,0.0,1579.2100000000003,0.0,0.0,0.0,0.0,0.0,0.0,0.0,0.0,0.0,0.0,0.0,0.0,1,38.5,1.9
14,Europe,Italy,-,Desktop,2024-05-09,1161.9799999999998,May,2024,0.0,0.0,0.0,0.0,0.0,1161.9799999999998,0.0,0.0,0.0,0.0,0.0,0.0,0.0,0.0,0.0,0.0,0.0,0.0,1,38.5,1.9
15,Europe,Italy,-,Desktop,2024-05-10,1174.05,May,2024,0.0,0.0,0.0,0.0,0.0,1174.05,0.0,0.0,0.0,0.0,0.0,0.0,0.0,0.0,0.0,0.0,0.0,0.0,1,38.5,1.9
16,Europe,Italy,-,Desktop,2024-05-11,230.92,May,2024,0.0,0.0,0.0,0.0,0.0,230.92,0.0,0.0,0.0,0.0,0.0,0.0,0.0,0.0,0.0,0.0,0.0,0.0,1,38.5,1.9
17,Europe,Italy,-,Desktop,2024-05-12,224.07000000000002,May,2024,0.0,0.0,0.0,0.0,0.0,224.07000000000002,0.0,0.0,0.0,0.0,0.0,0.0,0.0,0.0,0.0,0.0,0.0,0.0,1,38.5,1.9
18,Europe,Italy,-,Desktop,2024-05-13,1313.9999999999998,May,2024,0.0,0.0,0.0,0.0,0.0,1313.9999999999998,0.0,0.0,0.0,0.0,0.0,0.0,0.0,0.0,0.0,0.0,0.0,0.0,0,38.5,1.9
19,Europe,Italy,-,Desktop,2024-05-14,1362.7299999999998,May,2024,0.0,0.0,0.0,0.0,0.0,1362.7299999999998,0.0,0.0,0.0,0.0,0.0,0.0,0.0,0.0,0.0,0.0,0.0,0.0,0,38.5,1.9
20,Europe,Italy,-,Desktop,2024-05-15,1188.6499999999999,May,2024,0.0,0.0,0.0,0.0,0.0,1188.6499999999999,0.0,0.0,0.0,0.0,0.0,0.0,0.0,0.0,0.0,0.0,0.0,0.0,1,38.5,1.9
21,Europe,Italy,-,Desktop,2024-05-16,1126.3799999999999,May,2024,0.0,0.0,0.0,0.0,0.0,1126.3799999999999,0.0,0.0,0.0,0.0,0.0,0.0,0.0,0.0,0.0,0.0,0.0,0.0,1,38.5,1.9
22,Europe,Italy,-,Desktop,2024-05-17,1242.8099999999997,May,2024,0.0,0.0,0.0,0.0,0.0,1242.8099999999997,0.0,0.0,0.0,0.0,0.0,0.0,0.0,0.0,0.0,0.0,0.0,0.0,1,38.5,1.9
23,Europe,Italy,-,Desktop,2024-05-18,783.29,May,2024,0.0,0.0,0.0,0.0,0.0,783.29,0.0,0.0,0.0,0.0,0.0,0.0,0.0,0.0,0.0,0.0,0.0,0.0,1,38.5,1.9
24,Europe,Italy,-,Desktop,2024-05-19,616.0599999999997,May,2024,0.0,0.0,0.0,0.0,0.0,616.0599999999997,0.0,0.0,0.0,0.0,0.0,0.0,0.0,0.0,0.0,0.0,0.0,0.0,1,38.5,1.9
25,Europe,Italy,-,Desktop,2024-05-20,3495.3099999999995,May,2024,0.0,0.0,0.0,0.0,0.0,3495.3099999999995,0.0,0.0,0.0,0.0,0.0,0.0,0.0,0.0,0.0,0.0,0.0,0.0,0,38.5,1.9
26,Europe,Italy,-,Desktop,2024-05-21,3373.9400000000005,May,2024,0.0,0.0,0.0,0.0,0.0,3373.9400000000005,0.0,0.0,0.0,0.0,0.0,0.0,0.0,0.0,0.0,0.0,0.0,0.0,0,38.5,1.9
27,Europe,Italy,-,Desktop,2024-05-22,3310.65,May,2024,0.0,0.0,0.0,0.0,0.0,3310.65,0.0,0.0,0.0,0.0,0.0,0.0,0.0,0.0,0.0,0.0,0.0,0.0,1,38.5,1.9
28,Europe,Italy,-,Desktop,2024-05-23,2627.6099999999997,May,2024,0.0,0.0,0.0,0.0,0.0,2627.6099999999997,0.0,0.0,0.0,0.0,0.0,0.0,0.0,0.0,0.0,0.0,0.0,0.0,1,38.5,1.9
29,Europe,Italy,-,Desktop,2024-05-24,1295.89,May,2024,0.0,0.0,0.0,0.0,0.0,1295.89,0.0,0.0,0.0,0.0,0.0,0.0,0.0,0.0,0.0,0.0,0.0,0.0,1,38.5,1.9
30,Europe,Italy,-,Desktop,2024-05-25,72.0,May,2024,0.0,0.0,0.0,0.0,0.0,72.0,0.0,0.0,0.0,0.0,0.0,0.0,0.0,0.0,0.0,0.0,0.0,0.0,1,38.5,1.9
31,Europe,Italy,-,Desktop,2024-05-26,63.34,May,2024,0.0,0.0,0.0,0.0,0.0,63.34,0.0,0.0,0.0,0.0,0.0,0.0,0.0,0.0,0.0,0.0,0.0,0.0,1,38.5,1.9
32,Europe,Italy,-,Desktop,2024-05-27,262.09000000000003,May,2024,0.0,0.0,0.0,0.0,0.0,262.09000000000003,0.0,0.0,0.0,0.0,0.0,0.0,0.0,0.0,0.0,0.0,0.0,0.0,0,38.5,1.9
33,Europe,Italy,-,Desktop,2024-05-28,226.74,May,2024,0.0,0.0,0.0,0.0,0.0,226.74,0.0,0.0,0.0,0.0,0.0,0.0,0.0,0.0,0.0,0.0,0.0,0.0,0,38.5,1.9
34,Europe,Italy,-,Desktop,2024-05-29,586.1800000000001,May,2024,0.0,0.0,0.0,0.0,0.0,586.1800000000001,0.0,0.0,0.0,0.0,0.0,0.0,0.0,0.0,0.0,0.0,0.0,0.0,1,38.5,1.9
35,Europe,Italy,-,Desktop,2024-05-30,2645.8600000000006,May,2024,0.0,0.0,0.0,0.0,0.0,2645.8600000000006,0.0,0.0,0.0,0.0,0.0,0.0,0.0,0.0,0.0,0.0,0.0,0.0,1,38.5,1.9
36,Europe,Italy,-,Desktop,2024-05-31,782.93,May,2024,0.0,0.0,0.0,0.0,0.0,782.93,0.0,0.0,0.0,0.0,0.0,0.0,0.0,0.0,0.0,0.0,0.0,0.0,1,38.5,1.9
37,Europe,Italy,-,Desktop,2024-06-01,840.3800000000002,Jun,2024,0.0,0.0,0.0,0.0,840.3800000000002,0.0,0.0,0.0,0.0,0.0,0.0,0.0,0.0,0.0,0.0,0.0,0.0,0.0,1,38.5,1.9
38,Europe,Italy,-,Desktop,2024-06-02,698.0899999999999,Jun,2024,0.0,0.0,0.0,0.0,698.0899999999999,0.0,0.0,0.0,0.0,0.0,0.0,0.0,0.0,0.0,0.0,0.0,0.0,0.0,1,38.5,1.9
39,Europe,Italy,-,Desktop,2024-06-03,4256.469999999999,Jun,2024,0.0,0.0,0.0,0.0,4256.469999999999,0.0,0.0,0.0,0.0,0.0,0.0,0.0,0.0,0.0,0.0,0.0,0.0,0.0,0,38.5,1.9
40,Europe,Italy,-,Desktop,2024-06-04,3113.03,Jun,2024,0.0,0.0,0.0,0.0,3113.03,0.0,0.0,0.0,0.0,0.0,0.0,0.0,0.0,0.0,0.0,0.0,0.0,0.0,0,38.5,1.9
41,Europe,Italy,-,Desktop,2024-06-05,1847.96,Jun,2024,0.0,0.0,0.0,0.0,1847.96,0.0,0.0,0.0,0.0,0.0,0.0,0.0,0.0,0.0,0.0,0.0,0.0,0.0,1,38.5,1.9
42,Europe,Italy,-,Desktop,2024-06-06,1634.8400000000001,Jun,2024,0.0,0.0,0.0,0.0,1634.8400000000001,0.0,0.0,0.0,0.0,0.0,0.0,0.0,0.0,0.0,0.0,0.0,0.0,0.0,1,38.5,1.9
43,Europe,Italy,-,Desktop,2024-06-07,1361.8199999999997,Jun,2024,0.0,0.0,0.0,0.0,1361.8199999999997,0.0,0.0,0.0,0.0,0.0,0.0,0.0,0.0,0.0,0.0,0.0,0.0,0.0,1,38.5,1.9
44,Europe,Italy,-,Desktop,2024-06-08,301.52000000000004,Jun,2024,0.0,0.0,0.0,0.0,301.52000000000004,0.0,0.0,0.0,0.0,0.0,0.0,0.0,0.0,0.0,0.0,0.0,0.0,0.0,1,38.5,1.9
45,Europe,Italy,-,Desktop,2024-06-09,276.0299999999999,Jun,2024,0.0,0.0,0.0,0.0,276.0299999999999,0.0,0.0,0.0,0.0,0.0,0.0,0.0,0.0,0.0,0.0,0.0,0.0,0.0,1,38.5,1.9
46,Europe,Italy,-,Desktop,2024-06-10,1638.6800000000003,Jun,2024,0.0,0.0,0.0,0.0,1638.6800000000003,0.0,0.0,0.0,0.0,0.0,0.0,0.0,0.0,0.0,0.0,0.0,0.0,0.0,0,38.5,1.9
47,Europe,Italy,-,Desktop,2024-06-11,1458.43,Jun,2024,0.0,0.0,0.0,0.0,1458.43,0.0,0.0,0.0,0.0,0.0,0.0,0.0,0.0,0.0,0.0,0.0,0.0,0.0,0,38.5,1.9
48,Europe,Italy,-,Desktop,2024-06-12,1609.8899999999999,Jun,2024,0.0,0.0,0.0,0.0,1609.8899999999999,0.0,0.0,0.0,0.0,0.0,0.0,0.0,0.0,0.0,0.0,0.0,0.0,0.0,1,38.5,1.9
49,Europe,Italy,-,Desktop,2024-06-13,1234.3000000000002,Jun,2024,0.0,0.0,0.0,0.0,1234.3000000000002,0.0,0.0,0.0,0.0,0.0,0.0,0.0,0.0,0.0,0.0,0.0,0.0,0.0,1,38.5,1.9
50,Europe,Italy,-,Desktop,2024-06-14,1207.51,Jun,2024,0.0,0.0,0.0,0.0,1207.51,0.0,0.0,0.0,0.0,0.0,0.0,0.0,0.0,0.0,0.0,0.0,0.0,0.0,1,38.5,1.9
51,Europe,Italy,-,Desktop,2024-06-15,442.34,Jun,2024,0.0,0.0,0.0,0.0,442.34,0.0,0.0,0.0,0.0,0.0,0.0,0.0,0.0,0.0,0.0,0.0,0.0,0.0,1,38.5,1.9
52,Europe,Italy,-,Desktop,2024-06-16,517.42,Jun,2024,0.0,0.0,0.0,0.0,517.42,0.0,0.0,0.0,0.0,0.0,0.0,0.0,0.0,0.0,0.0,0.0,0.0,0.0,1,38.5,1.9
53,Europe,Italy,-,Desktop,2024-06-17,3650.7099999999996,Jun,2024,0.0,0.0,0.0,0.0,3650.7099999999996,0.0,0.0,0.0,0.0,0.0,0.0,0.0,0.0,0.0,0.0,0.0,0.0,0.0,0,38.5,1.9
54,Europe,Italy,-,Desktop,2024-06-18,3539.84,Jun,2024,0.0,0.0,0.0,0.0,3539.84,0.0,0.0,0.0,0.0,0.0,0.0,0.0,0.0,0.0,0.0,0.0,0.0,0.0,0,38.5,1.9
55,Europe,Italy,-,Desktop,2024-06-19,1375.9399999999998,Jun,2024,0.0,0.0,0.0,0.0,1375.9399999999998,0.0,0.0,0.0,0.0,0.0,0.0,0.0,0.0,0.0,0.0,0.0,0.0,0.0,1,38.5,1.9
56,Europe,Italy,-,Desktop,2024-06-20,1721.9799999999996,Jun,2024,0.0,0.0,0.0,0.0,1721.9799999999996,0.0,0.0,0.0,0.0,0.0,0.0,0.0,0.0,0.0,0.0,0.0,0.0,0.0,1,38.5,1.9
57,Europe,Italy,-,Desktop,2024-06-21,1655.5899999999997,Jun,2024,0.0,0.0,0.0,0.0,1655.5899999999997,0.0,0.0,0.0,0.0,0.0,0.0,0.0,0.0,0.0,0.0,0.0,0.0,0.0,1,38.5,1.9
58,Europe,Italy,-,Desktop,2024-06-22,411.74999999999994,Jun,2024,0.0,0.0,0.0,0.0,411.74999999999994,0.0,0.0,0.0,0.0,0.0,0.0,0.0,0.0,0.0,0.0,0.0,0.0,0.0,1,38.5,1.9
59,Europe,Italy,-,Desktop,2024-06-23,409.0,Jun,2024,0.0,0.0,0.0,0.0,409.0,0.0,0.0,0.0,0.0,0.0,0.0,0.0,0.0,0.0,0.0,0.0,0.0,0.0,1,38.5,1.9
60,Europe,Italy,-,Desktop,2024-06-24,2204.9500000000003,Jun,2024,0.0,0.0,0.0,0.0,2204.9500000000003,0.0,0.0,0.0,0.0,0.0,0.0,0.0,0.0,0.0,0.0,0.0,0.0,0.0,0,38.5,1.9
61,Europe,Italy,-,Desktop,2024-06-25,1753.31,Jun,2024,0.0,0.0,0.0,0.0,1753.31,0.0,0.0,0.0,0.0,0.0,0.0,0.0,0.0,0.0,0.0,0.0,0.0,0.0,0,38.5,1.9
62,Europe,Italy,-,Desktop,2024-06-26,2168.3599999999997,Jun,2024,0.0,0.0,0.0,0.0,2168.3599999999997,0.0,0.0,0.0,0.0,0.0,0.0,0.0,0.0,0.0,0.0,0.0,0.0,0.0,1,38.5,1.9
63,Europe,Italy,-,Desktop,2024-06-27,1904.2,Jun,2024,0.0,0.0,0.0,0.0,1904.2,0.0,0.0,0.0,0.0,0.0,0.0,0.0,0.0,0.0,0.0,0.0,0.0,0.0,1,38.5,1.9
64,Europe,Italy,-,Desktop,2024-06-28,1682.75,Jun,2024,0.0,0.0,0.0,0.0,1682.75,0.0,0.0,0.0,0.0,0.0,0.0,0.0,0.0,0.0,0.0,0.0,0.0,0.0,1,38.5,1.9
65,Europe,Italy,-,Desktop,2024-06-29,511.44000000000005,Jun,2024,0.0,0.0,0.0,0.0,511.44000000000005,0.0,0.0,0.0,0.0,0.0,0.0,0.0,0.0,0.0,0.0,0.0,0.0,0.0,1,38.5,1.9
66,Europe,Italy,-,Desktop,2024-06-30,400.96,Jun,2024,0.0,0.0,0.0,0.0,400.96,0.0,0.0,0.0,0.0,0.0,0.0,0.0,0.0,0.0,0.0,0.0,0.0,0.0,1,38.5,1.9
67,Europe,Italy,-,Desktop,2024-07-01,2143.18,Jul,2024,0.0,0.0,0.0,2143.18,0.0,0.0,0.0,0.0,0.0,0.0,0.0,0.0,0.0,0.0,0.0,0.0,0.0,0.0,0,38.5,1.9
68,Europe,Italy,-,Desktop,2024-07-02,1758.77,Jul,2024,0.0,0.0,0.0,1758.77,0.0,0.0,0.0,0.0,0.0,0.0,0.0,0.0,0.0,0.0,0.0,0.0,0.0,0.0,0,38.5,1.9
69,Europe,Italy,-,Desktop,2024-07-03,2034.71,Jul,2024,0.0,0.0,0.0,2034.71,0.0,0.0,0.0,0.0,0.0,0.0,0.0,0.0,0.0,0.0,0.0,0.0,0.0,0.0,1,38.5,1.9
70,Europe,Italy,-,Desktop,2024-07-04,959.6799999999998,Jul,2024,0.0,0.0,0.0,959.6799999999998,0.0,0.0,0.0,0.0,0.0,0.0,0.0,0.0,0.0,0.0,0.0,0.0,0.0,0.0,1,38.5,1.9
71,Europe,Italy,-,Desktop,2024-07-05,816.8900000000001,Jul,2024,0.0,0.0,0.0,816.8900000000001,0.0,0.0,0.0,0.0,0.0,0.0,0.0,0.0,0.0,0.0,0.0,0.0,0.0,0.0,1,38.5,1.9
72,Europe,Italy,-,Desktop,2024-07-06,226.13999999999996,Jul,2024,0.0,0.0,0.0,226.13999999999996,0.0,0.0,0.0,0.0,0.0,0.0,0.0,0.0,0.0,0.0,0.0,0.0,0.0,0.0,1,38.5,1.9
73,Europe,Italy,-,Desktop,2024-07-07,206.19,Jul,2024,0.0,0.0,0.0,206.19,0.0,0.0,0.0,0.0,0.0,0.0,0.0,0.0,0.0,0.0,0.0,0.0,0.0,0.0,1,38.5,1.9
74,Europe,Italy,-,Desktop,2024-07-08,997.52,Jul,2024,0.0,0.0,0.0,997.52,0.0,0.0,0.0,0.0,0.0,0.0,0.0,0.0,0.0,0.0,0.0,0.0,0.0,0.0,0,38.5,1.9
75,Europe,Italy,-,Desktop,2024-07-09,980.1100000000001,Jul,2024,0.0,0.0,0.0,980.1100000000001,0.0,0.0,0.0,0.0,0.0,0.0,0.0,0.0,0.0,0.0,0.0,0.0,0.0,0.0,0,38.5,1.9
76,Europe,Italy,-,Desktop,2024-07-10,988.2499999999999,Jul,2024,0.0,0.0,0.0,988.2499999999999,0.0,0.0,0.0,0.0,0.0,0.0,0.0,0.0,0.0,0.0,0.0,0.0,0.0,0.0,1,38.5,1.9
77,Europe,Italy,-,Desktop,2024-07-11,1026.6100000000004,Jul,2024,0.0,0.0,0.0,1026.6100000000004,0.0,0.0,0.0,0.0,0.0,0.0,0.0,0.0,0.0,0.0,0.0,0.0,0.0,0.0,1,38.5,1.9
78,Europe,Italy,-,Desktop,2024-07-12,999.26,Jul,2024,0.0,0.0,0.0,999.26,0.0,0.0,0.0,0.0,0.0,0.0,0.0,0.0,0.0,0.0,0.0,0.0,0.0,0.0,1,38.5,1.9
79,Europe,Italy,-,Desktop,2024-07-13,259.06000000000006,Jul,2024,0.0,0.0,0.0,259.06000000000006,0.0,0.0,0.0,0.0,0.0,0.0,0.0,0.0,0.0,0.0,0.0,0.0,0.0,0.0,1,38.5,1.9
80,Europe,Italy,-,Desktop,2024-07-14,180.58,Jul,2024,0.0,0.0,0.0,180.58,0.0,0.0,0.0,0.0,0.0,0.0,0.0,0.0,0.0,0.0,0.0,0.0,0.0,0.0,1,38.5,1.9
81,Europe,Italy,-,Desktop,2024-07-15,1192.0700000000002,Jul,2024,0.0,0.0,0.0,1192.0700000000002,0.0,0.0,0.0,0.0,0.0,0.0,0.0,0.0,0.0,0.0,0.0,0.0,0.0,0.0,0,38.5,1.9
82,Europe,Italy,-,Desktop,2024-07-16,1114.4699999999998,Jul,2024,0.0,0.0,0.0,1114.4699999999998,0.0,0.0,0.0,0.0,0.0,0.0,0.0,0.0,0.0,0.0,0.0,0.0,0.0,0.0,0,38.5,1.9
83,Europe,Italy,-,Desktop,2024-07-17,1157.37,Jul,2024,0.0,0.0,0.0,1157.37,0.0,0.0,0.0,0.0,0.0,0.0,0.0,0.0,0.0,0.0,0.0,0.0,0.0,0.0,1,38.5,1.9
84,Europe,Italy,-,Desktop,2024-07-18,1237.35,Jul,2024,0.0,0.0,0.0,1237.35,0.0,0.0,0.0,0.0,0.0,0.0,0.0,0.0,0.0,0.0,0.0,0.0,0.0,0.0,1,38.5,1.9
85,Europe,Italy,-,Desktop,2024-07-19,942.7800000000001,Jul,2024,0.0,0.0,0.0,942.7800000000001,0.0,0.0,0.0,0.0,0.0,0.0,0.0,0.0,0.0,0.0,0.0,0.0,0.0,0.0,1,38.5,1.9
86,Europe,Italy,-,Desktop,2024-07-20,225.75,Jul,2024,0.0,0.0,0.0,225.75,0.0,0.0,0.0,0.0,0.0,0.0,0.0,0.0,0.0,0.0,0.0,0.0,0.0,0.0,1,38.5,1.9
87,Europe,Italy,-,Desktop,2024-07-21,245.65999999999994,Jul,2024,0.0,0.0,0.0,245.65999999999994,0.0,0.0,0.0,0.0,0.0,0.0,0.0,0.0,0.0,0.0,0.0,0.0,0.0,0.0,1,38.5,1.9
88,Europe,Italy,-,Desktop,2024-07-22,1354.6799999999998,Jul,2024,0.0,0.0,0.0,1354.6799999999998,0.0,0.0,0.0,0.0,0.0,0.0,0.0,0.0,0.0,0.0,0.0,0.0,0.0,0.0,0,38.5,1.9
89,Europe,Italy,-,Desktop,2024-07-23,1324.6,Jul,2024,0.0,0.0,0.0,1324.6,0.0,0.0,0.0,0.0,0.0,0.0,0.0,0.0,0.0,0.0,0.0,0.0,0.0,0.0,0,38.5,1.9
90,Europe,Italy,-,Desktop,2024-07-24,1301.86,Jul,2024,0.0,0.0,0.0,1301.86,0.0,0.0,0.0,0.0,0.0,0.0,0.0,0.0,0.0,0.0,0.0,0.0,0.0,0.0,1,38.5,1.9
91,Europe,Italy,-,Desktop,2024-07-25,1128.86,Jul,2024,0.0,0.0,0.0,1128.86,0.0,0.0,0.0,0.0,0.0,0.0,0.0,0.0,0.0,0.0,0.0,0.0,0.0,0.0,1,38.5,1.9
92,Europe,Italy,-,Desktop,2024-07-26,1201.37,Jul,2024,0.0,0.0,0.0,1201.37,0.0,0.0,0.0,0.0,0.0,0.0,0.0,0.0,0.0,0.0,0.0,0.0,0.0,0.0,1,38.5,1.9
93,Europe,Italy,-,Desktop,2024-07-27,462.49999999999994,Jul,2024,0.0,0.0,0.0,462.49999999999994,0.0,0.0,0.0,0.0,0.0,0.0,0.0,0.0,0.0,0.0,0.0,0.0,0.0,0.0,1,38.5,1.9
94,Europe,Italy,-,Desktop,2024-07-28,359.7699999999999,Jul,2024,0.0,0.0,0.0,359.7699999999999,0.0,0.0,0.0,0.0,0.0,0.0,0.0,0.0,0.0,0.0,0.0,0.0,0.0,0.0,1,38.5,1.9
95,Europe,Italy,-,Desktop,2024-07-29,1963.9400000000003,Jul,2024,0.0,0.0,0.0,1963.9400000000003,0.0,0.0,0.0,0.0,0.0,0.0,0.0,0.0,0.0,0.0,0.0,0.0,0.0,0.0,0,38.5,1.9
96,Europe,Italy,-,Desktop,2024-07-30,1634.0900000000001,Jul,2024,0.0,0.0,0.0,1634.0900000000001,0.0,0.0,0.0,0.0,0.0,0.0,0.0,0.0,0.0,0.0,0.0,0.0,0.0,0.0,0,38.5,1.9
97,Europe,Italy,-,Desktop,2024-07-31,1711.71,Jul,2024,0.0,0.0,0.0,1711.71,0.0,0.0,0.0,0.0,0.0,0.0,0.0,0.0,0.0,0.0,0.0,0.0,0.0,0.0,1,38.5,1.9
98,Europe,Italy,-,Desktop,2024-08-01,1629.4899999999998,Aug,2024,0.0,1629.4899999999998,0.0,0.0,0.0,0.0,0.0,0.0,0.0,0.0,0.0,0.0,0.0,0.0,0.0,0.0,0.0,0.0,1,38.5,1.9
99,Europe,Italy,-,Desktop,2024-08-02,1458.3999999999999,Aug,2024,0.0,1458.3999999999999,0.0,0.0,0.0,0.0,0.0,0.0,0.0,0.0,0.0,0.0,0.0,0.0,0.0,0.0,0.0,0.0,1,38.5,1.9
100,Europe,Italy,-,Desktop,2024-08-03,559.9200000000001,Aug,2024,0.0,559.9200000000001,0.0,0.0,0.0,0.0,0.0,0.0,0.0,0.0,0.0,0.0,0.0,0.0,0.0,0.0,0.0,0.0,1,38.5,1.9
101,Europe,Italy,-,Desktop,2024-08-04,474.15999999999997,Aug,2024,0.0,474.15999999999997,0.0,0.0,0.0,0.0,0.0,0.0,0.0,0.0,0.0,0.0,0.0,0.0,0.0,0.0,0.0,0.0,1,38.5,1.9
102,Europe,Italy,-,Desktop,2024-08-05,1892.32,Aug,2024,0.0,1892.32,0.0,0.0,0.0,0.0,0.0,0.0,0.0,0.0,0.0,0.0,0.0,0.0,0.0,0.0,0.0,0.0,0,38.5,1.9
103,Europe,Italy,-,Desktop,2024-08-06,1973.09,Aug,2024,0.0,1973.09,0.0,0.0,0.0,0.0,0.0,0.0,0.0,0.0,0.0,0.0,0.0,0.0,0.0,0.0,0.0,0.0,0,38.5,1.9
104,Europe,Italy,-,Desktop,2024-08-07,2339.07,Aug,2024,0.0,2339.07,0.0,0.0,0.0,0.0,0.0,0.0,0.0,0.0,0.0,0.0,0.0,0.0,0.0,0.0,0.0,0.0,1,38.5,1.9
105,Europe,Italy,-,Desktop,2024-08-08,1880.1000000000004,Aug,2024,0.0,1880.1000000000004,0.0,0.0,0.0,0.0,0.0,0.0,0.0,0.0,0.0,0.0,0.0,0.0,0.0,0.0,0.0,0.0,1,38.5,1.9
106,Europe,Italy,-,Desktop,2024-08-09,1455.31,Aug,2024,0.0,1455.31,0.0,0.0,0.0,0.0,0.0,0.0,0.0,0.0,0.0,0.0,0.0,0.0,0.0,0.0,0.0,0.0,1,38.5,1.9
107,Europe,Italy,-,Desktop,2024-08-10,509.5500000000001,Aug,2024,0.0,509.5500000000001,0.0,0.0,0.0,0.0,0.0,0.0,0.0,0.0,0.0,0.0,0.0,0.0,0.0,0.0,0.0,0.0,1,38.5,1.9
108,Europe,Italy,-,Desktop,2024-08-11,369.98,Aug,2024,0.0,369.98,0.0,0.0,0.0,0.0,0.0,0.0,0.0,0.0,0.0,0.0,0.0,0.0,0.0,0.0,0.0,0.0,1,38.5,1.9
109,Europe,Italy,-,Desktop,2024-08-12,1345.53,Aug,2024,0.0,1345.53,0.0,0.0,0.0,0.0,0.0,0.0,0.0,0.0,0.0,0.0,0.0,0.0,0.0,0.0,0.0,0.0,0,38.5,1.9
110,Europe,Italy,-,Desktop,2024-08-13,711.8499999999998,Aug,2024,0.0,711.8499999999998,0.0,0.0,0.0,0.0,0.0,0.0,0.0,0.0,0.0,0.0,0.0,0.0,0.0,0.0,0.0,0.0,0,38.5,1.9
111,Europe,Italy,-,Desktop,2024-08-14,1479.7099999999998,Aug,2024,0.0,1479.7099999999998,0.0,0.0,0.0,0.0,0.0,0.0,0.0,0.0,0.0,0.0,0.0,0.0,0.0,0.0,0.0,0.0,1,38.5,1.9
112,Europe,Italy,-,Desktop,2024-08-15,1393.7199999999998,Aug,2024,0.0,1393.7199999999998,0.0,0.0,0.0,0.0,0.0,0.0,0.0,0.0,0.0,0.0,0.0,0.0,0.0,0.0,0.0,0.0,1,38.5,1.9
113,Europe,Italy,-,Desktop,2024-08-16,1439.3399999999997,Aug,2024,0.0,1439.3399999999997,0.0,0.0,0.0,0.0,0.0,0.0,0.0,0.0,0.0,0.0,0.0,0.0,0.0,0.0,0.0,0.0,1,38.5,1.9
114,Europe,Italy,-,Desktop,2024-08-17,460.34,Aug,2024,0.0,460.34,0.0,0.0,0.0,0.0,0.0,0.0,0.0,0.0,0.0,0.0,0.0,0.0,0.0,0.0,0.0,0.0,1,38.5,1.9
115,Europe,Italy,-,Desktop,2024-08-18,427.7899999999999,Aug,2024,0.0,427.7899999999999,0.0,0.0,0.0,0.0,0.0,0.0,0.0,0.0,0.0,0.0,0.0,0.0,0.0,0.0,0.0,0.0,1,38.5,1.9
116,Europe,Italy,-,Desktop,2024-08-19,1939.7299999999998,Aug,2024,0.0,1939.7299999999998,0.0,0.0,0.0,0.0,0.0,0.0,0.0,0.0,0.0,0.0,0.0,0.0,0.0,0.0,0.0,0.0,0,38.5,1.9
117,Europe,Italy,-,Desktop,2024-08-20,2002.4900000000002,Aug,2024,0.0,2002.4900000000002,0.0,0.0,0.0,0.0,0.0,0.0,0.0,0.0,0.0,0.0,0.0,0.0,0.0,0.0,0.0,0.0,0,38.5,1.9
118,Europe,Italy,-,Desktop,2024-08-21,1273.0900000000001,Aug,2024,0.0,1273.0900000000001,0.0,0.0,0.0,0.0,0.0,0.0,0.0,0.0,0.0,0.0,0.0,0.0,0.0,0.0,0.0,0.0,1,38.5,1.9
119,Europe,Italy,-,Desktop,2024-08-22,877.27,Aug,2024,0.0,877.27,0.0,0.0,0.0,0.0,0.0,0.0,0.0,0.0,0.0,0.0,0.0,0.0,0.0,0.0,0.0,0.0,1,38.5,1.9
120,Europe,Italy,-,Desktop,2024-08-23,818.6400000000001,Aug,2024,0.0,818.6400000000001,0.0,0.0,0.0,0.0,0.0,0.0,0.0,0.0,0.0,0.0,0.0,0.0,0.0,0.0,0.0,0.0,1,38.5,1.9
121,Europe,Italy,-,Desktop,2024-08-24,234.43999999999997,Aug,2024,0.0,234.43999999999997,0.0,0.0,0.0,0.0,0.0,0.0,0.0,0.0,0.0,0.0,0.0,0.0,0.0,0.0,0.0,0.0,1,38.5,1.9
122,Europe,Italy,-,Desktop,2024-08-25,180.32000000000002,Aug,2024,0.0,180.32000000000002,0.0,0.0,0.0,0.0,0.0,0.0,0.0,0.0,0.0,0.0,0.0,0.0,0.0,0.0,0.0,0.0,1,38.5,1.9
123,Europe,Italy,-,Desktop,2024-08-26,1033.2700000000002,Aug,2024,0.0,1033.2700000000002,0.0,0.0,0.0,0.0,0.0,0.0,0.0,0.0,0.0,0.0,0.0,0.0,0.0,0.0,0.0,0.0,0,38.5,1.9
124,Europe,Italy,-,Desktop,2024-08-27,1594.7399999999998,Aug,2024,0.0,1594.7399999999998,0.0,0.0,0.0,0.0,0.0,0.0,0.0,0.0,0.0,0.0,0.0,0.0,0.0,0.0,0.0,0.0,0,38.5,1.9
125,Europe,Italy,-,Desktop,2024-08-28,2247.39,Aug,2024,0.0,2247.39,0.0,0.0,0.0,0.0,0.0,0.0,0.0,0.0,0.0,0.0,0.0,0.0,0.0,0.0,0.0,0.0,1,38.5,1.9
126,Europe,Italy,-,Desktop,2024-08-29,3908.25,Aug,2024,0.0,3908.25,0.0,0.0,0.0,0.0,0.0,0.0,0.0,0.0,0.0,0.0,0.0,0.0,0.0,0.0,0.0,0.0,1,38.5,1.9
127,Europe,Italy,-,Desktop,2024-08-30,3352.46,Aug,2024,0.0,3352.46,0.0,0.0,0.0,0.0,0.0,0.0,0.0,0.0,0.0,0.0,0.0,0.0,0.0,0.0,0.0,0.0,1,38.5,1.9
128,Europe,Italy,-,Desktop,2024-08-31,255.31,Aug,2024,0.0,255.31,0.0,0.0,0.0,0.0,0.0,0.0,0.0,0.0,0.0,0.0,0.0,0.0,0.0,0.0,0.0,0.0,1,38.5,1.9
129,Europe,Italy,-,Desktop,2024-09-01,309.35,Sep,2024,0.0,0.0,0.0,0.0,0.0,0.0,0.0,0.0,309.35,0.0,0.0,0.0,0.0,0.0,0.0,0.0,0.0,0.0,1,38.5,1.9
130,Europe,Italy,-,Desktop,2024-09-02,1388.3099999999997,Sep,2024,0.0,0.0,0.0,0.0,0.0,0.0,0.0,0.0,1388.3099999999997,0.0,0.0,0.0,0.0,0.0,0.0,0.0,0.0,0.0,0,38.5,1.9
131,Europe,Italy,-,Desktop,2024-09-03,1476.0099999999998,Sep,2024,0.0,0.0,0.0,0.0,0.0,0.0,0.0,0.0,1476.0099999999998,0.0,0.0,0.0,0.0,0.0,0.0,0.0,0.0,0.0,0,38.5,1.9
132,Europe,Italy,-,Desktop,2024-09-04,1535.6,Sep,2024,0.0,0.0,0.0,0.0,0.0,0.0,0.0,0.0,1535.6,0.0,0.0,0.0,0.0,0.0,0.0,0.0,0.0,0.0,1,38.5,1.9
133,Europe,Italy,-,Desktop,2024-09-05,1373.6399999999999,Sep,2024,0.0,0.0,0.0,0.0,0.0,0.0,0.0,0.0,1373.6399999999999,0.0,0.0,0.0,0.0,0.0,0.0,0.0,0.0,0.0,1,38.5,1.9
134,Europe,Italy,-,Desktop,2024-09-06,1244.67,Sep,2024,0.0,0.0,0.0,0.0,0.0,0.0,0.0,0.0,1244.67,0.0,0.0,0.0,0.0,0.0,0.0,0.0,0.0,0.0,1,38.5,1.9
135,Europe,Italy,-,Desktop,2024-09-07,283.59999999999997,Sep,2024,0.0,0.0,0.0,0.0,0.0,0.0,0.0,0.0,283.59999999999997,0.0,0.0,0.0,0.0,0.0,0.0,0.0,0.0,0.0,1,38.5,1.9
136,Europe,Italy,-,Desktop,2024-09-08,245.02999999999997,Sep,2024,0.0,0.0,0.0,0.0,0.0,0.0,0.0,0.0,245.02999999999997,0.0,0.0,0.0,0.0,0.0,0.0,0.0,0.0,0.0,1,38.5,1.9
137,Europe,Italy,-,Desktop,2024-09-09,1817.3500000000006,Sep,2024,0.0,0.0,0.0,0.0,0.0,0.0,0.0,0.0,1817.3500000000006,0.0,0.0,0.0,0.0,0.0,0.0,0.0,0.0,0.0,0,38.5,1.9
138,Europe,Italy,-,Desktop,2024-09-10,1712.11,Sep,2024,0.0,0.0,0.0,0.0,0.0,0.0,0.0,0.0,1712.11,0.0,0.0,0.0,0.0,0.0,0.0,0.0,0.0,0.0,0,38.5,1.9
139,Europe,Italy,-,Desktop,2024-09-11,1786.3599999999997,Sep,2024,0.0,0.0,0.0,0.0,0.0,0.0,0.0,0.0,1786.3599999999997,0.0,0.0,0.0,0.0,0.0,0.0,0.0,0.0,0.0,1,38.5,1.9
140,Europe,Italy,-,Desktop,2024-09-12,1551.09,Sep,2024,0.0,0.0,0.0,0.0,0.0,0.0,0.0,0.0,1551.09,0.0,0.0,0.0,0.0,0.0,0.0,0.0,0.0,0.0,1,38.5,1.9
141,Europe,Italy,-,Desktop,2024-09-13,1522.17,Sep,2024,0.0,0.0,0.0,0.0,0.0,0.0,0.0,0.0,1522.17,0.0,0.0,0.0,0.0,0.0,0.0,0.0,0.0,0.0,1,38.5,1.9
142,Europe,Italy,-,Desktop,2024-09-14,287.43999999999994,Sep,2024,0.0,0.0,0.0,0.0,0.0,0.0,0.0,0.0,287.43999999999994,0.0,0.0,0.0,0.0,0.0,0.0,0.0,0.0,0.0,1,38.5,1.9
143,Europe,Italy,-,Desktop,2024-09-15,279.88,Sep,2024,0.0,0.0,0.0,0.0,0.0,0.0,0.0,0.0,279.88,0.0,0.0,0.0,0.0,0.0,0.0,0.0,0.0,0.0,1,38.5,1.9
144,Europe,Italy,-,Desktop,2024-09-16,1698.16,Sep,2024,0.0,0.0,0.0,0.0,0.0,0.0,0.0,0.0,1698.16,0.0,0.0,0.0,0.0,0.0,0.0,0.0,0.0,0.0,0,38.5,1.9
145,Europe,Italy,-,Desktop,2024-09-17,1830.1800000000003,Sep,2024,0.0,0.0,0.0,0.0,0.0,0.0,0.0,0.0,1830.1800000000003,0.0,0.0,0.0,0.0,0.0,0.0,0.0,0.0,0.0,0,38.5,1.9
146,Europe,Italy,-,Desktop,2024-09-18,2013.5200000000002,Sep,2024,0.0,0.0,0.0,0.0,0.0,0.0,0.0,0.0,2013.5200000000002,0.0,0.0,0.0,0.0,0.0,0.0,0.0,0.0,0.0,1,38.5,1.9
147,Europe,Italy,-,Desktop,2024-09-19,2066.61,Sep,2024,0.0,0.0,0.0,0.0,0.0,0.0,0.0,0.0,2066.61,0.0,0.0,0.0,0.0,0.0,0.0,0.0,0.0,0.0,1,38.5,1.9
148,Europe,Italy,-,Desktop,2024-09-20,1645.63,Sep,2024,0.0,0.0,0.0,0.0,0.0,0.0,0.0,0.0,1645.63,0.0,0.0,0.0,0.0,0.0,0.0,0.0,0.0,0.0,1,38.5,1.9
149,Europe,Italy,-,Desktop,2024-09-21,458.15000000000003,Sep,2024,0.0,0.0,0.0,0.0,0.0,0.0,0.0,0.0,458.15000000000003,0.0,0.0,0.0,0.0,0.0,0.0,0.0,0.0,0.0,1,38.5,1.9
150,Europe,Italy,-,Desktop,2024-09-22,333.13,Sep,2024,0.0,0.0,0.0,0.0,0.0,0.0,0.0,0.0,333.13,0.0,0.0,0.0,0.0,0.0,0.0,0.0,0.0,0.0,1,38.5,1.9
151,Europe,Italy,-,Desktop,2024-09-23,1878.8999999999999,Sep,2024,0.0,0.0,0.0,0.0,0.0,0.0,0.0,0.0,1878.8999999999999,0.0,0.0,0.0,0.0,0.0,0.0,0.0,0.0,0.0,0,38.5,1.9
152,Europe,Italy,-,Desktop,2024-09-24,2130.5499999999997,Sep,2024,0.0,0.0,0.0,0.0,0.0,0.0,0.0,0.0,2130.5499999999997,0.0,0.0,0.0,0.0,0.0,0.0,0.0,0.0,0.0,0,38.5,1.9
153,Europe,Italy,-,Desktop,2024-09-25,1996.8,Sep,2024,0.0,0.0,0.0,0.0,0.0,0.0,0.0,0.0,1996.8,0.0,0.0,0.0,0.0,0.0,0.0,0.0,0.0,0.0,1,38.5,1.9
154,Europe,Italy,-,Desktop,2024-09-26,1818.6300000000003,Sep,2024,0.0,0.0,0.0,0.0,0.0,0.0,0.0,0.0,1818.6300000000003,0.0,0.0,0.0,0.0,0.0,0.0,0.0,0.0,0.0,1,38.5,1.9
155,Europe,Italy,-,Desktop,2024-09-27,1990.42,Sep,2024,0.0,0.0,0.0,0.0,0.0,0.0,0.0,0.0,1990.42,0.0,0.0,0.0,0.0,0.0,0.0,0.0,0.0,0.0,1,38.5,1.9
156,Europe,Italy,-,Desktop,2024-09-28,703.78,Sep,2024,0.0,0.0,0.0,0.0,0.0,0.0,0.0,0.0,703.78,0.0,0.0,0.0,0.0,0.0,0.0,0.0,0.0,0.0,1,38.5,1.9
157,Europe,Italy,-,Desktop,2024-09-29,685.8,Sep,2024,0.0,0.0,0.0,0.0,0.0,0.0,0.0,0.0,685.8,0.0,0.0,0.0,0.0,0.0,0.0,0.0,0.0,0.0,1,38.5,1.9
158,Europe,Italy,-,Desktop,2024-09-30,4067.7699999999995,Sep,2024,0.0,0.0,0.0,0.0,0.0,0.0,0.0,0.0,4067.7699999999995,0.0,0.0,0.0,0.0,0.0,0.0,0.0,0.0,0.0,0,38.5,1.9
159,Europe,Italy,-,Desktop,2024-10-01,3772.8399999999992,Oct,2024,0.0,0.0,0.0,0.0,0.0,0.0,0.0,3772.8399999999992,0.0,0.0,0.0,0.0,0.0,0.0,0.0,0.0,0.0,0.0,0,38.5,1.9
160,Europe,Italy,-,Desktop,2024-10-02,4380.150000000001,Oct,2024,0.0,0.0,0.0,0.0,0.0,0.0,0.0,4380.150000000001,0.0,0.0,0.0,0.0,0.0,0.0,0.0,0.0,0.0,0.0,1,38.5,1.9
161,Europe,Italy,-,Desktop,2024-10-03,3386.64,Oct,2024,0.0,0.0,0.0,0.0,0.0,0.0,0.0,3386.64,0.0,0.0,0.0,0.0,0.0,0.0,0.0,0.0,0.0,0.0,1,38.5,1.9
162,Europe,Italy,-,Desktop,2024-10-04,1214.91,Oct,2024,0.0,0.0,0.0,0.0,0.0,0.0,0.0,1214.91,0.0,0.0,0.0,0.0,0.0,0.0,0.0,0.0,0.0,0.0,1,38.5,1.9
163,Europe,Italy,-,Desktop,2024-10-05,259.18,Oct,2024,0.0,0.0,0.0,0.0,0.0,0.0,0.0,259.18,0.0,0.0,0.0,0.0,0.0,0.0,0.0,0.0,0.0,0.0,1,38.5,1.9
164,Europe,Italy,-,Desktop,2024-10-06,198.86,Oct,2024,0.0,0.0,0.0,0.0,0.0,0.0,0.0,198.86,0.0,0.0,0.0,0.0,0.0,0.0,0.0,0.0,0.0,0.0,1,38.5,1.9
165,Europe,Italy,-,Desktop,2024-10-07,1442.79,Oct,2024,0.0,0.0,0.0,0.0,0.0,0.0,0.0,1442.79,0.0,0.0,0.0,0.0,0.0,0.0,0.0,0.0,0.0,0.0,0,38.5,1.9
166,Europe,Italy,-,Desktop,2024-10-08,1411.74,Oct,2024,0.0,0.0,0.0,0.0,0.0,0.0,0.0,1411.74,0.0,0.0,0.0,0.0,0.0,0.0,0.0,0.0,0.0,0.0,0,38.5,1.9
167,Europe,Italy,-,Desktop,2024-10-09,1575.51,Oct,2024,0.0,0.0,0.0,0.0,0.0,0.0,0.0,1575.51,0.0,0.0,0.0,0.0,0.0,0.0,0.0,0.0,0.0,0.0,1,38.5,1.9
168,Europe,Italy,-,Desktop,2024-10-10,1620.7900000000004,Oct,2024,0.0,0.0,0.0,0.0,0.0,0.0,0.0,1620.7900000000004,0.0,0.0,0.0,0.0,0.0,0.0,0.0,0.0,0.0,0.0,1,38.5,1.9
169,Europe,Italy,-,Desktop,2024-10-11,1848.2400000000002,Oct,2024,0.0,0.0,0.0,0.0,0.0,0.0,0.0,1848.2400000000002,0.0,0.0,0.0,0.0,0.0,0.0,0.0,0.0,0.0,0.0,1,38.5,1.9
170,Europe,Italy,-,Desktop,2024-10-12,365.2300000000001,Oct,2024,0.0,0.0,0.0,0.0,0.0,0.0,0.0,365.2300000000001,0.0,0.0,0.0,0.0,0.0,0.0,0.0,0.0,0.0,0.0,1,38.5,1.9
171,Europe,Italy,-,Desktop,2024-10-13,410.52000000000004,Oct,2024,0.0,0.0,0.0,0.0,0.0,0.0,0.0,410.52000000000004,0.0,0.0,0.0,0.0,0.0,0.0,0.0,0.0,0.0,0.0,1,38.5,1.9
172,Europe,Italy,-,Desktop,2024-10-14,2185.67,Oct,2024,0.0,0.0,0.0,0.0,0.0,0.0,0.0,2185.67,0.0,0.0,0.0,0.0,0.0,0.0,0.0,0.0,0.0,0.0,0,38.5,1.9
173,Europe,Italy,-,Desktop,2024-10-15,2000.79,Oct,2024,0.0,0.0,0.0,0.0,0.0,0.0,0.0,2000.79,0.0,0.0,0.0,0.0,0.0,0.0,0.0,0.0,0.0,0.0,0,38.5,1.9
174,Europe,Italy,-,Desktop,2024-10-16,1808.8000000000002,Oct,2024,0.0,0.0,0.0,0.0,0.0,0.0,0.0,1808.8000000000002,0.0,0.0,0.0,0.0,0.0,0.0,0.0,0.0,0.0,0.0,1,38.5,1.9
175,Europe,Italy,-,Desktop,2024-10-17,1914.75,Oct,2024,0.0,0.0,0.0,0.0,0.0,0.0,0.0,1914.75,0.0,0.0,0.0,0.0,0.0,0.0,0.0,0.0,0.0,0.0,1,38.5,1.9
176,Europe,Italy,-,Desktop,2024-10-18,1570.5099999999998,Oct,2024,0.0,0.0,0.0,0.0,0.0,0.0,0.0,1570.5099999999998,0.0,0.0,0.0,0.0,0.0,0.0,0.0,0.0,0.0,0.0,1,38.5,1.9
177,Europe,Italy,-,Desktop,2024-10-19,395.72999999999996,Oct,2024,0.0,0.0,0.0,0.0,0.0,0.0,0.0,395.72999999999996,0.0,0.0,0.0,0.0,0.0,0.0,0.0,0.0,0.0,0.0,1,38.5,1.9
178,Europe,Italy,-,Desktop,2024-10-20,314.61,Oct,2024,0.0,0.0,0.0,0.0,0.0,0.0,0.0,314.61,0.0,0.0,0.0,0.0,0.0,0.0,0.0,0.0,0.0,0.0,1,38.5,1.9
179,Europe,Italy,-,Desktop,2024-10-21,1774.4299999999998,Oct,2024,0.0,0.0,0.0,0.0,0.0,0.0,0.0,1774.4299999999998,0.0,0.0,0.0,0.0,0.0,0.0,0.0,0.0,0.0,0.0,0,38.5,1.9
180,Europe,Italy,-,Desktop,2024-10-22,1749.7499999999995,Oct,2024,0.0,0.0,0.0,0.0,0.0,0.0,0.0,1749.7499999999995,0.0,0.0,0.0,0.0,0.0,0.0,0.0,0.0,0.0,0.0,0,38.5,1.9
181,Europe,Italy,-,Desktop,2024-10-23,1510.7600000000002,Oct,2024,0.0,0.0,0.0,0.0,0.0,0.0,0.0,1510.7600000000002,0.0,0.0,0.0,0.0,0.0,0.0,0.0,0.0,0.0,0.0,1,38.5,1.9
182,Europe,Italy,-,Desktop,2024-10-24,1702.94,Oct,2024,0.0,0.0,0.0,0.0,0.0,0.0,0.0,1702.94,0.0,0.0,0.0,0.0,0.0,0.0,0.0,0.0,0.0,0.0,1,38.5,1.9
183,Europe,Italy,-,Desktop,2024-10-25,1574.01,Oct,2024,0.0,0.0,0.0,0.0,0.0,0.0,0.0,1574.01,0.0,0.0,0.0,0.0,0.0,0.0,0.0,0.0,0.0,0.0,1,38.5,1.9
184,Europe,Italy,-,Desktop,2024-10-26,350.60999999999996,Oct,2024,0.0,0.0,0.0,0.0,0.0,0.0,0.0,350.60999999999996,0.0,0.0,0.0,0.0,0.0,0.0,0.0,0.0,0.0,0.0,1,38.5,1.9
185,Europe,Italy,-,Desktop,2024-10-27,357.93,Oct,2024,0.0,0.0,0.0,0.0,0.0,0.0,0.0,357.93,0.0,0.0,0.0,0.0,0.0,0.0,0.0,0.0,0.0,0.0,1,38.5,1.9
186,Europe,Italy,-,Desktop,2024-10-28,1724.33,Oct,2024,0.0,0.0,0.0,0.0,0.0,0.0,0.0,1724.33,0.0,0.0,0.0,0.0,0.0,0.0,0.0,0.0,0.0,0.0,0,38.5,1.9
187,Europe,Italy,-,Desktop,2024-10-29,1664.38,Oct,2024,0.0,0.0,0.0,0.0,0.0,0.0,0.0,1664.38,0.0,0.0,0.0,0.0,0.0,0.0,0.0,0.0,0.0,0.0,0,38.5,1.9
188,Europe,Italy,-,Desktop,2024-10-30,780.6200000000001,Oct,2024,0.0,0.0,0.0,0.0,0.0,0.0,0.0,780.6200000000001,0.0,0.0,0.0,0.0,0.0,0.0,0.0,0.0,0.0,0.0,1,38.5,1.9
189,Europe,Italy,-,Desktop,2024-10-31,1784.23,Oct,2024,0.0,0.0,0.0,0.0,0.0,0.0,0.0,1784.23,0.0,0.0,0.0,0.0,0.0,0.0,0.0,0.0,0.0,0.0,1,38.5,1.9
190,Europe,Italy,-,Desktop,2024-11-01,1693.5900000000001,Nov,2024,0.0,0.0,0.0,0.0,0.0,0.0,1693.5900000000001,0.0,0.0,0.0,0.0,0.0,0.0,0.0,0.0,0.0,0.0,0.0,1,38.5,1.9
191,Europe,Italy,-,Desktop,2024-11-02,437.09000000000003,Nov,2024,0.0,0.0,0.0,0.0,0.0,0.0,437.09000000000003,0.0,0.0,0.0,0.0,0.0,0.0,0.0,0.0,0.0,0.0,0.0,1,38.5,1.9
192,Europe,Italy,-,Desktop,2024-11-03,411.76,Nov,2024,0.0,0.0,0.0,0.0,0.0,0.0,411.76,0.0,0.0,0.0,0.0,0.0,0.0,0.0,0.0,0.0,0.0,0.0,1,38.5,1.9
193,Europe,Italy,-,Desktop,2024-11-04,2237.6000000000004,Nov,2024,0.0,0.0,0.0,0.0,0.0,0.0,2237.6000000000004,0.0,0.0,0.0,0.0,0.0,0.0,0.0,0.0,0.0,0.0,0.0,0,38.5,1.9
194,Europe,Italy,-,Desktop,2024-11-05,1913.82,Nov,2024,0.0,0.0,0.0,0.0,0.0,0.0,1913.82,0.0,0.0,0.0,0.0,0.0,0.0,0.0,0.0,0.0,0.0,0.0,0,38.5,1.9
195,Europe,Italy,-,Desktop,2024-11-06,2112.67,Nov,2024,0.0,0.0,0.0,0.0,0.0,0.0,2112.67,0.0,0.0,0.0,0.0,0.0,0.0,0.0,0.0,0.0,0.0,0.0,1,38.5,1.9
196,Europe,Italy,-,Desktop,2024-11-07,1815.96,Nov,2024,0.0,0.0,0.0,0.0,0.0,0.0,1815.96,0.0,0.0,0.0,0.0,0.0,0.0,0.0,0.0,0.0,0.0,0.0,1,38.5,1.9
197,Europe,Italy,-,Desktop,2024-11-08,1976.1599999999999,Nov,2024,0.0,0.0,0.0,0.0,0.0,0.0,1976.1599999999999,0.0,0.0,0.0,0.0,0.0,0.0,0.0,0.0,0.0,0.0,0.0,1,38.5,1.9
198,Europe,Italy,-,Desktop,2024-11-09,517.29,Nov,2024,0.0,0.0,0.0,0.0,0.0,0.0,517.29,0.0,0.0,0.0,0.0,0.0,0.0,0.0,0.0,0.0,0.0,0.0,1,38.5,1.9
199,Europe,Italy,-,Desktop,2024-11-10,538.6999999999999,Nov,2024,0.0,0.0,0.0,0.0,0.0,0.0,538.6999999999999,0.0,0.0,0.0,0.0,0.0,0.0,0.0,0.0,0.0,0.0,0.0,1,38.5,1.9
200,Europe,Italy,-,Desktop,2024-11-11,3287.439999999999,Nov,2024,0.0,0.0,0.0,0.0,0.0,0.0,3287.439999999999,0.0,0.0,0.0,0.0,0.0,0.0,0.0,0.0,0.0,0.0,0.0,0,38.5,1.9
201,Europe,Italy,-,Desktop,2024-11-12,3399.2499999999995,Nov,2024,0.0,0.0,0.0,0.0,0.0,0.0,3399.2499999999995,0.0,0.0,0.0,0.0,0.0,0.0,0.0,0.0,0.0,0.0,0.0,0,38.5,1.9
202,Europe,Italy,-,Desktop,2024-11-13,1556.1499999999999,Nov,2024,0.0,0.0,0.0,0.0,0.0,0.0,1556.1499999999999,0.0,0.0,0.0,0.0,0.0,0.0,0.0,0.0,0.0,0.0,0.0,1,38.5,1.9
203,Europe,Italy,-,Desktop,2024-11-14,1569.6799999999998,Nov,2024,0.0,0.0,0.0,0.0,0.0,0.0,1569.6799999999998,0.0,0.0,0.0,0.0,0.0,0.0,0.0,0.0,0.0,0.0,0.0,1,38.5,1.9
204,Europe,Italy,-,Desktop,2024-11-15,1499.64,Nov,2024,0.0,0.0,0.0,0.0,0.0,0.0,1499.64,0.0,0.0,0.0,0.0,0.0,0.0,0.0,0.0,0.0,0.0,0.0,1,38.5,1.9
205,Europe,Italy,-,Desktop,2024-11-16,371.76,Nov,2024,0.0,0.0,0.0,0.0,0.0,0.0,371.76,0.0,0.0,0.0,0.0,0.0,0.0,0.0,0.0,0.0,0.0,0.0,1,38.5,1.9
206,Europe,Italy,-,Desktop,2024-11-17,390.7999999999999,Nov,2024,0.0,0.0,0.0,0.0,0.0,0.0,390.7999999999999,0.0,0.0,0.0,0.0,0.0,0.0,0.0,0.0,0.0,0.0,0.0,1,38.5,1.9
207,Europe,Italy,-,Desktop,2024-11-18,2097.08,Nov,2024,0.0,0.0,0.0,0.0,0.0,0.0,2097.08,0.0,0.0,0.0,0.0,0.0,0.0,0.0,0.0,0.0,0.0,0.0,0,38.5,1.9
208,Europe,Italy,-,Desktop,2024-11-19,1886.8400000000001,Nov,2024,0.0,0.0,0.0,0.0,0.0,0.0,1886.8400000000001,0.0,0.0,0.0,0.0,0.0,0.0,0.0,0.0,0.0,0.0,0.0,0,38.5,1.9
209,Europe,Italy,-,Desktop,2024-11-20,2168.99,Nov,2024,0.0,0.0,0.0,0.0,0.0,0.0,2168.99,0.0,0.0,0.0,0.0,0.0,0.0,0.0,0.0,0.0,0.0,0.0,1,38.5,1.9
210,Europe,Italy,-,Desktop,2024-11-21,1776.9399999999998,Nov,2024,0.0,0.0,0.0,0.0,0.0,0.0,1776.9399999999998,0.0,0.0,0.0,0.0,0.0,0.0,0.0,0.0,0.0,0.0,0.0,1,38.5,1.9
211,Europe,Italy,-,Desktop,2024-11-22,1616.08,Nov,2024,0.0,0.0,0.0,0.0,0.0,0.0,1616.08,0.0,0.0,0.0,0.0,0.0,0.0,0.0,0.0,0.0,0.0,0.0,1,38.5,1.9
212,Europe,Italy,-,Desktop,2024-11-23,496.08,Nov,2024,0.0,0.0,0.0,0.0,0.0,0.0,496.08,0.0,0.0,0.0,0.0,0.0,0.0,0.0,0.0,0.0,0.0,0.0,1,38.5,1.9
213,Europe,Italy,-,Desktop,2024-11-24,531.97,Nov,2024,0.0,0.0,0.0,0.0,0.0,0.0,531.97,0.0,0.0,0.0,0.0,0.0,0.0,0.0,0.0,0.0,0.0,0.0,1,38.5,1.9
214,Europe,Italy,-,Desktop,2024-11-25,2164.6,Nov,2024,0.0,0.0,0.0,0.0,0.0,0.0,2164.6,0.0,0.0,0.0,0.0,0.0,0.0,0.0,0.0,0.0,0.0,0.0,0,38.5,1.9
215,Europe,Italy,-,Desktop,2024-11-26,2203.72,Nov,2024,0.0,0.0,0.0,0.0,0.0,0.0,2203.72,0.0,0.0,0.0,0.0,0.0,0.0,0.0,0.0,0.0,0.0,0.0,0,38.5,1.9
216,Europe,Italy,-,Desktop,2024-11-27,2074.0299999999997,Nov,2024,0.0,0.0,0.0,0.0,0.0,0.0,2074.0299999999997,0.0,0.0,0.0,0.0,0.0,0.0,0.0,0.0,0.0,0.0,0.0,1,38.5,1.9
217,Europe,Italy,-,Desktop,2024-11-28,2161.9700000000003,Nov,2024,0.0,0.0,0.0,0.0,0.0,0.0,2161.9700000000003,0.0,0.0,0.0,0.0,0.0,0.0,0.0,0.0,0.0,0.0,0.0,1,38.5,1.9
218,Europe,Italy,-,Desktop,2024-11-29,1970.4699999999998,Nov,2024,0.0,0.0,0.0,0.0,0.0,0.0,1970.4699999999998,0.0,0.0,0.0,0.0,0.0,0.0,0.0,0.0,0.0,0.0,0.0,1,38.5,1.9
219,Europe,Italy,-,Desktop,2024-11-30,576.31,Nov,2024,0.0,0.0,0.0,0.0,0.0,0.0,576.31,0.0,0.0,0.0,0.0,0.0,0.0,0.0,0.0,0.0,0.0,0.0,1,38.5,1.9
220,Europe,Italy,-,Desktop,2024-12-01,492.84,Dec,2024,0.0,0.0,492.84,0.0,0.0,0.0,0.0,0.0,0.0,0.0,0.0,0.0,0.0,0.0,0.0,0.0,0.0,0.0,1,38.5,1.9
221,Europe,Italy,-,Desktop,2024-12-02,2664.7400000000002,Dec,2024,0.0,0.0,2664.7400000000002,0.0,0.0,0.0,0.0,0.0,0.0,0.0,0.0,0.0,0.0,0.0,0.0,0.0,0.0,0.0,0,38.5,1.9
222,Europe,Italy,-,Desktop,2024-12-03,2374.7200000000003,Dec,2024,0.0,0.0,2374.7200000000003,0.0,0.0,0.0,0.0,0.0,0.0,0.0,0.0,0.0,0.0,0.0,0.0,0.0,0.0,0.0,0,38.5,1.9
223,Europe,Italy,-,Desktop,2024-12-04,2257.26,Dec,2024,0.0,0.0,2257.26,0.0,0.0,0.0,0.0,0.0,0.0,0.0,0.0,0.0,0.0,0.0,0.0,0.0,0.0,0.0,1,38.5,1.9
224,Europe,Italy,-,Desktop,2024-12-05,1649.1299999999999,Dec,2024,0.0,0.0,1649.1299999999999,0.0,0.0,0.0,0.0,0.0,0.0,0.0,0.0,0.0,0.0,0.0,0.0,0.0,0.0,0.0,1,38.5,1.9
225,Europe,Italy,-,Desktop,2024-12-06,573.38,Dec,2024,0.0,0.0,573.38,0.0,0.0,0.0,0.0,0.0,0.0,0.0,0.0,0.0,0.0,0.0,0.0,0.0,0.0,0.0,1,38.5,1.9
226,Europe,Italy,-,Desktop,2024-12-07,540.0600000000002,Dec,2024,0.0,0.0,540.0600000000002,0.0,0.0,0.0,0.0,0.0,0.0,0.0,0.0,0.0,0.0,0.0,0.0,0.0,0.0,0.0,1,38.5,1.9
227,Europe,Italy,-,Desktop,2024-12-08,556.51,Dec,2024,0.0,0.0,556.51,0.0,0.0,0.0,0.0,0.0,0.0,0.0,0.0,0.0,0.0,0.0,0.0,0.0,0.0,0.0,1,38.5,1.9
228,Europe,Italy,-,Desktop,2024-12-09,2486.21,Dec,2024,0.0,0.0,2486.21,0.0,0.0,0.0,0.0,0.0,0.0,0.0,0.0,0.0,0.0,0.0,0.0,0.0,0.0,0.0,0,38.5,1.9
229,Europe,Italy,-,Desktop,2024-12-10,2339.11,Dec,2024,0.0,0.0,2339.11,0.0,0.0,0.0,0.0,0.0,0.0,0.0,0.0,0.0,0.0,0.0,0.0,0.0,0.0,0.0,0,38.5,1.9
230,Europe,Italy,-,Desktop,2024-12-11,3851.3300000000004,Dec,2024,0.0,0.0,3851.3300000000004,0.0,0.0,0.0,0.0,0.0,0.0,0.0,0.0,0.0,0.0,0.0,0.0,0.0,0.0,0.0,1,38.5,1.9
231,Europe,Italy,-,Desktop,2024-12-12,4977.109999999999,Dec,2024,0.0,0.0,4977.109999999999,0.0,0.0,0.0,0.0,0.0,0.0,0.0,0.0,0.0,0.0,0.0,0.0,0.0,0.0,0.0,1,38.5,1.9
232,Europe,Italy,-,Desktop,2024-12-13,4302.19,Dec,2024,0.0,0.0,4302.19,0.0,0.0,0.0,0.0,0.0,0.0,0.0,0.0,0.0,0.0,0.0,0.0,0.0,0.0,0.0,1,38.5,1.9
233,Europe,Italy,-,Desktop,2024-12-14,1091.25,Dec,2024,0.0,0.0,1091.25,0.0,0.0,0.0,0.0,0.0,0.0,0.0,0.0,0.0,0.0,0.0,0.0,0.0,0.0,0.0,1,38.5,1.9
234,Europe,Italy,-,Desktop,2024-12-15,1234.4899999999996,Dec,2024,0.0,0.0,1234.4899999999996,0.0,0.0,0.0,0.0,0.0,0.0,0.0,0.0,0.0,0.0,0.0,0.0,0.0,0.0,0.0,1,38.5,1.9
235,Europe,Italy,-,Desktop,2024-12-16,5070.930000000001,Dec,2024,0.0,0.0,5070.930000000001,0.0,0.0,0.0,0.0,0.0,0.0,0.0,0.0,0.0,0.0,0.0,0.0,0.0,0.0,0.0,0,38.5,1.9
236,Europe,Italy,-,Desktop,2024-12-17,1297.2499999999998,Dec,2024,0.0,0.0,1297.2499999999998,0.0,0.0,0.0,0.0,0.0,0.0,0.0,0.0,0.0,0.0,0.0,0.0,0.0,0.0,0.0,0,38.5,1.9
237,Europe,Italy,-,Desktop,2024-12-18,3366.2699999999995,Dec,2024,0.0,0.0,3366.2699999999995,0.0,0.0,0.0,0.0,0.0,0.0,0.0,0.0,0.0,0.0,0.0,0.0,0.0,0.0,0.0,1,38.5,1.9
238,Europe,Italy,-,Desktop,2024-12-19,2851.4999999999995,Dec,2024,0.0,0.0,2851.4999999999995,0.0,0.0,0.0,0.0,0.0,0.0,0.0,0.0,0.0,0.0,0.0,0.0,0.0,0.0,0.0,1,38.5,1.9
239,Europe,Italy,-,Desktop,2024-12-20,2612.83,Dec,2024,0.0,0.0,2612.83,0.0,0.0,0.0,0.0,0.0,0.0,0.0,0.0,0.0,0.0,0.0,0.0,0.0,0.0,0.0,1,38.5,1.9
240,Europe,Italy,-,Desktop,2024-12-21,571.65,Dec,2024,0.0,0.0,571.65,0.0,0.0,0.0,0.0,0.0,0.0,0.0,0.0,0.0,0.0,0.0,0.0,0.0,0.0,0.0,1,38.5,1.9
241,Europe,Italy,-,Desktop,2024-12-22,162.98999999999998,Dec,2024,0.0,0.0,162.98999999999998,0.0,0.0,0.0,0.0,0.0,0.0,0.0,0.0,0.0,0.0,0.0,0.0,0.0,0.0,0.0,1,38.5,1.9
242,Europe,Italy,-,Desktop,2024-12-23,1497.9693089430896,Dec,2024,0.0,0.0,1497.9693089430896,0.0,0.0,0.0,0.0,0.0,0.0,0.0,0.0,0.0,0.0,0.0,0.0,0.0,0.0,0.0,0,38.5,1.9
243,Europe,Italy,-,Desktop,2024-12-24,1497.9693089430896,Dec,2024,0.0,0.0,1497.9693089430896,0.0,0.0,0.0,0.0,0.0,0.0,0.0,0.0,0.0,0.0,0.0,0.0,0.0,0.0,0.0,0,38.5,1.9
244,Europe,Italy,-,Desktop,2024-12-25,1395.05,Dec,2024,0.0,0.0,1395.05,0.0,0.0,0.0,0.0,0.0,0.0,0.0,0.0,0.0,0.0,0.0,0.0,0.0,0.0,0.0,1,38.5,1.9
245,Europe,Italy,-,Desktop,2024-12-26,190.26999999999998,Dec,2024,0.0,0.0,190.26999999999998,0.0,0.0,0.0,0.0,0.0,0.0,0.0,0.0,0.0,0.0,0.0,0.0,0.0,0.0,0.0,1,38.5,1.9
246,Europe,Italy,-,Desktop,2024-12-27,1497.9693089430896,Dec,2024,0.0,0.0,1497.9693089430896,0.0,0.0,0.0,0.0,0.0,0.0,0.0,0.0,0.0,0.0,0.0,0.0,0.0,0.0,0.0,1,38.5,1.9
247,Europe,Italy,-,Desktop,2024-12-28,1497.9693089430896,Dec,2024,0.0,0.0,1497.9693089430896,0.0,0.0,0.0,0.0,0.0,0.0,0.0,0.0,0.0,0.0,0.0,0.0,0.0,0.0,0.0,1,38.5,1.9
248,Europe,Italy,-,Desktop,2024-12-29,1497.9693089430896,Dec,2024,0.0,0.0,1497.9693089430896,0.0,0.0,0.0,0.0,0.0,0.0,0.0,0.0,0.0,0.0,0.0,0.0,0.0,0.0,0.0,1,38.5,1.9
249,Europe,Italy,-,Desktop,2024-12-30,97.27,Dec,2024,0.0,0.0,97.27,0.0,0.0,0.0,0.0,0.0,0.0,0.0,0.0,0.0,0.0,0.0,0.0,0.0,0.0,0.0,0,38.5,1.9
250,Europe,Italy,-,Desktop,2024-12-31,821.8399999999999,Dec,2024,0.0,0.0,821.8399999999999,0.0,0.0,0.0,0.0,0.0,0.0,0.0,0.0,0.0,0.0,0.0,0.0,0.0,0.0,0.0,0,38.5,1.9
251,Europe,Italy,-,Mobile & Tablet,2024-04-25,168.44000000000005,Apr,2024,0.0,0.0,0.0,0.0,0.0,0.0,0.0,0.0,0.0,168.44000000000005,0.0,0.0,0.0,0.0,0.0,0.0,0.0,0.0,1,17.3,0.33
252,Europe,Italy,-,Mobile & Tablet,2024-04-26,268.68,Apr,2024,0.0,0.0,0.0,0.0,0.0,0.0,0.0,0.0,0.0,268.68,0.0,0.0,0.0,0.0,0.0,0.0,0.0,0.0,1,17.3,0.33
253,Europe,Italy,-,Mobile & Tablet,2024-04-27,85.13,Apr,2024,0.0,0.0,0.0,0.0,0.0,0.0,0.0,0.0,0.0,85.13,0.0,0.0,0.0,0.0,0.0,0.0,0.0,0.0,1,17.3,0.33
254,Europe,Italy,-,Mobile & Tablet,2024-04-28,64.63,Apr,2024,0.0,0.0,0.0,0.0,0.0,0.0,0.0,0.0,0.0,64.63,0.0,0.0,0.0,0.0,0.0,0.0,0.0,0.0,1,17.3,0.33
255,Europe,Italy,-,Mobile & Tablet,2024-04-29,114.11999999999999,Apr,2024,0.0,0.0,0.0,0.0,0.0,0.0,0.0,0.0,0.0,114.11999999999999,0.0,0.0,0.0,0.0,0.0,0.0,0.0,0.0,0,17.3,0.33
256,Europe,Italy,-,Mobile & Tablet,2024-04-30,249.24000000000004,Apr,2024,0.0,0.0,0.0,0.0,0.0,0.0,0.0,0.0,0.0,249.24000000000004,0.0,0.0,0.0,0.0,0.0,0.0,0.0,0.0,0,17.3,0.33
257,Europe,Italy,-,Mobile & Tablet,2024-05-01,222.45999999999998,May,2024,0.0,0.0,0.0,0.0,0.0,0.0,0.0,0.0,0.0,0.0,0.0,0.0,0.0,0.0,222.45999999999998,0.0,0.0,0.0,1,17.3,0.33
258,Europe,Italy,-,Mobile & Tablet,2024-05-02,233.45000000000002,May,2024,0.0,0.0,0.0,0.0,0.0,0.0,0.0,0.0,0.0,0.0,0.0,0.0,0.0,0.0,233.45000000000002,0.0,0.0,0.0,1,17.3,0.33
259,Europe,Italy,-,Mobile & Tablet,2024-05-03,222.47,May,2024,0.0,0.0,0.0,0.0,0.0,0.0,0.0,0.0,0.0,0.0,0.0,0.0,0.0,0.0,222.47,0.0,0.0,0.0,1,17.3,0.33
260,Europe,Italy,-,Mobile & Tablet,2024-05-04,124.49000000000002,May,2024,0.0,0.0,0.0,0.0,0.0,0.0,0.0,0.0,0.0,0.0,0.0,0.0,0.0,0.0,124.49000000000002,0.0,0.0,0.0,1,17.3,0.33
261,Europe,Italy,-,Mobile & Tablet,2024-05-05,107.50000000000001,May,2024,0.0,0.0,0.0,0.0,0.0,0.0,0.0,0.0,0.0,0.0,0.0,0.0,0.0,0.0,107.50000000000001,0.0,0.0,0.0,1,17.3,0.33
262,Europe,Italy,-,Mobile & Tablet,2024-05-06,217.91,May,2024,0.0,0.0,0.0,0.0,0.0,0.0,0.0,0.0,0.0,0.0,0.0,0.0,0.0,0.0,217.91,0.0,0.0,0.0,0,17.3,0.33
263,Europe,Italy,-,Mobile & Tablet,2024-05-07,203.25999999999996,May,2024,0.0,0.0,0.0,0.0,0.0,0.0,0.0,0.0,0.0,0.0,0.0,0.0,0.0,0.0,203.25999999999996,0.0,0.0,0.0,0,17.3,0.33
264,Europe,Italy,-,Mobile & Tablet,2024-05-08,172.13,May,2024,0.0,0.0,0.0,0.0,0.0,0.0,0.0,0.0,0.0,0.0,0.0,0.0,0.0,0.0,172.13,0.0,0.0,0.0,1,17.3,0.33
265,Europe,Italy,-,Mobile & Tablet,2024-05-09,151.28,May,2024,0.0,0.0,0.0,0.0,0.0,0.0,0.0,0.0,0.0,0.0,0.0,0.0,0.0,0.0,151.28,0.0,0.0,0.0,1,17.3,0.33
266,Europe,Italy,-,Mobile & Tablet,2024-05-10,126.16000000000001,May,2024,0.0,0.0,0.0,0.0,0.0,0.0,0.0,0.0,0.0,0.0,0.0,0.0,0.0,0.0,126.16000000000001,0.0,0.0,0.0,1,17.3,0.33
267,Europe,Italy,-,Mobile & Tablet,2024-05-11,88.07000000000001,May,2024,0.0,0.0,0.0,0.0,0.0,0.0,0.0,0.0,0.0,0.0,0.0,0.0,0.0,0.0,88.07000000000001,0.0,0.0,0.0,1,17.3,0.33
268,Europe,Italy,-,Mobile & Tablet,2024-05-12,73.79999999999998,May,2024,0.0,0.0,0.0,0.0,0.0,0.0,0.0,0.0,0.0,0.0,0.0,0.0,0.0,0.0,73.79999999999998,0.0,0.0,0.0,1,17.3,0.33
269,Europe,Italy,-,Mobile & Tablet,2024-05-13,170.29,May,2024,0.0,0.0,0.0,0.0,0.0,0.0,0.0,0.0,0.0,0.0,0.0,0.0,0.0,0.0,170.29,0.0,0.0,0.0,0,17.3,0.33
270,Europe,Italy,-,Mobile & Tablet,2024-05-14,154.69,May,2024,0.0,0.0,0.0,0.0,0.0,0.0,0.0,0.0,0.0,0.0,0.0,0.0,0.0,0.0,154.69,0.0,0.0,0.0,0,17.3,0.33
271,Europe,Italy,-,Mobile & Tablet,2024-05-15,166.56,May,2024,0.0,0.0,0.0,0.0,0.0,0.0,0.0,0.0,0.0,0.0,0.0,0.0,0.0,0.0,166.56,0.0,0.0,0.0,1,17.3,0.33
272,Europe,Italy,-,Mobile & Tablet,2024-05-16,140.32999999999996,May,2024,0.0,0.0,0.0,0.0,0.0,0.0,0.0,0.0,0.0,0.0,0.0,0.0,0.0,0.0,140.32999999999996,0.0,0.0,0.0,1,17.3,0.33
273,Europe,Italy,-,Mobile & Tablet,2024-05-17,132.85999999999999,May,2024,0.0,0.0,0.0,0.0,0.0,0.0,0.0,0.0,0.0,0.0,0.0,0.0,0.0,0.0,132.85999999999999,0.0,0.0,0.0,1,17.3,0.33
274,Europe,Italy,-,Mobile & Tablet,2024-05-18,111.26,May,2024,0.0,0.0,0.0,0.0,0.0,0.0,0.0,0.0,0.0,0.0,0.0,0.0,0.0,0.0,111.26,0.0,0.0,0.0,1,17.3,0.33
275,Europe,Italy,-,Mobile & Tablet,2024-05-19,105.47,May,2024,0.0,0.0,0.0,0.0,0.0,0.0,0.0,0.0,0.0,0.0,0.0,0.0,0.0,0.0,105.47,0.0,0.0,0.0,1,17.3,0.33
276,Europe,Italy,-,Mobile & Tablet,2024-05-20,257.29,May,2024,0.0,0.0,0.0,0.0,0.0,0.0,0.0,0.0,0.0,0.0,0.0,0.0,0.0,0.0,257.29,0.0,0.0,0.0,0,17.3,0.33
277,Europe,Italy,-,Mobile & Tablet,2024-05-21,255.21,May,2024,0.0,0.0,0.0,0.0,0.0,0.0,0.0,0.0,0.0,0.0,0.0,0.0,0.0,0.0,255.21,0.0,0.0,0.0,0,17.3,0.33
278,Europe,Italy,-,Mobile & Tablet,2024-05-22,240.97,May,2024,0.0,0.0,0.0,0.0,0.0,0.0,0.0,0.0,0.0,0.0,0.0,0.0,0.0,0.0,240.97,0.0,0.0,0.0,1,17.3,0.33
279,Europe,Italy,-,Mobile & Tablet,2024-05-23,179.75000000000003,May,2024,0.0,0.0,0.0,0.0,0.0,0.0,0.0,0.0,0.0,0.0,0.0,0.0,0.0,0.0,179.75000000000003,0.0,0.0,0.0,1,17.3,0.33
280,Europe,Italy,-,Mobile & Tablet,2024-05-24,134.01000000000002,May,2024,0.0,0.0,0.0,0.0,0.0,0.0,0.0,0.0,0.0,0.0,0.0,0.0,0.0,0.0,134.01000000000002,0.0,0.0,0.0,1,17.3,0.33
281,Europe,Italy,-,Mobile & Tablet,2024-05-25,13.759999999999998,May,2024,0.0,0.0,0.0,0.0,0.0,0.0,0.0,0.0,0.0,0.0,0.0,0.0,0.0,0.0,13.759999999999998,0.0,0.0,0.0,1,17.3,0.33
282,Europe,Italy,-,Mobile & Tablet,2024-05-26,1.95,May,2024,0.0,0.0,0.0,0.0,0.0,0.0,0.0,0.0,0.0,0.0,0.0,0.0,0.0,0.0,1.95,0.0,0.0,0.0,1,17.3,0.33
283,Europe,Italy,-,Mobile & Tablet,2024-05-27,4.4,May,2024,0.0,0.0,0.0,0.0,0.0,0.0,0.0,0.0,0.0,0.0,0.0,0.0,0.0,0.0,4.4,0.0,0.0,0.0,0,17.3,0.33
284,Europe,Italy,-,Mobile & Tablet,2024-05-28,5.359999999999999,May,2024,0.0,0.0,0.0,0.0,0.0,0.0,0.0,0.0,0.0,0.0,0.0,0.0,0.0,0.0,5.359999999999999,0.0,0.0,0.0,0,17.3,0.33
285,Europe,Italy,-,Mobile & Tablet,2024-05-29,32.019999999999996,May,2024,0.0,0.0,0.0,0.0,0.0,0.0,0.0,0.0,0.0,0.0,0.0,0.0,0.0,0.0,32.019999999999996,0.0,0.0,0.0,1,17.3,0.33
286,Europe,Italy,-,Mobile & Tablet,2024-05-30,163.78999999999996,May,2024,0.0,0.0,0.0,0.0,0.0,0.0,0.0,0.0,0.0,0.0,0.0,0.0,0.0,0.0,163.78999999999996,0.0,0.0,0.0,1,17.3,0.33
287,Europe,Italy,-,Mobile & Tablet,2024-05-31,94.55000000000001,May,2024,0.0,0.0,0.0,0.0,0.0,0.0,0.0,0.0,0.0,0.0,0.0,0.0,0.0,0.0,94.55000000000001,0.0,0.0,0.0,1,17.3,0.33
288,Europe,Italy,-,Mobile & Tablet,2024-06-01,96.32,Jun,2024,0.0,0.0,0.0,0.0,0.0,0.0,0.0,0.0,0.0,0.0,0.0,0.0,0.0,96.32,0.0,0.0,0.0,0.0,1,17.3,0.33
289,Europe,Italy,-,Mobile & Tablet,2024-06-02,100.99000000000001,Jun,2024,0.0,0.0,0.0,0.0,0.0,0.0,0.0,0.0,0.0,0.0,0.0,0.0,0.0,100.99000000000001,0.0,0.0,0.0,0.0,1,17.3,0.33
290,Europe,Italy,-,Mobile & Tablet,2024-06-03,222.78,Jun,2024,0.0,0.0,0.0,0.0,0.0,0.0,0.0,0.0,0.0,0.0,0.0,0.0,0.0,222.78,0.0,0.0,0.0,0.0,0,17.3,0.33
291,Europe,Italy,-,Mobile & Tablet,2024-06-04,222.10999999999999,Jun,2024,0.0,0.0,0.0,0.0,0.0,0.0,0.0,0.0,0.0,0.0,0.0,0.0,0.0,222.10999999999999,0.0,0.0,0.0,0.0,0,17.3,0.33
292,Europe,Italy,-,Mobile & Tablet,2024-06-05,188.82,Jun,2024,0.0,0.0,0.0,0.0,0.0,0.0,0.0,0.0,0.0,0.0,0.0,0.0,0.0,188.82,0.0,0.0,0.0,0.0,1,17.3,0.33
293,Europe,Italy,-,Mobile & Tablet,2024-06-06,157.45999999999998,Jun,2024,0.0,0.0,0.0,0.0,0.0,0.0,0.0,0.0,0.0,0.0,0.0,0.0,0.0,157.45999999999998,0.0,0.0,0.0,0.0,1,17.3,0.33
294,Europe,Italy,-,Mobile & Tablet,2024-06-07,135.92,Jun,2024,0.0,0.0,0.0,0.0,0.0,0.0,0.0,0.0,0.0,0.0,0.0,0.0,0.0,135.92,0.0,0.0,0.0,0.0,1,17.3,0.33
295,Europe,Italy,-,Mobile & Tablet,2024-06-08,63.16,Jun,2024,0.0,0.0,0.0,0.0,0.0,0.0,0.0,0.0,0.0,0.0,0.0,0.0,0.0,63.16,0.0,0.0,0.0,0.0,1,17.3,0.33
296,Europe,Italy,-,Mobile & Tablet,2024-06-09,54.650000000000006,Jun,2024,0.0,0.0,0.0,0.0,0.0,0.0,0.0,0.0,0.0,0.0,0.0,0.0,0.0,54.650000000000006,0.0,0.0,0.0,0.0,1,17.3,0.33
297,Europe,Italy,-,Mobile & Tablet,2024-06-10,160.21999999999997,Jun,2024,0.0,0.0,0.0,0.0,0.0,0.0,0.0,0.0,0.0,0.0,0.0,0.0,0.0,160.21999999999997,0.0,0.0,0.0,0.0,0,17.3,0.33
298,Europe,Italy,-,Mobile & Tablet,2024-06-11,114.68,Jun,2024,0.0,0.0,0.0,0.0,0.0,0.0,0.0,0.0,0.0,0.0,0.0,0.0,0.0,114.68,0.0,0.0,0.0,0.0,0,17.3,0.33
299,Europe,Italy,-,Mobile & Tablet,2024-06-12,112.48,Jun,2024,0.0,0.0,0.0,0.0,0.0,0.0,0.0,0.0,0.0,0.0,0.0,0.0,0.0,112.48,0.0,0.0,0.0,0.0,1,17.3,0.33
300,Europe,Italy,-,Mobile & Tablet,2024-06-13,115.28,Jun,2024,0.0,0.0,0.0,0.0,0.0,0.0,0.0,0.0,0.0,0.0,0.0,0.0,0.0,115.28,0.0,0.0,0.0,0.0,1,17.3,0.33
301,Europe,Italy,-,Mobile & Tablet,2024-06-14,110.66,Jun,2024,0.0,0.0,0.0,0.0,0.0,0.0,0.0,0.0,0.0,0.0,0.0,0.0,0.0,110.66,0.0,0.0,0.0,0.0,1,17.3,0.33
302,Europe,Italy,-,Mobile & Tablet,2024-06-15,51.93,Jun,2024,0.0,0.0,0.0,0.0,0.0,0.0,0.0,0.0,0.0,0.0,0.0,0.0,0.0,51.93,0.0,0.0,0.0,0.0,1,17.3,0.33
303,Europe,Italy,-,Mobile & Tablet,2024-06-16,56.55,Jun,2024,0.0,0.0,0.0,0.0,0.0,0.0,0.0,0.0,0.0,0.0,0.0,0.0,0.0,56.55,0.0,0.0,0.0,0.0,1,17.3,0.33
304,Europe,Italy,-,Mobile & Tablet,2024-06-17,148.74,Jun,2024,0.0,0.0,0.0,0.0,0.0,0.0,0.0,0.0,0.0,0.0,0.0,0.0,0.0,148.74,0.0,0.0,0.0,0.0,0,17.3,0.33
305,Europe,Italy,-,Mobile & Tablet,2024-06-18,139.99,Jun,2024,0.0,0.0,0.0,0.0,0.0,0.0,0.0,0.0,0.0,0.0,0.0,0.0,0.0,139.99,0.0,0.0,0.0,0.0,0,17.3,0.33
306,Europe,Italy,-,Mobile & Tablet,2024-06-19,82.7,Jun,2024,0.0,0.0,0.0,0.0,0.0,0.0,0.0,0.0,0.0,0.0,0.0,0.0,0.0,82.7,0.0,0.0,0.0,0.0,1,17.3,0.33
307,Europe,Italy,-,Mobile & Tablet,2024-06-20,119.24999999999999,Jun,2024,0.0,0.0,0.0,0.0,0.0,0.0,0.0,0.0,0.0,0.0,0.0,0.0,0.0,119.24999999999999,0.0,0.0,0.0,0.0,1,17.3,0.33
308,Europe,Italy,-,Mobile & Tablet,2024-06-21,111.61999999999998,Jun,2024,0.0,0.0,0.0,0.0,0.0,0.0,0.0,0.0,0.0,0.0,0.0,0.0,0.0,111.61999999999998,0.0,0.0,0.0,0.0,1,17.3,0.33
309,Europe,Italy,-,Mobile & Tablet,2024-06-22,55.35999999999999,Jun,2024,0.0,0.0,0.0,0.0,0.0,0.0,0.0,0.0,0.0,0.0,0.0,0.0,0.0,55.35999999999999,0.0,0.0,0.0,0.0,1,17.3,0.33
310,Europe,Italy,-,Mobile & Tablet,2024-06-23,59.19,Jun,2024,0.0,0.0,0.0,0.0,0.0,0.0,0.0,0.0,0.0,0.0,0.0,0.0,0.0,59.19,0.0,0.0,0.0,0.0,1,17.3,0.33
311,Europe,Italy,-,Mobile & Tablet,2024-06-24,151.77,Jun,2024,0.0,0.0,0.0,0.0,0.0,0.0,0.0,0.0,0.0,0.0,0.0,0.0,0.0,151.77,0.0,0.0,0.0,0.0,0,17.3,0.33
312,Europe,Italy,-,Mobile & Tablet,2024-06-25,110.83,Jun,2024,0.0,0.0,0.0,0.0,0.0,0.0,0.0,0.0,0.0,0.0,0.0,0.0,0.0,110.83,0.0,0.0,0.0,0.0,0,17.3,0.33
313,Europe,Italy,-,Mobile & Tablet,2024-06-26,155.51,Jun,2024,0.0,0.0,0.0,0.0,0.0,0.0,0.0,0.0,0.0,0.0,0.0,0.0,0.0,155.51,0.0,0.0,0.0,0.0,1,17.3,0.33
314,Europe,Italy,-,Mobile & Tablet,2024-06-27,104.13,Jun,2024,0.0,0.0,0.0,0.0,0.0,0.0,0.0,0.0,0.0,0.0,0.0,0.0,0.0,104.13,0.0,0.0,0.0,0.0,1,17.3,0.33
315,Europe,Italy,-,Mobile & Tablet,2024-06-28,119.55,Jun,2024,0.0,0.0,0.0,0.0,0.0,0.0,0.0,0.0,0.0,0.0,0.0,0.0,0.0,119.55,0.0,0.0,0.0,0.0,1,17.3,0.33
316,Europe,Italy,-,Mobile & Tablet,2024-06-29,72.11999999999999,Jun,2024,0.0,0.0,0.0,0.0,0.0,0.0,0.0,0.0,0.0,0.0,0.0,0.0,0.0,72.11999999999999,0.0,0.0,0.0,0.0,1,17.3,0.33
317,Europe,Italy,-,Mobile & Tablet,2024-06-30,72.13000000000001,Jun,2024,0.0,0.0,0.0,0.0,0.0,0.0,0.0,0.0,0.0,0.0,0.0,0.0,0.0,72.13000000000001,0.0,0.0,0.0,0.0,1,17.3,0.33
318,Europe,Italy,-,Mobile & Tablet,2024-07-01,144.85999999999999,Jul,2024,0.0,0.0,0.0,0.0,0.0,0.0,0.0,0.0,0.0,0.0,0.0,0.0,144.85999999999999,0.0,0.0,0.0,0.0,0.0,0,17.3,0.33
319,Europe,Italy,-,Mobile & Tablet,2024-07-02,109.07000000000002,Jul,2024,0.0,0.0,0.0,0.0,0.0,0.0,0.0,0.0,0.0,0.0,0.0,0.0,109.07000000000002,0.0,0.0,0.0,0.0,0.0,0,17.3,0.33
320,Europe,Italy,-,Mobile & Tablet,2024-07-03,129.07000000000002,Jul,2024,0.0,0.0,0.0,0.0,0.0,0.0,0.0,0.0,0.0,0.0,0.0,0.0,129.07000000000002,0.0,0.0,0.0,0.0,0.0,1,17.3,0.33
321,Europe,Italy,-,Mobile & Tablet,2024-07-04,122.54,Jul,2024,0.0,0.0,0.0,0.0,0.0,0.0,0.0,0.0,0.0,0.0,0.0,0.0,122.54,0.0,0.0,0.0,0.0,0.0,1,17.3,0.33
322,Europe,Italy,-,Mobile & Tablet,2024-07-05,114.50999999999999,Jul,2024,0.0,0.0,0.0,0.0,0.0,0.0,0.0,0.0,0.0,0.0,0.0,0.0,114.50999999999999,0.0,0.0,0.0,0.0,0.0,1,17.3,0.33
323,Europe,Italy,-,Mobile & Tablet,2024-07-06,69.05999999999999,Jul,2024,0.0,0.0,0.0,0.0,0.0,0.0,0.0,0.0,0.0,0.0,0.0,0.0,69.05999999999999,0.0,0.0,0.0,0.0,0.0,1,17.3,0.33
324,Europe,Italy,-,Mobile & Tablet,2024-07-07,64.67,Jul,2024,0.0,0.0,0.0,0.0,0.0,0.0,0.0,0.0,0.0,0.0,0.0,0.0,64.67,0.0,0.0,0.0,0.0,0.0,1,17.3,0.33
325,Europe,Italy,-,Mobile & Tablet,2024-07-08,175.95999999999995,Jul,2024,0.0,0.0,0.0,0.0,0.0,0.0,0.0,0.0,0.0,0.0,0.0,0.0,175.95999999999995,0.0,0.0,0.0,0.0,0.0,0,17.3,0.33
326,Europe,Italy,-,Mobile & Tablet,2024-07-09,145.27000000000004,Jul,2024,0.0,0.0,0.0,0.0,0.0,0.0,0.0,0.0,0.0,0.0,0.0,0.0,145.27000000000004,0.0,0.0,0.0,0.0,0.0,0,17.3,0.33
327,Europe,Italy,-,Mobile & Tablet,2024-07-10,158.25,Jul,2024,0.0,0.0,0.0,0.0,0.0,0.0,0.0,0.0,0.0,0.0,0.0,0.0,158.25,0.0,0.0,0.0,0.0,0.0,1,17.3,0.33
328,Europe,Italy,-,Mobile & Tablet,2024-07-11,119.91000000000001,Jul,2024,0.0,0.0,0.0,0.0,0.0,0.0,0.0,0.0,0.0,0.0,0.0,0.0,119.91000000000001,0.0,0.0,0.0,0.0,0.0,1,17.3,0.33
329,Europe,Italy,-,Mobile & Tablet,2024-07-12,121.23999999999998,Jul,2024,0.0,0.0,0.0,0.0,0.0,0.0,0.0,0.0,0.0,0.0,0.0,0.0,121.23999999999998,0.0,0.0,0.0,0.0,0.0,1,17.3,0.33
330,Europe,Italy,-,Mobile & Tablet,2024-07-13,81.50999999999999,Jul,2024,0.0,0.0,0.0,0.0,0.0,0.0,0.0,0.0,0.0,0.0,0.0,0.0,81.50999999999999,0.0,0.0,0.0,0.0,0.0,1,17.3,0.33
331,Europe,Italy,-,Mobile & Tablet,2024-07-14,71.62,Jul,2024,0.0,0.0,0.0,0.0,0.0,0.0,0.0,0.0,0.0,0.0,0.0,0.0,71.62,0.0,0.0,0.0,0.0,0.0,1,17.3,0.33
332,Europe,Italy,-,Mobile & Tablet,2024-07-15,166.00999999999996,Jul,2024,0.0,0.0,0.0,0.0,0.0,0.0,0.0,0.0,0.0,0.0,0.0,0.0,166.00999999999996,0.0,0.0,0.0,0.0,0.0,0,17.3,0.33
333,Europe,Italy,-,Mobile & Tablet,2024-07-16,149.32999999999998,Jul,2024,0.0,0.0,0.0,0.0,0.0,0.0,0.0,0.0,0.0,0.0,0.0,0.0,149.32999999999998,0.0,0.0,0.0,0.0,0.0,0,17.3,0.33
334,Europe,Italy,-,Mobile & Tablet,2024-07-17,184.44,Jul,2024,0.0,0.0,0.0,0.0,0.0,0.0,0.0,0.0,0.0,0.0,0.0,0.0,184.44,0.0,0.0,0.0,0.0,0.0,1,17.3,0.33
335,Europe,Italy,-,Mobile & Tablet,2024-07-18,195.95000000000005,Jul,2024,0.0,0.0,0.0,0.0,0.0,0.0,0.0,0.0,0.0,0.0,0.0,0.0,195.95000000000005,0.0,0.0,0.0,0.0,0.0,1,17.3,0.33
336,Europe,Italy,-,Mobile & Tablet,2024-07-19,168.04,Jul,2024,0.0,0.0,0.0,0.0,0.0,0.0,0.0,0.0,0.0,0.0,0.0,0.0,168.04,0.0,0.0,0.0,0.0,0.0,1,17.3,0.33
337,Europe,Italy,-,Mobile & Tablet,2024-07-20,101.17999999999999,Jul,2024,0.0,0.0,0.0,0.0,0.0,0.0,0.0,0.0,0.0,0.0,0.0,0.0,101.17999999999999,0.0,0.0,0.0,0.0,0.0,1,17.3,0.33
338,Europe,Italy,-,Mobile & Tablet,2024-07-21,99.38999999999999,Jul,2024,0.0,0.0,0.0,0.0,0.0,0.0,0.0,0.0,0.0,0.0,0.0,0.0,99.38999999999999,0.0,0.0,0.0,0.0,0.0,1,17.3,0.33
339,Europe,Italy,-,Mobile & Tablet,2024-07-22,240.64999999999998,Jul,2024,0.0,0.0,0.0,0.0,0.0,0.0,0.0,0.0,0.0,0.0,0.0,0.0,240.64999999999998,0.0,0.0,0.0,0.0,0.0,0,17.3,0.33
340,Europe,Italy,-,Mobile & Tablet,2024-07-23,224.22000000000003,Jul,2024,0.0,0.0,0.0,0.0,0.0,0.0,0.0,0.0,0.0,0.0,0.0,0.0,224.22000000000003,0.0,0.0,0.0,0.0,0.0,0,17.3,0.33
341,Europe,Italy,-,Mobile & Tablet,2024-07-24,233.94999999999996,Jul,2024,0.0,0.0,0.0,0.0,0.0,0.0,0.0,0.0,0.0,0.0,0.0,0.0,233.94999999999996,0.0,0.0,0.0,0.0,0.0,1,17.3,0.33
342,Europe,Italy,-,Mobile & Tablet,2024-07-25,195.41,Jul,2024,0.0,0.0,0.0,0.0,0.0,0.0,0.0,0.0,0.0,0.0,0.0,0.0,195.41,0.0,0.0,0.0,0.0,0.0,1,17.3,0.33
343,Europe,Italy,-,Mobile & Tablet,2024-07-26,174.29000000000002,Jul,2024,0.0,0.0,0.0,0.0,0.0,0.0,0.0,0.0,0.0,0.0,0.0,0.0,174.29000000000002,0.0,0.0,0.0,0.0,0.0,1,17.3,0.33
344,Europe,Italy,-,Mobile & Tablet,2024-07-27,100.64,Jul,2024,0.0,0.0,0.0,0.0,0.0,0.0,0.0,0.0,0.0,0.0,0.0,0.0,100.64,0.0,0.0,0.0,0.0,0.0,1,17.3,0.33
345,Europe,Italy,-,Mobile & Tablet,2024-07-28,99.96000000000001,Jul,2024,0.0,0.0,0.0,0.0,0.0,0.0,0.0,0.0,0.0,0.0,0.0,0.0,99.96000000000001,0.0,0.0,0.0,0.0,0.0,1,17.3,0.33
346,Europe,Italy,-,Mobile & Tablet,2024-07-29,213.42999999999998,Jul,2024,0.0,0.0,0.0,0.0,0.0,0.0,0.0,0.0,0.0,0.0,0.0,0.0,213.42999999999998,0.0,0.0,0.0,0.0,0.0,0,17.3,0.33
347,Europe,Italy,-,Mobile & Tablet,2024-07-30,185.14000000000001,Jul,2024,0.0,0.0,0.0,0.0,0.0,0.0,0.0,0.0,0.0,0.0,0.0,0.0,185.14000000000001,0.0,0.0,0.0,0.0,0.0,0,17.3,0.33
348,Europe,Italy,-,Mobile & Tablet,2024-07-31,180.16000000000003,Jul,2024,0.0,0.0,0.0,0.0,0.0,0.0,0.0,0.0,0.0,0.0,0.0,0.0,180.16000000000003,0.0,0.0,0.0,0.0,0.0,1,17.3,0.33
349,Europe,Italy,-,Mobile & Tablet,2024-08-01,139.4,Aug,2024,0.0,0.0,0.0,0.0,0.0,0.0,0.0,0.0,0.0,0.0,139.4,0.0,0.0,0.0,0.0,0.0,0.0,0.0,1,17.3,0.33
350,Europe,Italy,-,Mobile & Tablet,2024-08-02,138.82999999999998,Aug,2024,0.0,0.0,0.0,0.0,0.0,0.0,0.0,0.0,0.0,0.0,138.82999999999998,0.0,0.0,0.0,0.0,0.0,0.0,0.0,1,17.3,0.33
351,Europe,Italy,-,Mobile & Tablet,2024-08-03,93.75999999999999,Aug,2024,0.0,0.0,0.0,0.0,0.0,0.0,0.0,0.0,0.0,0.0,93.75999999999999,0.0,0.0,0.0,0.0,0.0,0.0,0.0,1,17.3,0.33
352,Europe,Italy,-,Mobile & Tablet,2024-08-04,97.55,Aug,2024,0.0,0.0,0.0,0.0,0.0,0.0,0.0,0.0,0.0,0.0,97.55,0.0,0.0,0.0,0.0,0.0,0.0,0.0,1,17.3,0.33
353,Europe,Italy,-,Mobile & Tablet,2024-08-05,213.95999999999992,Aug,2024,0.0,0.0,0.0,0.0,0.0,0.0,0.0,0.0,0.0,0.0,213.95999999999992,0.0,0.0,0.0,0.0,0.0,0.0,0.0,0,17.3,0.33
354,Europe,Italy,-,Mobile & Tablet,2024-08-06,166.70999999999998,Aug,2024,0.0,0.0,0.0,0.0,0.0,0.0,0.0,0.0,0.0,0.0,166.70999999999998,0.0,0.0,0.0,0.0,0.0,0.0,0.0,0,17.3,0.33
355,Europe,Italy,-,Mobile & Tablet,2024-08-07,163.25999999999996,Aug,2024,0.0,0.0,0.0,0.0,0.0,0.0,0.0,0.0,0.0,0.0,163.25999999999996,0.0,0.0,0.0,0.0,0.0,0.0,0.0,1,17.3,0.33
356,Europe,Italy,-,Mobile & Tablet,2024-08-08,147.64,Aug,2024,0.0,0.0,0.0,0.0,0.0,0.0,0.0,0.0,0.0,0.0,147.64,0.0,0.0,0.0,0.0,0.0,0.0,0.0,1,17.3,0.33
357,Europe,Italy,-,Mobile & Tablet,2024-08-09,169.05999999999997,Aug,2024,0.0,0.0,0.0,0.0,0.0,0.0,0.0,0.0,0.0,0.0,169.05999999999997,0.0,0.0,0.0,0.0,0.0,0.0,0.0,1,17.3,0.33
358,Europe,Italy,-,Mobile & Tablet,2024-08-10,97.03999999999999,Aug,2024,0.0,0.0,0.0,0.0,0.0,0.0,0.0,0.0,0.0,0.0,97.03999999999999,0.0,0.0,0.0,0.0,0.0,0.0,0.0,1,17.3,0.33
359,Europe,Italy,-,Mobile & Tablet,2024-08-11,93.85,Aug,2024,0.0,0.0,0.0,0.0,0.0,0.0,0.0,0.0,0.0,0.0,93.85,0.0,0.0,0.0,0.0,0.0,0.0,0.0,1,17.3,0.33
360,Europe,Italy,-,Mobile & Tablet,2024-08-12,169.59999999999997,Aug,2024,0.0,0.0,0.0,0.0,0.0,0.0,0.0,0.0,0.0,0.0,169.59999999999997,0.0,0.0,0.0,0.0,0.0,0.0,0.0,0,17.3,0.33
361,Europe,Italy,-,Mobile & Tablet,2024-08-13,120.05,Aug,2024,0.0,0.0,0.0,0.0,0.0,0.0,0.0,0.0,0.0,0.0,120.05,0.0,0.0,0.0,0.0,0.0,0.0,0.0,0,17.3,0.33
362,Europe,Italy,-,Mobile & Tablet,2024-08-14,212.96999999999997,Aug,2024,0.0,0.0,0.0,0.0,0.0,0.0,0.0,0.0,0.0,0.0,212.96999999999997,0.0,0.0,0.0,0.0,0.0,0.0,0.0,1,17.3,0.33
363,Europe,Italy,-,Mobile & Tablet,2024-08-15,158.08999999999997,Aug,2024,0.0,0.0,0.0,0.0,0.0,0.0,0.0,0.0,0.0,0.0,158.08999999999997,0.0,0.0,0.0,0.0,0.0,0.0,0.0,1,17.3,0.33
364,Europe,Italy,-,Mobile & Tablet,2024-08-16,134.33,Aug,2024,0.0,0.0,0.0,0.0,0.0,0.0,0.0,0.0,0.0,0.0,134.33,0.0,0.0,0.0,0.0,0.0,0.0,0.0,1,17.3,0.33
365,Europe,Italy,-,Mobile & Tablet,2024-08-17,83.31,Aug,2024,0.0,0.0,0.0,0.0,0.0,0.0,0.0,0.0,0.0,0.0,83.31,0.0,0.0,0.0,0.0,0.0,0.0,0.0,1,17.3,0.33
366,Europe,Italy,-,Mobile & Tablet,2024-08-18,67.74,Aug,2024,0.0,0.0,0.0,0.0,0.0,0.0,0.0,0.0,0.0,0.0,67.74,0.0,0.0,0.0,0.0,0.0,0.0,0.0,1,17.3,0.33
367,Europe,Italy,-,Mobile & Tablet,2024-08-19,224.46,Aug,2024,0.0,0.0,0.0,0.0,0.0,0.0,0.0,0.0,0.0,0.0,224.46,0.0,0.0,0.0,0.0,0.0,0.0,0.0,0,17.3,0.33
368,Europe,Italy,-,Mobile & Tablet,2024-08-20,174.17,Aug,2024,0.0,0.0,0.0,0.0,0.0,0.0,0.0,0.0,0.0,0.0,174.17,0.0,0.0,0.0,0.0,0.0,0.0,0.0,0,17.3,0.33
369,Europe,Italy,-,Mobile & Tablet,2024-08-21,168.32999999999996,Aug,2024,0.0,0.0,0.0,0.0,0.0,0.0,0.0,0.0,0.0,0.0,168.32999999999996,0.0,0.0,0.0,0.0,0.0,0.0,0.0,1,17.3,0.33
370,Europe,Italy,-,Mobile & Tablet,2024-08-22,148.13,Aug,2024,0.0,0.0,0.0,0.0,0.0,0.0,0.0,0.0,0.0,0.0,148.13,0.0,0.0,0.0,0.0,0.0,0.0,0.0,1,17.3,0.33
371,Europe,Italy,-,Mobile & Tablet,2024-08-23,102.61999999999999,Aug,2024,0.0,0.0,0.0,0.0,0.0,0.0,0.0,0.0,0.0,0.0,102.61999999999999,0.0,0.0,0.0,0.0,0.0,0.0,0.0,1,17.3,0.33
372,Europe,Italy,-,Mobile & Tablet,2024-08-24,77.72000000000001,Aug,2024,0.0,0.0,0.0,0.0,0.0,0.0,0.0,0.0,0.0,0.0,77.72000000000001,0.0,0.0,0.0,0.0,0.0,0.0,0.0,1,17.3,0.33
373,Europe,Italy,-,Mobile & Tablet,2024-08-25,64.58,Aug,2024,0.0,0.0,0.0,0.0,0.0,0.0,0.0,0.0,0.0,0.0,64.58,0.0,0.0,0.0,0.0,0.0,0.0,0.0,1,17.3,0.33
374,Europe,Italy,-,Mobile & Tablet,2024-08-26,157.46000000000004,Aug,2024,0.0,0.0,0.0,0.0,0.0,0.0,0.0,0.0,0.0,0.0,157.46000000000004,0.0,0.0,0.0,0.0,0.0,0.0,0.0,0,17.3,0.33
375,Europe,Italy,-,Mobile & Tablet,2024-08-27,168.13000000000002,Aug,2024,0.0,0.0,0.0,0.0,0.0,0.0,0.0,0.0,0.0,0.0,168.13000000000002,0.0,0.0,0.0,0.0,0.0,0.0,0.0,0,17.3,0.33
376,Europe,Italy,-,Mobile & Tablet,2024-08-28,163.89000000000001,Aug,2024,0.0,0.0,0.0,0.0,0.0,0.0,0.0,0.0,0.0,0.0,163.89000000000001,0.0,0.0,0.0,0.0,0.0,0.0,0.0,1,17.3,0.33
377,Europe,Italy,-,Mobile & Tablet,2024-08-29,141.72,Aug,2024,0.0,0.0,0.0,0.0,0.0,0.0,0.0,0.0,0.0,0.0,141.72,0.0,0.0,0.0,0.0,0.0,0.0,0.0,1,17.3,0.33
378,Europe,Italy,-,Mobile & Tablet,2024-08-30,191.26,Aug,2024,0.0,0.0,0.0,0.0,0.0,0.0,0.0,0.0,0.0,0.0,191.26,0.0,0.0,0.0,0.0,0.0,0.0,0.0,1,17.3,0.33
379,Europe,Italy,-,Mobile & Tablet,2024-08-31,107.11000000000001,Aug,2024,0.0,0.0,0.0,0.0,0.0,0.0,0.0,0.0,0.0,0.0,107.11000000000001,0.0,0.0,0.0,0.0,0.0,0.0,0.0,1,17.3,0.33
380,Europe,Italy,-,Mobile & Tablet,2024-09-01,75.64999999999999,Sep,2024,0.0,0.0,0.0,0.0,0.0,0.0,0.0,0.0,0.0,0.0,0.0,0.0,0.0,0.0,0.0,0.0,0.0,75.64999999999999,1,17.3,0.33
381,Europe,Italy,-,Mobile & Tablet,2024-09-02,216.45000000000005,Sep,2024,0.0,0.0,0.0,0.0,0.0,0.0,0.0,0.0,0.0,0.0,0.0,0.0,0.0,0.0,0.0,0.0,0.0,216.45000000000005,0,17.3,0.33
382,Europe,Italy,-,Mobile & Tablet,2024-09-03,274.17999999999995,Sep,2024,0.0,0.0,0.0,0.0,0.0,0.0,0.0,0.0,0.0,0.0,0.0,0.0,0.0,0.0,0.0,0.0,0.0,274.17999999999995,0,17.3,0.33
383,Europe,Italy,-,Mobile & Tablet,2024-09-04,329.21000000000004,Sep,2024,0.0,0.0,0.0,0.0,0.0,0.0,0.0,0.0,0.0,0.0,0.0,0.0,0.0,0.0,0.0,0.0,0.0,329.21000000000004,1,17.3,0.33
384,Europe,Italy,-,Mobile & Tablet,2024-09-05,238.64000000000001,Sep,2024,0.0,0.0,0.0,0.0,0.0,0.0,0.0,0.0,0.0,0.0,0.0,0.0,0.0,0.0,0.0,0.0,0.0,238.64000000000001,1,17.3,0.33
385,Europe,Italy,-,Mobile & Tablet,2024-09-06,290.71999999999997,Sep,2024,0.0,0.0,0.0,0.0,0.0,0.0,0.0,0.0,0.0,0.0,0.0,0.0,0.0,0.0,0.0,0.0,0.0,290.71999999999997,1,17.3,0.33
386,Europe,Italy,-,Mobile & Tablet,2024-09-07,216.49000000000004,Sep,2024,0.0,0.0,0.0,0.0,0.0,0.0,0.0,0.0,0.0,0.0,0.0,0.0,0.0,0.0,0.0,0.0,0.0,216.49000000000004,1,17.3,0.33
387,Europe,Italy,-,Mobile & Tablet,2024-09-08,222.12,Sep,2024,0.0,0.0,0.0,0.0,0.0,0.0,0.0,0.0,0.0,0.0,0.0,0.0,0.0,0.0,0.0,0.0,0.0,222.12,1,17.3,0.33
388,Europe,Italy,-,Mobile & Tablet,2024-09-09,411.02000000000004,Sep,2024,0.0,0.0,0.0,0.0,0.0,0.0,0.0,0.0,0.0,0.0,0.0,0.0,0.0,0.0,0.0,0.0,0.0,411.02000000000004,0,17.3,0.33
389,Europe,Italy,-,Mobile & Tablet,2024-09-10,327.02,Sep,2024,0.0,0.0,0.0,0.0,0.0,0.0,0.0,0.0,0.0,0.0,0.0,0.0,0.0,0.0,0.0,0.0,0.0,327.02,0,17.3,0.33
390,Europe,Italy,-,Mobile & Tablet,2024-09-11,367.75999999999993,Sep,2024,0.0,0.0,0.0,0.0,0.0,0.0,0.0,0.0,0.0,0.0,0.0,0.0,0.0,0.0,0.0,0.0,0.0,367.75999999999993,1,17.3,0.33
391,Europe,Italy,-,Mobile & Tablet,2024-09-12,297.48,Sep,2024,0.0,0.0,0.0,0.0,0.0,0.0,0.0,0.0,0.0,0.0,0.0,0.0,0.0,0.0,0.0,0.0,0.0,297.48,1,17.3,0.33
392,Europe,Italy,-,Mobile & Tablet,2024-09-13,256.44,Sep,2024,0.0,0.0,0.0,0.0,0.0,0.0,0.0,0.0,0.0,0.0,0.0,0.0,0.0,0.0,0.0,0.0,0.0,256.44,1,17.3,0.33
393,Europe,Italy,-,Mobile & Tablet,2024-09-14,168.65999999999997,Sep,2024,0.0,0.0,0.0,0.0,0.0,0.0,0.0,0.0,0.0,0.0,0.0,0.0,0.0,0.0,0.0,0.0,0.0,168.65999999999997,1,17.3,0.33
394,Europe,Italy,-,Mobile & Tablet,2024-09-15,155.65,Sep,2024,0.0,0.0,0.0,0.0,0.0,0.0,0.0,0.0,0.0,0.0,0.0,0.0,0.0,0.0,0.0,0.0,0.0,155.65,1,17.3,0.33
395,Europe,Italy,-,Mobile & Tablet,2024-09-16,348.17000000000013,Sep,2024,0.0,0.0,0.0,0.0,0.0,0.0,0.0,0.0,0.0,0.0,0.0,0.0,0.0,0.0,0.0,0.0,0.0,348.17000000000013,0,17.3,0.33
396,Europe,Italy,-,Mobile & Tablet,2024-09-17,306.75,Sep,2024,0.0,0.0,0.0,0.0,0.0,0.0,0.0,0.0,0.0,0.0,0.0,0.0,0.0,0.0,0.0,0.0,0.0,306.75,0,17.3,0.33
397,Europe,Italy,-,Mobile & Tablet,2024-09-18,343.8999999999999,Sep,2024,0.0,0.0,0.0,0.0,0.0,0.0,0.0,0.0,0.0,0.0,0.0,0.0,0.0,0.0,0.0,0.0,0.0,343.8999999999999,1,17.3,0.33
398,Europe,Italy,-,Mobile & Tablet,2024-09-19,347.71,Sep,2024,0.0,0.0,0.0,0.0,0.0,0.0,0.0,0.0,0.0,0.0,0.0,0.0,0.0,0.0,0.0,0.0,0.0,347.71,1,17.3,0.33
399,Europe,Italy,-,Mobile & Tablet,2024-09-20,322.05,Sep,2024,0.0,0.0,0.0,0.0,0.0,0.0,0.0,0.0,0.0,0.0,0.0,0.0,0.0,0.0,0.0,0.0,0.0,322.05,1,17.3,0.33
400,Europe,Italy,-,Mobile & Tablet,2024-09-21,224.11999999999998,Sep,2024,0.0,0.0,0.0,0.0,0.0,0.0,0.0,0.0,0.0,0.0,0.0,0.0,0.0,0.0,0.0,0.0,0.0,224.11999999999998,1,17.3,0.33
401,Europe,Italy,-,Mobile & Tablet,2024-09-22,211.81999999999996,Sep,2024,0.0,0.0,0.0,0.0,0.0,0.0,0.0,0.0,0.0,0.0,0.0,0.0,0.0,0.0,0.0,0.0,0.0,211.81999999999996,1,17.3,0.33
402,Europe,Italy,-,Mobile & Tablet,2024-09-23,370.29999999999995,Sep,2024,0.0,0.0,0.0,0.0,0.0,0.0,0.0,0.0,0.0,0.0,0.0,0.0,0.0,0.0,0.0,0.0,0.0,370.29999999999995,0,17.3,0.33
403,Europe,Italy,-,Mobile & Tablet,2024-09-24,360.34999999999997,Sep,2024,0.0,0.0,0.0,0.0,0.0,0.0,0.0,0.0,0.0,0.0,0.0,0.0,0.0,0.0,0.0,0.0,0.0,360.34999999999997,0,17.3,0.33
404,Europe,Italy,-,Mobile & Tablet,2024-09-25,363.8200000000001,Sep,2024,0.0,0.0,0.0,0.0,0.0,0.0,0.0,0.0,0.0,0.0,0.0,0.0,0.0,0.0,0.0,0.0,0.0,363.8200000000001,1,17.3,0.33
405,Europe,Italy,-,Mobile & Tablet,2024-09-26,302.74999999999994,Sep,2024,0.0,0.0,0.0,0.0,0.0,0.0,0.0,0.0,0.0,0.0,0.0,0.0,0.0,0.0,0.0,0.0,0.0,302.74999999999994,1,17.3,0.33
406,Europe,Italy,-,Mobile & Tablet,2024-09-27,196.87000000000003,Sep,2024,0.0,0.0,0.0,0.0,0.0,0.0,0.0,0.0,0.0,0.0,0.0,0.0,0.0,0.0,0.0,0.0,0.0,196.87000000000003,1,17.3,0.33
407,Europe,Italy,-,Mobile & Tablet,2024-09-28,178.41,Sep,2024,0.0,0.0,0.0,0.0,0.0,0.0,0.0,0.0,0.0,0.0,0.0,0.0,0.0,0.0,0.0,0.0,0.0,178.41,1,17.3,0.33
408,Europe,Italy,-,Mobile & Tablet,2024-09-29,84.67,Sep,2024,0.0,0.0,0.0,0.0,0.0,0.0,0.0,0.0,0.0,0.0,0.0,0.0,0.0,0.0,0.0,0.0,0.0,84.67,1,17.3,0.33
409,Europe,Italy,-,Mobile & Tablet,2024-09-30,495.99,Sep,2024,0.0,0.0,0.0,0.0,0.0,0.0,0.0,0.0,0.0,0.0,0.0,0.0,0.0,0.0,0.0,0.0,0.0,495.99,0,17.3,0.33
410,Europe,Italy,-,Mobile & Tablet,2024-10-01,281.62,Oct,2024,0.0,0.0,0.0,0.0,0.0,0.0,0.0,0.0,0.0,0.0,0.0,0.0,0.0,0.0,0.0,0.0,281.62,0.0,0,17.3,0.33
411,Europe,Italy,-,Mobile & Tablet,2024-10-02,314.78999999999996,Oct,2024,0.0,0.0,0.0,0.0,0.0,0.0,0.0,0.0,0.0,0.0,0.0,0.0,0.0,0.0,0.0,0.0,314.78999999999996,0.0,1,17.3,0.33
412,Europe,Italy,-,Mobile & Tablet,2024-10-03,278.67,Oct,2024,0.0,0.0,0.0,0.0,0.0,0.0,0.0,0.0,0.0,0.0,0.0,0.0,0.0,0.0,0.0,0.0,278.67,0.0,1,17.3,0.33
413,Europe,Italy,-,Mobile & Tablet,2024-10-04,266.15,Oct,2024,0.0,0.0,0.0,0.0,0.0,0.0,0.0,0.0,0.0,0.0,0.0,0.0,0.0,0.0,0.0,0.0,266.15,0.0,1,17.3,0.33
414,Europe,Italy,-,Mobile & Tablet,2024-10-05,140.67,Oct,2024,0.0,0.0,0.0,0.0,0.0,0.0,0.0,0.0,0.0,0.0,0.0,0.0,0.0,0.0,0.0,0.0,140.67,0.0,1,17.3,0.33
415,Europe,Italy,-,Mobile & Tablet,2024-10-06,112.09,Oct,2024,0.0,0.0,0.0,0.0,0.0,0.0,0.0,0.0,0.0,0.0,0.0,0.0,0.0,0.0,0.0,0.0,112.09,0.0,1,17.3,0.33
416,Europe,Italy,-,Mobile & Tablet,2024-10-07,385.91,Oct,2024,0.0,0.0,0.0,0.0,0.0,0.0,0.0,0.0,0.0,0.0,0.0,0.0,0.0,0.0,0.0,0.0,385.91,0.0,0,17.3,0.33
417,Europe,Italy,-,Mobile & Tablet,2024-10-08,385.32,Oct,2024,0.0,0.0,0.0,0.0,0.0,0.0,0.0,0.0,0.0,0.0,0.0,0.0,0.0,0.0,0.0,0.0,385.32,0.0,0,17.3,0.33
418,Europe,Italy,-,Mobile & Tablet,2024-10-09,389.7799999999999,Oct,2024,0.0,0.0,0.0,0.0,0.0,0.0,0.0,0.0,0.0,0.0,0.0,0.0,0.0,0.0,0.0,0.0,389.7799999999999,0.0,1,17.3,0.33
419,Europe,Italy,-,Mobile & Tablet,2024-10-10,255.79,Oct,2024,0.0,0.0,0.0,0.0,0.0,0.0,0.0,0.0,0.0,0.0,0.0,0.0,0.0,0.0,0.0,0.0,255.79,0.0,1,17.3,0.33
420,Europe,Italy,-,Mobile & Tablet,2024-10-11,346.9499999999999,Oct,2024,0.0,0.0,0.0,0.0,0.0,0.0,0.0,0.0,0.0,0.0,0.0,0.0,0.0,0.0,0.0,0.0,346.9499999999999,0.0,1,17.3,0.33
421,Europe,Italy,-,Mobile & Tablet,2024-10-12,214.81000000000006,Oct,2024,0.0,0.0,0.0,0.0,0.0,0.0,0.0,0.0,0.0,0.0,0.0,0.0,0.0,0.0,0.0,0.0,214.81000000000006,0.0,1,17.3,0.33
422,Europe,Italy,-,Mobile & Tablet,2024-10-13,135.81,Oct,2024,0.0,0.0,0.0,0.0,0.0,0.0,0.0,0.0,0.0,0.0,0.0,0.0,0.0,0.0,0.0,0.0,135.81,0.0,1,17.3,0.33
423,Europe,Italy,-,Mobile & Tablet,2024-10-14,436.07000000000005,Oct,2024,0.0,0.0,0.0,0.0,0.0,0.0,0.0,0.0,0.0,0.0,0.0,0.0,0.0,0.0,0.0,0.0,436.07000000000005,0.0,0,17.3,0.33
424,Europe,Italy,-,Mobile & Tablet,2024-10-15,378.4100000000001,Oct,2024,0.0,0.0,0.0,0.0,0.0,0.0,0.0,0.0,0.0,0.0,0.0,0.0,0.0,0.0,0.0,0.0,378.4100000000001,0.0,0,17.3,0.33
425,Europe,Italy,-,Mobile & Tablet,2024-10-16,456.56,Oct,2024,0.0,0.0,0.0,0.0,0.0,0.0,0.0,0.0,0.0,0.0,0.0,0.0,0.0,0.0,0.0,0.0,456.56,0.0,1,17.3,0.33
426,Europe,Italy,-,Mobile & Tablet,2024-10-17,456.33000000000004,Oct,2024,0.0,0.0,0.0,0.0,0.0,0.0,0.0,0.0,0.0,0.0,0.0,0.0,0.0,0.0,0.0,0.0,456.33000000000004,0.0,1,17.3,0.33
427,Europe,Italy,-,Mobile & Tablet,2024-10-18,496.82,Oct,2024,0.0,0.0,0.0,0.0,0.0,0.0,0.0,0.0,0.0,0.0,0.0,0.0,0.0,0.0,0.0,0.0,496.82,0.0,1,17.3,0.33
428,Europe,Italy,-,Mobile & Tablet,2024-10-19,147.23999999999998,Oct,2024,0.0,0.0,0.0,0.0,0.0,0.0,0.0,0.0,0.0,0.0,0.0,0.0,0.0,0.0,0.0,0.0,147.23999999999998,0.0,1,17.3,0.33
429,Europe,Italy,-,Mobile & Tablet,2024-10-20,150.36,Oct,2024,0.0,0.0,0.0,0.0,0.0,0.0,0.0,0.0,0.0,0.0,0.0,0.0,0.0,0.0,0.0,0.0,150.36,0.0,1,17.3,0.33
430,Europe,Italy,-,Mobile & Tablet,2024-10-21,428.6399999999999,Oct,2024,0.0,0.0,0.0,0.0,0.0,0.0,0.0,0.0,0.0,0.0,0.0,0.0,0.0,0.0,0.0,0.0,428.6399999999999,0.0,0,17.3,0.33
431,Europe,Italy,-,Mobile & Tablet,2024-10-22,290.89,Oct,2024,0.0,0.0,0.0,0.0,0.0,0.0,0.0,0.0,0.0,0.0,0.0,0.0,0.0,0.0,0.0,0.0,290.89,0.0,0,17.3,0.33
432,Europe,Italy,-,Mobile & Tablet,2024-10-23,351.71999999999997,Oct,2024,0.0,0.0,0.0,0.0,0.0,0.0,0.0,0.0,0.0,0.0,0.0,0.0,0.0,0.0,0.0,0.0,351.71999999999997,0.0,1,17.3,0.33
433,Europe,Italy,-,Mobile & Tablet,2024-10-24,347.53,Oct,2024,0.0,0.0,0.0,0.0,0.0,0.0,0.0,0.0,0.0,0.0,0.0,0.0,0.0,0.0,0.0,0.0,347.53,0.0,1,17.3,0.33
434,Europe,Italy,-,Mobile & Tablet,2024-10-25,240.35999999999996,Oct,2024,0.0,0.0,0.0,0.0,0.0,0.0,0.0,0.0,0.0,0.0,0.0,0.0,0.0,0.0,0.0,0.0,240.35999999999996,0.0,1,17.3,0.33
435,Europe,Italy,-,Mobile & Tablet,2024-10-26,113.46000000000001,Oct,2024,0.0,0.0,0.0,0.0,0.0,0.0,0.0,0.0,0.0,0.0,0.0,0.0,0.0,0.0,0.0,0.0,113.46000000000001,0.0,1,17.3,0.33
436,Europe,Italy,-,Mobile & Tablet,2024-10-27,107.21000000000001,Oct,2024,0.0,0.0,0.0,0.0,0.0,0.0,0.0,0.0,0.0,0.0,0.0,0.0,0.0,0.0,0.0,0.0,107.21000000000001,0.0,1,17.3,0.33
437,Europe,Italy,-,Mobile & Tablet,2024-10-28,238.74,Oct,2024,0.0,0.0,0.0,0.0,0.0,0.0,0.0,0.0,0.0,0.0,0.0,0.0,0.0,0.0,0.0,0.0,238.74,0.0,0,17.3,0.33
438,Europe,Italy,-,Mobile & Tablet,2024-10-29,202.96000000000004,Oct,2024,0.0,0.0,0.0,0.0,0.0,0.0,0.0,0.0,0.0,0.0,0.0,0.0,0.0,0.0,0.0,0.0,202.96000000000004,0.0,0,17.3,0.33
439,Europe,Italy,-,Mobile & Tablet,2024-10-30,220.56,Oct,2024,0.0,0.0,0.0,0.0,0.0,0.0,0.0,0.0,0.0,0.0,0.0,0.0,0.0,0.0,0.0,0.0,220.56,0.0,1,17.3,0.33
440,Europe,Italy,-,Mobile & Tablet,2024-10-31,358.08000000000004,Oct,2024,0.0,0.0,0.0,0.0,0.0,0.0,0.0,0.0,0.0,0.0,0.0,0.0,0.0,0.0,0.0,0.0,358.08000000000004,0.0,1,17.3,0.33
441,Europe,Italy,-,Mobile & Tablet,2024-11-01,294.80999999999995,Nov,2024,0.0,0.0,0.0,0.0,0.0,0.0,0.0,0.0,0.0,0.0,0.0,0.0,0.0,0.0,0.0,294.80999999999995,0.0,0.0,1,17.3,0.33
442,Europe,Italy,-,Mobile & Tablet,2024-11-02,255.65000000000003,Nov,2024,0.0,0.0,0.0,0.0,0.0,0.0,0.0,0.0,0.0,0.0,0.0,0.0,0.0,0.0,0.0,255.65000000000003,0.0,0.0,1,17.3,0.33
443,Europe,Italy,-,Mobile & Tablet,2024-11-03,184.90000000000003,Nov,2024,0.0,0.0,0.0,0.0,0.0,0.0,0.0,0.0,0.0,0.0,0.0,0.0,0.0,0.0,0.0,184.90000000000003,0.0,0.0,1,17.3,0.33
444,Europe,Italy,-,Mobile & Tablet,2024-11-04,361.79,Nov,2024,0.0,0.0,0.0,0.0,0.0,0.0,0.0,0.0,0.0,0.0,0.0,0.0,0.0,0.0,0.0,361.79,0.0,0.0,0,17.3,0.33
445,Europe,Italy,-,Mobile & Tablet,2024-11-05,298.21999999999997,Nov,2024,0.0,0.0,0.0,0.0,0.0,0.0,0.0,0.0,0.0,0.0,0.0,0.0,0.0,0.0,0.0,298.21999999999997,0.0,0.0,0,17.3,0.33
446,Europe,Italy,-,Mobile & Tablet,2024-11-06,297.05000000000007,Nov,2024,0.0,0.0,0.0,0.0,0.0,0.0,0.0,0.0,0.0,0.0,0.0,0.0,0.0,0.0,0.0,297.05000000000007,0.0,0.0,1,17.3,0.33
447,Europe,Italy,-,Mobile & Tablet,2024-11-07,316.66,Nov,2024,0.0,0.0,0.0,0.0,0.0,0.0,0.0,0.0,0.0,0.0,0.0,0.0,0.0,0.0,0.0,316.66,0.0,0.0,1,17.3,0.33
448,Europe,Italy,-,Mobile & Tablet,2024-11-08,247.06,Nov,2024,0.0,0.0,0.0,0.0,0.0,0.0,0.0,0.0,0.0,0.0,0.0,0.0,0.0,0.0,0.0,247.06,0.0,0.0,1,17.3,0.33
449,Europe,Italy,-,Mobile & Tablet,2024-11-09,174.85999999999999,Nov,2024,0.0,0.0,0.0,0.0,0.0,0.0,0.0,0.0,0.0,0.0,0.0,0.0,0.0,0.0,0.0,174.85999999999999,0.0,0.0,1,17.3,0.33
450,Europe,Italy,-,Mobile & Tablet,2024-11-10,187.52999999999997,Nov,2024,0.0,0.0,0.0,0.0,0.0,0.0,0.0,0.0,0.0,0.0,0.0,0.0,0.0,0.0,0.0,187.52999999999997,0.0,0.0,1,17.3,0.33
451,Europe,Italy,-,Mobile & Tablet,2024-11-11,462.76,Nov,2024,0.0,0.0,0.0,0.0,0.0,0.0,0.0,0.0,0.0,0.0,0.0,0.0,0.0,0.0,0.0,462.76,0.0,0.0,0,17.3,0.33
452,Europe,Italy,-,Mobile & Tablet,2024-11-12,563.7099999999999,Nov,2024,0.0,0.0,0.0,0.0,0.0,0.0,0.0,0.0,0.0,0.0,0.0,0.0,0.0,0.0,0.0,563.7099999999999,0.0,0.0,0,17.3,0.33
453,Europe,Italy,-,Mobile & Tablet,2024-11-13,445.91,Nov,2024,0.0,0.0,0.0,0.0,0.0,0.0,0.0,0.0,0.0,0.0,0.0,0.0,0.0,0.0,0.0,445.91,0.0,0.0,1,17.3,0.33
454,Europe,Italy,-,Mobile & Tablet,2024-11-14,314.12999999999994,Nov,2024,0.0,0.0,0.0,0.0,0.0,0.0,0.0,0.0,0.0,0.0,0.0,0.0,0.0,0.0,0.0,314.12999999999994,0.0,0.0,1,17.3,0.33
455,Europe,Italy,-,Mobile & Tablet,2024-11-15,314.47999999999996,Nov,2024,0.0,0.0,0.0,0.0,0.0,0.0,0.0,0.0,0.0,0.0,0.0,0.0,0.0,0.0,0.0,314.47999999999996,0.0,0.0,1,17.3,0.33
456,Europe,Italy,-,Mobile & Tablet,2024-11-16,198.29999999999995,Nov,2024,0.0,0.0,0.0,0.0,0.0,0.0,0.0,0.0,0.0,0.0,0.0,0.0,0.0,0.0,0.0,198.29999999999995,0.0,0.0,1,17.3,0.33
457,Europe,Italy,-,Mobile & Tablet,2024-11-17,172.92,Nov,2024,0.0,0.0,0.0,0.0,0.0,0.0,0.0,0.0,0.0,0.0,0.0,0.0,0.0,0.0,0.0,172.92,0.0,0.0,1,17.3,0.33
458,Europe,Italy,-,Mobile & Tablet,2024-11-18,399.84999999999997,Nov,2024,0.0,0.0,0.0,0.0,0.0,0.0,0.0,0.0,0.0,0.0,0.0,0.0,0.0,0.0,0.0,399.84999999999997,0.0,0.0,0,17.3,0.33
459,Europe,Italy,-,Mobile & Tablet,2024-11-19,457.29999999999995,Nov,2024,0.0,0.0,0.0,0.0,0.0,0.0,0.0,0.0,0.0,0.0,0.0,0.0,0.0,0.0,0.0,457.29999999999995,0.0,0.0,0,17.3,0.33
460,Europe,Italy,-,Mobile & Tablet,2024-11-20,498.03,Nov,2024,0.0,0.0,0.0,0.0,0.0,0.0,0.0,0.0,0.0,0.0,0.0,0.0,0.0,0.0,0.0,498.03,0.0,0.0,1,17.3,0.33
461,Europe,Italy,-,Mobile & Tablet,2024-11-21,462.2,Nov,2024,0.0,0.0,0.0,0.0,0.0,0.0,0.0,0.0,0.0,0.0,0.0,0.0,0.0,0.0,0.0,462.2,0.0,0.0,1,17.3,0.33
462,Europe,Italy,-,Mobile & Tablet,2024-11-22,447.7,Nov,2024,0.0,0.0,0.0,0.0,0.0,0.0,0.0,0.0,0.0,0.0,0.0,0.0,0.0,0.0,0.0,447.7,0.0,0.0,1,17.3,0.33
463,Europe,Italy,-,Mobile & Tablet,2024-11-23,241.46,Nov,2024,0.0,0.0,0.0,0.0,0.0,0.0,0.0,0.0,0.0,0.0,0.0,0.0,0.0,0.0,0.0,241.46,0.0,0.0,1,17.3,0.33
464,Europe,Italy,-,Mobile & Tablet,2024-11-24,202.29999999999995,Nov,2024,0.0,0.0,0.0,0.0,0.0,0.0,0.0,0.0,0.0,0.0,0.0,0.0,0.0,0.0,0.0,202.29999999999995,0.0,0.0,1,17.3,0.33
465,Europe,Italy,-,Mobile & Tablet,2024-11-25,506.06,Nov,2024,0.0,0.0,0.0,0.0,0.0,0.0,0.0,0.0,0.0,0.0,0.0,0.0,0.0,0.0,0.0,506.06,0.0,0.0,0,17.3,0.33
466,Europe,Italy,-,Mobile & Tablet,2024-11-26,498.2099999999999,Nov,2024,0.0,0.0,0.0,0.0,0.0,0.0,0.0,0.0,0.0,0.0,0.0,0.0,0.0,0.0,0.0,498.2099999999999,0.0,0.0,0,17.3,0.33
467,Europe,Italy,-,Mobile & Tablet,2024-11-27,560.87,Nov,2024,0.0,0.0,0.0,0.0,0.0,0.0,0.0,0.0,0.0,0.0,0.0,0.0,0.0,0.0,0.0,560.87,0.0,0.0,1,17.3,0.33
468,Europe,Italy,-,Mobile & Tablet,2024-11-28,503.57,Nov,2024,0.0,0.0,0.0,0.0,0.0,0.0,0.0,0.0,0.0,0.0,0.0,0.0,0.0,0.0,0.0,503.57,0.0,0.0,1,17.3,0.33
469,Europe,Italy,-,Mobile & Tablet,2024-11-29,410.5200000000001,Nov,2024,0.0,0.0,0.0,0.0,0.0,0.0,0.0,0.0,0.0,0.0,0.0,0.0,0.0,0.0,0.0,410.5200000000001,0.0,0.0,1,17.3,0.33
470,Europe,Italy,-,Mobile & Tablet,2024-11-30,256.4,Nov,2024,0.0,0.0,0.0,0.0,0.0,0.0,0.0,0.0,0.0,0.0,0.0,0.0,0.0,0.0,0.0,256.4,0.0,0.0,1,17.3,0.33
471,Europe,Italy,-,Mobile & Tablet,2024-12-01,232.61,Dec,2024,0.0,0.0,0.0,0.0,0.0,0.0,0.0,0.0,0.0,0.0,0.0,232.61,0.0,0.0,0.0,0.0,0.0,0.0,1,17.3,0.33
472,Europe,Italy,-,Mobile & Tablet,2024-12-02,511.71000000000004,Dec,2024,0.0,0.0,0.0,0.0,0.0,0.0,0.0,0.0,0.0,0.0,0.0,511.71000000000004,0.0,0.0,0.0,0.0,0.0,0.0,0,17.3,0.33
473,Europe,Italy,-,Mobile & Tablet,2024-12-03,579.4799999999999,Dec,2024,0.0,0.0,0.0,0.0,0.0,0.0,0.0,0.0,0.0,0.0,0.0,579.4799999999999,0.0,0.0,0.0,0.0,0.0,0.0,0,17.3,0.33
474,Europe,Italy,-,Mobile & Tablet,2024-12-04,532.76,Dec,2024,0.0,0.0,0.0,0.0,0.0,0.0,0.0,0.0,0.0,0.0,0.0,532.76,0.0,0.0,0.0,0.0,0.0,0.0,1,17.3,0.33
475,Europe,Italy,-,Mobile & Tablet,2024-12-05,413.43,Dec,2024,0.0,0.0,0.0,0.0,0.0,0.0,0.0,0.0,0.0,0.0,0.0,413.43,0.0,0.0,0.0,0.0,0.0,0.0,1,17.3,0.33
476,Europe,Italy,-,Mobile & Tablet,2024-12-06,344.24999999999994,Dec,2024,0.0,0.0,0.0,0.0,0.0,0.0,0.0,0.0,0.0,0.0,0.0,344.24999999999994,0.0,0.0,0.0,0.0,0.0,0.0,1,17.3,0.33
477,Europe,Italy,-,Mobile & Tablet,2024-12-07,295.2699999999999,Dec,2024,0.0,0.0,0.0,0.0,0.0,0.0,0.0,0.0,0.0,0.0,0.0,295.2699999999999,0.0,0.0,0.0,0.0,0.0,0.0,1,17.3,0.33
478,Europe,Italy,-,Mobile & Tablet,2024-12-08,279.66,Dec,2024,0.0,0.0,0.0,0.0,0.0,0.0,0.0,0.0,0.0,0.0,0.0,279.66,0.0,0.0,0.0,0.0,0.0,0.0,1,17.3,0.33
479,Europe,Italy,-,Mobile & Tablet,2024-12-09,614.52,Dec,2024,0.0,0.0,0.0,0.0,0.0,0.0,0.0,0.0,0.0,0.0,0.0,614.52,0.0,0.0,0.0,0.0,0.0,0.0,0,17.3,0.33
480,Europe,Italy,-,Mobile & Tablet,2024-12-10,669.3199999999999,Dec,2024,0.0,0.0,0.0,0.0,0.0,0.0,0.0,0.0,0.0,0.0,0.0,669.3199999999999,0.0,0.0,0.0,0.0,0.0,0.0,0,17.3,0.33
481,Europe,Italy,-,Mobile & Tablet,2024-12-11,630.31,Dec,2024,0.0,0.0,0.0,0.0,0.0,0.0,0.0,0.0,0.0,0.0,0.0,630.31,0.0,0.0,0.0,0.0,0.0,0.0,1,17.3,0.33
482,Europe,Italy,-,Mobile & Tablet,2024-12-12,640.2199999999999,Dec,2024,0.0,0.0,0.0,0.0,0.0,0.0,0.0,0.0,0.0,0.0,0.0,640.2199999999999,0.0,0.0,0.0,0.0,0.0,0.0,1,17.3,0.33
483,Europe,Italy,-,Mobile & Tablet,2024-12-13,424.9,Dec,2024,0.0,0.0,0.0,0.0,0.0,0.0,0.0,0.0,0.0,0.0,0.0,424.9,0.0,0.0,0.0,0.0,0.0,0.0,1,17.3,0.33
484,Europe,Italy,-,Mobile & Tablet,2024-12-14,304.45,Dec,2024,0.0,0.0,0.0,0.0,0.0,0.0,0.0,0.0,0.0,0.0,0.0,304.45,0.0,0.0,0.0,0.0,0.0,0.0,1,17.3,0.33
485,Europe,Italy,-,Mobile & Tablet,2024-12-15,337.09,Dec,2024,0.0,0.0,0.0,0.0,0.0,0.0,0.0,0.0,0.0,0.0,0.0,337.09,0.0,0.0,0.0,0.0,0.0,0.0,1,17.3,0.33
486,Europe,Italy,-,Mobile & Tablet,2024-12-16,619.18,Dec,2024,0.0,0.0,0.0,0.0,0.0,0.0,0.0,0.0,0.0,0.0,0.0,619.18,0.0,0.0,0.0,0.0,0.0,0.0,0,17.3,0.33
487,Europe,Italy,-,Mobile & Tablet,2024-12-17,212.42,Dec,2024,0.0,0.0,0.0,0.0,0.0,0.0,0.0,0.0,0.0,0.0,0.0,212.42,0.0,0.0,0.0,0.0,0.0,0.0,0,17.3,0.33
488,Europe,Italy,-,Mobile & Tablet,2024-12-18,453.64000000000016,Dec,2024,0.0,0.0,0.0,0.0,0.0,0.0,0.0,0.0,0.0,0.0,0.0,453.64000000000016,0.0,0.0,0.0,0.0,0.0,0.0,1,17.3,0.33
489,Europe,Italy,-,Mobile & Tablet,2024-12-19,404.09999999999997,Dec,2024,0.0,0.0,0.0,0.0,0.0,0.0,0.0,0.0,0.0,0.0,0.0,404.09999999999997,0.0,0.0,0.0,0.0,0.0,0.0,1,17.3,0.33
490,Europe,Italy,-,Mobile & Tablet,2024-12-20,300.48999999999995,Dec,2024,0.0,0.0,0.0,0.0,0.0,0.0,0.0,0.0,0.0,0.0,0.0,300.48999999999995,0.0,0.0,0.0,0.0,0.0,0.0,1,17.3,0.33
491,Europe,Italy,-,Mobile & Tablet,2024-12-21,164.09,Dec,2024,0.0,0.0,0.0,0.0,0.0,0.0,0.0,0.0,0.0,0.0,0.0,164.09,0.0,0.0,0.0,0.0,0.0,0.0,1,17.3,0.33
492,Europe,Italy,-,Mobile & Tablet,2024-12-22,67.19999999999999,Dec,2024,0.0,0.0,0.0,0.0,0.0,0.0,0.0,0.0,0.0,0.0,0.0,67.19999999999999,0.0,0.0,0.0,0.0,0.0,0.0,1,17.3,0.33
493,Europe,Italy,-,Mobile & Tablet,2024-12-23,224.35430894308945,Dec,2024,0.0,0.0,0.0,0.0,0.0,0.0,0.0,0.0,0.0,0.0,0.0,224.35430894308945,0.0,0.0,0.0,0.0,0.0,0.0,0,17.3,0.33
494,Europe,Italy,-,Mobile & Tablet,2024-12-24,224.35430894308945,Dec,2024,0.0,0.0,0.0,0.0,0.0,0.0,0.0,0.0,0.0,0.0,0.0,224.35430894308945,0.0,0.0,0.0,0.0,0.0,0.0,0,17.3,0.33
495,Europe,Italy,-,Mobile & Tablet,2024-12-25,273.96000000000004,Dec,2024,0.0,0.0,0.0,0.0,0.0,0.0,0.0,0.0,0.0,0.0,0.0,273.96000000000004,0.0,0.0,0.0,0.0,0.0,0.0,1,17.3,0.33
496,Europe,Italy,-,Mobile & Tablet,2024-12-26,113.67999999999998,Dec,2024,0.0,0.0,0.0,0.0,0.0,0.0,0.0,0.0,0.0,0.0,0.0,113.67999999999998,0.0,0.0,0.0,0.0,0.0,0.0,1,17.3,0.33
497,Europe,Italy,-,Mobile & Tablet,2024-12-27,224.35430894308945,Dec,2024,0.0,0.0,0.0,0.0,0.0,0.0,0.0,0.0,0.0,0.0,0.0,224.35430894308945,0.0,0.0,0.0,0.0,0.0,0.0,1,17.3,0.33
498,Europe,Italy,-,Mobile & Tablet,2024-12-28,224.35430894308945,Dec,2024,0.0,0.0,0.0,0.0,0.0,0.0,0.0,0.0,0.0,0.0,0.0,224.35430894308945,0.0,0.0,0.0,0.0,0.0,0.0,1,17.3,0.33
499,Europe,Italy,-,Mobile & Tablet,2024-12-29,224.35430894308945,Dec,2024,0.0,0.0,0.0,0.0,0.0,0.0,0.0,0.0,0.0,0.0,0.0,224.35430894308945,0.0,0.0,0.0,0.0,0.0,0.0,1,17.3,0.33
500,Europe,Italy,-,Mobile & Tablet,2024-12-30,83.28,Dec,2024,0.0,0.0,0.0,0.0,0.0,0.0,0.0,0.0,0.0,0.0,0.0,83.28,0.0,0.0,0.0,0.0,0.0,0.0,0,17.3,0.33
501,Europe,Italy,-,Mobile & Tablet,2024-12-31,297.36,Dec,2024,0.0,0.0,0.0,0.0,0.0,0.0,0.0,0.0,0.0,0.0,0.0,297.36,0.0,0.0,0.0,0.0,0.0,0.0,0,17.3,0.33
