,region,market,funnel,account_type,ds,X,Month,Year,Germany_Desktop_-_Apr_2024,Germany_Desktop_-_Aug_2024,Germany_Desktop_-_Dec_2024,Germany_Desktop_-_Jul_2024,Germany_Desktop_-_Jun_2024,Germany_Desktop_-_May_2024,Germany_Desktop_-_Nov_2024,Germany_Desktop_-_Oct_2024,Germany_Desktop_-_Sep_2024,Germany_Mobile_&_Tablet_-_Apr_2024,Germany_Mobile_&_Tablet_-_Aug_2024,Germany_Mobile_&_Tablet_-_Dec_2024,Germany_Mobile_&_Tablet_-_Jul_2024,Germany_Mobile_&_Tablet_-_Jun_2024,Germany_Mobile_&_Tablet_-_May_2024,Germany_Mobile_&_Tablet_-_Nov_2024,Germany_Mobile_&_Tablet_-_Oct_2024,Germany_Mobile_&_Tablet_-_Sep_2024,Weekend,AOV,ROAS
0,Europe,Germany,-,Desktop,2024-04-25,4366.380000000001,Apr,2024,4366.380000000001,0.0,0.0,0.0,0.0,0.0,0.0,0.0,0.0,0.0,0.0,0.0,0.0,0.0,0.0,0.0,0.0,0.0,1,24.87,3.26
1,Europe,Germany,-,Desktop,2024-04-26,10068.05,Apr,2024,10068.05,0.0,0.0,0.0,0.0,0.0,0.0,0.0,0.0,0.0,0.0,0.0,0.0,0.0,0.0,0.0,0.0,0.0,1,24.87,3.26
2,Europe,Germany,-,Desktop,2024-04-27,428.43,Apr,2024,428.43,0.0,0.0,0.0,0.0,0.0,0.0,0.0,0.0,0.0,0.0,0.0,0.0,0.0,0.0,0.0,0.0,0.0,1,24.87,3.26
3,Europe,Germany,-,Desktop,2024-04-28,209.61,Apr,2024,209.61,0.0,0.0,0.0,0.0,0.0,0.0,0.0,0.0,0.0,0.0,0.0,0.0,0.0,0.0,0.0,0.0,0.0,1,24.87,3.26
4,Europe,Germany,-,Desktop,2024-04-29,540.16,Apr,2024,540.16,0.0,0.0,0.0,0.0,0.0,0.0,0.0,0.0,0.0,0.0,0.0,0.0,0.0,0.0,0.0,0.0,0.0,0,24.87,3.26
5,Europe,Germany,-,Desktop,2024-04-30,4722.6900000000005,Apr,2024,4722.6900000000005,0.0,0.0,0.0,0.0,0.0,0.0,0.0,0.0,0.0,0.0,0.0,0.0,0.0,0.0,0.0,0.0,0.0,0,24.87,3.26
6,Europe,Germany,-,Desktop,2024-05-01,4366.19,May,2024,0.0,0.0,0.0,0.0,0.0,4366.19,0.0,0.0,0.0,0.0,0.0,0.0,0.0,0.0,0.0,0.0,0.0,0.0,1,24.87,3.26
7,Europe,Germany,-,Desktop,2024-05-02,3916.86,May,2024,0.0,0.0,0.0,0.0,0.0,3916.86,0.0,0.0,0.0,0.0,0.0,0.0,0.0,0.0,0.0,0.0,0.0,0.0,1,24.87,3.26
8,Europe,Germany,-,Desktop,2024-05-03,3153.3900000000003,May,2024,0.0,0.0,0.0,0.0,0.0,3153.3900000000003,0.0,0.0,0.0,0.0,0.0,0.0,0.0,0.0,0.0,0.0,0.0,0.0,1,24.87,3.26
9,Europe,Germany,-,Desktop,2024-05-04,398.15999999999997,May,2024,0.0,0.0,0.0,0.0,0.0,398.15999999999997,0.0,0.0,0.0,0.0,0.0,0.0,0.0,0.0,0.0,0.0,0.0,0.0,1,24.87,3.26
10,Europe,Germany,-,Desktop,2024-05-05,418.8,May,2024,0.0,0.0,0.0,0.0,0.0,418.8,0.0,0.0,0.0,0.0,0.0,0.0,0.0,0.0,0.0,0.0,0.0,0.0,1,24.87,3.26
11,Europe,Germany,-,Desktop,2024-05-06,4169.21,May,2024,0.0,0.0,0.0,0.0,0.0,4169.21,0.0,0.0,0.0,0.0,0.0,0.0,0.0,0.0,0.0,0.0,0.0,0.0,0,24.87,3.26
12,Europe,Germany,-,Desktop,2024-05-07,4465.16,May,2024,0.0,0.0,0.0,0.0,0.0,4465.16,0.0,0.0,0.0,0.0,0.0,0.0,0.0,0.0,0.0,0.0,0.0,0.0,0,24.87,3.26
13,Europe,Germany,-,Desktop,2024-05-08,4624.830000000001,May,2024,0.0,0.0,0.0,0.0,0.0,4624.830000000001,0.0,0.0,0.0,0.0,0.0,0.0,0.0,0.0,0.0,0.0,0.0,0.0,1,24.87,3.26
14,Europe,Germany,-,Desktop,2024-05-09,4046.39,May,2024,0.0,0.0,0.0,0.0,0.0,4046.39,0.0,0.0,0.0,0.0,0.0,0.0,0.0,0.0,0.0,0.0,0.0,0.0,1,24.87,3.26
15,Europe,Germany,-,Desktop,2024-05-10,3092.07,May,2024,0.0,0.0,0.0,0.0,0.0,3092.07,0.0,0.0,0.0,0.0,0.0,0.0,0.0,0.0,0.0,0.0,0.0,0.0,1,24.87,3.26
16,Europe,Germany,-,Desktop,2024-05-11,298.56999999999994,May,2024,0.0,0.0,0.0,0.0,0.0,298.56999999999994,0.0,0.0,0.0,0.0,0.0,0.0,0.0,0.0,0.0,0.0,0.0,0.0,1,24.87,3.26
17,Europe,Germany,-,Desktop,2024-05-12,301.13,May,2024,0.0,0.0,0.0,0.0,0.0,301.13,0.0,0.0,0.0,0.0,0.0,0.0,0.0,0.0,0.0,0.0,0.0,0.0,1,24.87,3.26
18,Europe,Germany,-,Desktop,2024-05-13,3377.77,May,2024,0.0,0.0,0.0,0.0,0.0,3377.77,0.0,0.0,0.0,0.0,0.0,0.0,0.0,0.0,0.0,0.0,0.0,0.0,0,24.87,3.26
19,Europe,Germany,-,Desktop,2024-05-14,4434.51,May,2024,0.0,0.0,0.0,0.0,0.0,4434.51,0.0,0.0,0.0,0.0,0.0,0.0,0.0,0.0,0.0,0.0,0.0,0.0,0,24.87,3.26
20,Europe,Germany,-,Desktop,2024-05-15,4094.99,May,2024,0.0,0.0,0.0,0.0,0.0,4094.99,0.0,0.0,0.0,0.0,0.0,0.0,0.0,0.0,0.0,0.0,0.0,0.0,1,24.87,3.26
21,Europe,Germany,-,Desktop,2024-05-16,762.7399999999999,May,2024,0.0,0.0,0.0,0.0,0.0,762.7399999999999,0.0,0.0,0.0,0.0,0.0,0.0,0.0,0.0,0.0,0.0,0.0,0.0,1,24.87,3.26
22,Europe,Germany,-,Desktop,2024-05-17,2959.7299999999996,May,2024,0.0,0.0,0.0,0.0,0.0,2959.7299999999996,0.0,0.0,0.0,0.0,0.0,0.0,0.0,0.0,0.0,0.0,0.0,0.0,1,24.87,3.26
23,Europe,Germany,-,Desktop,2024-05-18,896.5799999999999,May,2024,0.0,0.0,0.0,0.0,0.0,896.5799999999999,0.0,0.0,0.0,0.0,0.0,0.0,0.0,0.0,0.0,0.0,0.0,0.0,1,24.87,3.26
24,Europe,Germany,-,Desktop,2024-05-19,920.9499999999999,May,2024,0.0,0.0,0.0,0.0,0.0,920.9499999999999,0.0,0.0,0.0,0.0,0.0,0.0,0.0,0.0,0.0,0.0,0.0,0.0,1,24.87,3.26
25,Europe,Germany,-,Desktop,2024-05-20,9241.7,May,2024,0.0,0.0,0.0,0.0,0.0,9241.7,0.0,0.0,0.0,0.0,0.0,0.0,0.0,0.0,0.0,0.0,0.0,0.0,0,24.87,3.26
26,Europe,Germany,-,Desktop,2024-05-21,8387.289999999999,May,2024,0.0,0.0,0.0,0.0,0.0,8387.289999999999,0.0,0.0,0.0,0.0,0.0,0.0,0.0,0.0,0.0,0.0,0.0,0.0,0,24.87,3.26
27,Europe,Germany,-,Desktop,2024-05-22,9351.52,May,2024,0.0,0.0,0.0,0.0,0.0,9351.52,0.0,0.0,0.0,0.0,0.0,0.0,0.0,0.0,0.0,0.0,0.0,0.0,1,24.87,3.26
28,Europe,Germany,-,Desktop,2024-05-23,8349.93,May,2024,0.0,0.0,0.0,0.0,0.0,8349.93,0.0,0.0,0.0,0.0,0.0,0.0,0.0,0.0,0.0,0.0,0.0,0.0,1,24.87,3.26
29,Europe,Germany,-,Desktop,2024-05-24,5970.0999999999985,May,2024,0.0,0.0,0.0,0.0,0.0,5970.0999999999985,0.0,0.0,0.0,0.0,0.0,0.0,0.0,0.0,0.0,0.0,0.0,0.0,1,24.87,3.26
30,Europe,Germany,-,Desktop,2024-05-25,333.84,May,2024,0.0,0.0,0.0,0.0,0.0,333.84,0.0,0.0,0.0,0.0,0.0,0.0,0.0,0.0,0.0,0.0,0.0,0.0,1,24.87,3.26
31,Europe,Germany,-,Desktop,2024-05-26,189.26,May,2024,0.0,0.0,0.0,0.0,0.0,189.26,0.0,0.0,0.0,0.0,0.0,0.0,0.0,0.0,0.0,0.0,0.0,0.0,1,24.87,3.26
32,Europe,Germany,-,Desktop,2024-05-27,296.76,May,2024,0.0,0.0,0.0,0.0,0.0,296.76,0.0,0.0,0.0,0.0,0.0,0.0,0.0,0.0,0.0,0.0,0.0,0.0,0,24.87,3.26
33,Europe,Germany,-,Desktop,2024-05-28,2663.68,May,2024,0.0,0.0,0.0,0.0,0.0,2663.68,0.0,0.0,0.0,0.0,0.0,0.0,0.0,0.0,0.0,0.0,0.0,0.0,0,24.87,3.26
34,Europe,Germany,-,Desktop,2024-05-29,4949.539999999999,May,2024,0.0,0.0,0.0,0.0,0.0,4949.539999999999,0.0,0.0,0.0,0.0,0.0,0.0,0.0,0.0,0.0,0.0,0.0,0.0,1,24.87,3.26
35,Europe,Germany,-,Desktop,2024-05-30,5480.15,May,2024,0.0,0.0,0.0,0.0,0.0,5480.15,0.0,0.0,0.0,0.0,0.0,0.0,0.0,0.0,0.0,0.0,0.0,0.0,1,24.87,3.26
36,Europe,Germany,-,Desktop,2024-05-31,4272.97,May,2024,0.0,0.0,0.0,0.0,0.0,4272.97,0.0,0.0,0.0,0.0,0.0,0.0,0.0,0.0,0.0,0.0,0.0,0.0,1,24.87,3.26
37,Europe,Germany,-,Desktop,2024-06-01,610.8399999999999,Jun,2024,0.0,0.0,0.0,0.0,610.8399999999999,0.0,0.0,0.0,0.0,0.0,0.0,0.0,0.0,0.0,0.0,0.0,0.0,0.0,1,24.87,3.26
38,Europe,Germany,-,Desktop,2024-06-02,502.94,Jun,2024,0.0,0.0,0.0,0.0,502.94,0.0,0.0,0.0,0.0,0.0,0.0,0.0,0.0,0.0,0.0,0.0,0.0,0.0,1,24.87,3.26
39,Europe,Germany,-,Desktop,2024-06-03,6171.829999999999,Jun,2024,0.0,0.0,0.0,0.0,6171.829999999999,0.0,0.0,0.0,0.0,0.0,0.0,0.0,0.0,0.0,0.0,0.0,0.0,0.0,0,24.87,3.26
40,Europe,Germany,-,Desktop,2024-06-04,7018.209999999999,Jun,2024,0.0,0.0,0.0,0.0,7018.209999999999,0.0,0.0,0.0,0.0,0.0,0.0,0.0,0.0,0.0,0.0,0.0,0.0,0.0,0,24.87,3.26
41,Europe,Germany,-,Desktop,2024-06-05,5651.970000000001,Jun,2024,0.0,0.0,0.0,0.0,5651.970000000001,0.0,0.0,0.0,0.0,0.0,0.0,0.0,0.0,0.0,0.0,0.0,0.0,0.0,1,24.87,3.26
42,Europe,Germany,-,Desktop,2024-06-06,2426.72,Jun,2024,0.0,0.0,0.0,0.0,2426.72,0.0,0.0,0.0,0.0,0.0,0.0,0.0,0.0,0.0,0.0,0.0,0.0,0.0,1,24.87,3.26
43,Europe,Germany,-,Desktop,2024-06-07,3699.290000000001,Jun,2024,0.0,0.0,0.0,0.0,3699.290000000001,0.0,0.0,0.0,0.0,0.0,0.0,0.0,0.0,0.0,0.0,0.0,0.0,0.0,1,24.87,3.26
44,Europe,Germany,-,Desktop,2024-06-08,645.7899999999998,Jun,2024,0.0,0.0,0.0,0.0,645.7899999999998,0.0,0.0,0.0,0.0,0.0,0.0,0.0,0.0,0.0,0.0,0.0,0.0,0.0,1,24.87,3.26
45,Europe,Germany,-,Desktop,2024-06-09,559.3199999999999,Jun,2024,0.0,0.0,0.0,0.0,559.3199999999999,0.0,0.0,0.0,0.0,0.0,0.0,0.0,0.0,0.0,0.0,0.0,0.0,0.0,1,24.87,3.26
46,Europe,Germany,-,Desktop,2024-06-10,7147.2,Jun,2024,0.0,0.0,0.0,0.0,7147.2,0.0,0.0,0.0,0.0,0.0,0.0,0.0,0.0,0.0,0.0,0.0,0.0,0.0,0,24.87,3.26
47,Europe,Germany,-,Desktop,2024-06-11,6429.3,Jun,2024,0.0,0.0,0.0,0.0,6429.3,0.0,0.0,0.0,0.0,0.0,0.0,0.0,0.0,0.0,0.0,0.0,0.0,0.0,0,24.87,3.26
48,Europe,Germany,-,Desktop,2024-06-12,6343.4400000000005,Jun,2024,0.0,0.0,0.0,0.0,6343.4400000000005,0.0,0.0,0.0,0.0,0.0,0.0,0.0,0.0,0.0,0.0,0.0,0.0,0.0,1,24.87,3.26
49,Europe,Germany,-,Desktop,2024-06-13,5499.429999999999,Jun,2024,0.0,0.0,0.0,0.0,5499.429999999999,0.0,0.0,0.0,0.0,0.0,0.0,0.0,0.0,0.0,0.0,0.0,0.0,0.0,1,24.87,3.26
50,Europe,Germany,-,Desktop,2024-06-14,4252.290000000001,Jun,2024,0.0,0.0,0.0,0.0,4252.290000000001,0.0,0.0,0.0,0.0,0.0,0.0,0.0,0.0,0.0,0.0,0.0,0.0,0.0,1,24.87,3.26
51,Europe,Germany,-,Desktop,2024-06-15,953.5400000000001,Jun,2024,0.0,0.0,0.0,0.0,953.5400000000001,0.0,0.0,0.0,0.0,0.0,0.0,0.0,0.0,0.0,0.0,0.0,0.0,0.0,1,24.87,3.26
52,Europe,Germany,-,Desktop,2024-06-16,825.6700000000001,Jun,2024,0.0,0.0,0.0,0.0,825.6700000000001,0.0,0.0,0.0,0.0,0.0,0.0,0.0,0.0,0.0,0.0,0.0,0.0,0.0,1,24.87,3.26
53,Europe,Germany,-,Desktop,2024-06-17,11483.79,Jun,2024,0.0,0.0,0.0,0.0,11483.79,0.0,0.0,0.0,0.0,0.0,0.0,0.0,0.0,0.0,0.0,0.0,0.0,0.0,0,24.87,3.26
54,Europe,Germany,-,Desktop,2024-06-18,3800.7000000000007,Jun,2024,0.0,0.0,0.0,0.0,3800.7000000000007,0.0,0.0,0.0,0.0,0.0,0.0,0.0,0.0,0.0,0.0,0.0,0.0,0.0,0,24.87,3.26
55,Europe,Germany,-,Desktop,2024-06-19,4822.32,Jun,2024,0.0,0.0,0.0,0.0,4822.32,0.0,0.0,0.0,0.0,0.0,0.0,0.0,0.0,0.0,0.0,0.0,0.0,0.0,1,24.87,3.26
56,Europe,Germany,-,Desktop,2024-06-20,4340.82,Jun,2024,0.0,0.0,0.0,0.0,4340.82,0.0,0.0,0.0,0.0,0.0,0.0,0.0,0.0,0.0,0.0,0.0,0.0,0.0,1,24.87,3.26
57,Europe,Germany,-,Desktop,2024-06-21,3137.25,Jun,2024,0.0,0.0,0.0,0.0,3137.25,0.0,0.0,0.0,0.0,0.0,0.0,0.0,0.0,0.0,0.0,0.0,0.0,0.0,1,24.87,3.26
58,Europe,Germany,-,Desktop,2024-06-22,430.39000000000004,Jun,2024,0.0,0.0,0.0,0.0,430.39000000000004,0.0,0.0,0.0,0.0,0.0,0.0,0.0,0.0,0.0,0.0,0.0,0.0,0.0,1,24.87,3.26
59,Europe,Germany,-,Desktop,2024-06-23,302.31,Jun,2024,0.0,0.0,0.0,0.0,302.31,0.0,0.0,0.0,0.0,0.0,0.0,0.0,0.0,0.0,0.0,0.0,0.0,0.0,1,24.87,3.26
60,Europe,Germany,-,Desktop,2024-06-24,4157.740000000001,Jun,2024,0.0,0.0,0.0,0.0,4157.740000000001,0.0,0.0,0.0,0.0,0.0,0.0,0.0,0.0,0.0,0.0,0.0,0.0,0.0,0,24.87,3.26
61,Europe,Germany,-,Desktop,2024-06-25,5071.57,Jun,2024,0.0,0.0,0.0,0.0,5071.57,0.0,0.0,0.0,0.0,0.0,0.0,0.0,0.0,0.0,0.0,0.0,0.0,0.0,0,24.87,3.26
62,Europe,Germany,-,Desktop,2024-06-26,4885.72,Jun,2024,0.0,0.0,0.0,0.0,4885.72,0.0,0.0,0.0,0.0,0.0,0.0,0.0,0.0,0.0,0.0,0.0,0.0,0.0,1,24.87,3.26
63,Europe,Germany,-,Desktop,2024-06-27,2012.24,Jun,2024,0.0,0.0,0.0,0.0,2012.24,0.0,0.0,0.0,0.0,0.0,0.0,0.0,0.0,0.0,0.0,0.0,0.0,0.0,1,24.87,3.26
64,Europe,Germany,-,Desktop,2024-06-28,599.3599999999999,Jun,2024,0.0,0.0,0.0,0.0,599.3599999999999,0.0,0.0,0.0,0.0,0.0,0.0,0.0,0.0,0.0,0.0,0.0,0.0,0.0,1,24.87,3.26
65,Europe,Germany,-,Desktop,2024-06-29,819.36,Jun,2024,0.0,0.0,0.0,0.0,819.36,0.0,0.0,0.0,0.0,0.0,0.0,0.0,0.0,0.0,0.0,0.0,0.0,0.0,1,24.87,3.26
66,Europe,Germany,-,Desktop,2024-06-30,905.1599999999999,Jun,2024,0.0,0.0,0.0,0.0,905.1599999999999,0.0,0.0,0.0,0.0,0.0,0.0,0.0,0.0,0.0,0.0,0.0,0.0,0.0,1,24.87,3.26
67,Europe,Germany,-,Desktop,2024-07-01,8317.289999999999,Jul,2024,0.0,0.0,0.0,8317.289999999999,0.0,0.0,0.0,0.0,0.0,0.0,0.0,0.0,0.0,0.0,0.0,0.0,0.0,0.0,0,24.87,3.26
68,Europe,Germany,-,Desktop,2024-07-02,8255.52,Jul,2024,0.0,0.0,0.0,8255.52,0.0,0.0,0.0,0.0,0.0,0.0,0.0,0.0,0.0,0.0,0.0,0.0,0.0,0.0,0,24.87,3.26
69,Europe,Germany,-,Desktop,2024-07-03,8632.17,Jul,2024,0.0,0.0,0.0,8632.17,0.0,0.0,0.0,0.0,0.0,0.0,0.0,0.0,0.0,0.0,0.0,0.0,0.0,0.0,1,24.87,3.26
70,Europe,Germany,-,Desktop,2024-07-04,7892.320000000001,Jul,2024,0.0,0.0,0.0,7892.320000000001,0.0,0.0,0.0,0.0,0.0,0.0,0.0,0.0,0.0,0.0,0.0,0.0,0.0,0.0,1,24.87,3.26
71,Europe,Germany,-,Desktop,2024-07-05,3163.16,Jul,2024,0.0,0.0,0.0,3163.16,0.0,0.0,0.0,0.0,0.0,0.0,0.0,0.0,0.0,0.0,0.0,0.0,0.0,0.0,1,24.87,3.26
72,Europe,Germany,-,Desktop,2024-07-06,452.86,Jul,2024,0.0,0.0,0.0,452.86,0.0,0.0,0.0,0.0,0.0,0.0,0.0,0.0,0.0,0.0,0.0,0.0,0.0,0.0,1,24.87,3.26
73,Europe,Germany,-,Desktop,2024-07-07,439.38999999999993,Jul,2024,0.0,0.0,0.0,439.38999999999993,0.0,0.0,0.0,0.0,0.0,0.0,0.0,0.0,0.0,0.0,0.0,0.0,0.0,0.0,1,24.87,3.26
74,Europe,Germany,-,Desktop,2024-07-08,4927.31,Jul,2024,0.0,0.0,0.0,4927.31,0.0,0.0,0.0,0.0,0.0,0.0,0.0,0.0,0.0,0.0,0.0,0.0,0.0,0.0,0,24.87,3.26
75,Europe,Germany,-,Desktop,2024-07-09,5073.93,Jul,2024,0.0,0.0,0.0,5073.93,0.0,0.0,0.0,0.0,0.0,0.0,0.0,0.0,0.0,0.0,0.0,0.0,0.0,0.0,0,24.87,3.26
76,Europe,Germany,-,Desktop,2024-07-10,4938.87,Jul,2024,0.0,0.0,0.0,4938.87,0.0,0.0,0.0,0.0,0.0,0.0,0.0,0.0,0.0,0.0,0.0,0.0,0.0,0.0,1,24.87,3.26
77,Europe,Germany,-,Desktop,2024-07-11,3038.9399999999996,Jul,2024,0.0,0.0,0.0,3038.9399999999996,0.0,0.0,0.0,0.0,0.0,0.0,0.0,0.0,0.0,0.0,0.0,0.0,0.0,0.0,1,24.87,3.26
78,Europe,Germany,-,Desktop,2024-07-12,5067.280000000001,Jul,2024,0.0,0.0,0.0,5067.280000000001,0.0,0.0,0.0,0.0,0.0,0.0,0.0,0.0,0.0,0.0,0.0,0.0,0.0,0.0,1,24.87,3.26
79,Europe,Germany,-,Desktop,2024-07-13,745.7800000000001,Jul,2024,0.0,0.0,0.0,745.7800000000001,0.0,0.0,0.0,0.0,0.0,0.0,0.0,0.0,0.0,0.0,0.0,0.0,0.0,0.0,1,24.87,3.26
80,Europe,Germany,-,Desktop,2024-07-14,678.0799999999999,Jul,2024,0.0,0.0,0.0,678.0799999999999,0.0,0.0,0.0,0.0,0.0,0.0,0.0,0.0,0.0,0.0,0.0,0.0,0.0,0.0,1,24.87,3.26
81,Europe,Germany,-,Desktop,2024-07-15,7388.670000000001,Jul,2024,0.0,0.0,0.0,7388.670000000001,0.0,0.0,0.0,0.0,0.0,0.0,0.0,0.0,0.0,0.0,0.0,0.0,0.0,0.0,0,24.87,3.26
82,Europe,Germany,-,Desktop,2024-07-16,5979.46,Jul,2024,0.0,0.0,0.0,5979.46,0.0,0.0,0.0,0.0,0.0,0.0,0.0,0.0,0.0,0.0,0.0,0.0,0.0,0.0,0,24.87,3.26
83,Europe,Germany,-,Desktop,2024-07-17,5476.72,Jul,2024,0.0,0.0,0.0,5476.72,0.0,0.0,0.0,0.0,0.0,0.0,0.0,0.0,0.0,0.0,0.0,0.0,0.0,0.0,1,24.87,3.26
84,Europe,Germany,-,Desktop,2024-07-18,5029.290000000001,Jul,2024,0.0,0.0,0.0,5029.290000000001,0.0,0.0,0.0,0.0,0.0,0.0,0.0,0.0,0.0,0.0,0.0,0.0,0.0,0.0,1,24.87,3.26
85,Europe,Germany,-,Desktop,2024-07-19,3430.61,Jul,2024,0.0,0.0,0.0,3430.61,0.0,0.0,0.0,0.0,0.0,0.0,0.0,0.0,0.0,0.0,0.0,0.0,0.0,0.0,1,24.87,3.26
86,Europe,Germany,-,Desktop,2024-07-20,562.34,Jul,2024,0.0,0.0,0.0,562.34,0.0,0.0,0.0,0.0,0.0,0.0,0.0,0.0,0.0,0.0,0.0,0.0,0.0,0.0,1,24.87,3.26
87,Europe,Germany,-,Desktop,2024-07-21,510.15000000000003,Jul,2024,0.0,0.0,0.0,510.15000000000003,0.0,0.0,0.0,0.0,0.0,0.0,0.0,0.0,0.0,0.0,0.0,0.0,0.0,0.0,1,24.87,3.26
88,Europe,Germany,-,Desktop,2024-07-22,5408.39,Jul,2024,0.0,0.0,0.0,5408.39,0.0,0.0,0.0,0.0,0.0,0.0,0.0,0.0,0.0,0.0,0.0,0.0,0.0,0.0,0,24.87,3.26
89,Europe,Germany,-,Desktop,2024-07-23,5528.0,Jul,2024,0.0,0.0,0.0,5528.0,0.0,0.0,0.0,0.0,0.0,0.0,0.0,0.0,0.0,0.0,0.0,0.0,0.0,0.0,0,24.87,3.26
90,Europe,Germany,-,Desktop,2024-07-24,5239.76,Jul,2024,0.0,0.0,0.0,5239.76,0.0,0.0,0.0,0.0,0.0,0.0,0.0,0.0,0.0,0.0,0.0,0.0,0.0,0.0,1,24.87,3.26
91,Europe,Germany,-,Desktop,2024-07-25,4245.22,Jul,2024,0.0,0.0,0.0,4245.22,0.0,0.0,0.0,0.0,0.0,0.0,0.0,0.0,0.0,0.0,0.0,0.0,0.0,0.0,1,24.87,3.26
92,Europe,Germany,-,Desktop,2024-07-26,4206.040000000001,Jul,2024,0.0,0.0,0.0,4206.040000000001,0.0,0.0,0.0,0.0,0.0,0.0,0.0,0.0,0.0,0.0,0.0,0.0,0.0,0.0,1,24.87,3.26
93,Europe,Germany,-,Desktop,2024-07-27,676.5699999999999,Jul,2024,0.0,0.0,0.0,676.5699999999999,0.0,0.0,0.0,0.0,0.0,0.0,0.0,0.0,0.0,0.0,0.0,0.0,0.0,0.0,1,24.87,3.26
94,Europe,Germany,-,Desktop,2024-07-28,515.28,Jul,2024,0.0,0.0,0.0,515.28,0.0,0.0,0.0,0.0,0.0,0.0,0.0,0.0,0.0,0.0,0.0,0.0,0.0,0.0,1,24.87,3.26
95,Europe,Germany,-,Desktop,2024-07-29,6587.29,Jul,2024,0.0,0.0,0.0,6587.29,0.0,0.0,0.0,0.0,0.0,0.0,0.0,0.0,0.0,0.0,0.0,0.0,0.0,0.0,0,24.87,3.26
96,Europe,Germany,-,Desktop,2024-07-30,4036.590000000001,Jul,2024,0.0,0.0,0.0,4036.590000000001,0.0,0.0,0.0,0.0,0.0,0.0,0.0,0.0,0.0,0.0,0.0,0.0,0.0,0.0,0,24.87,3.26
97,Europe,Germany,-,Desktop,2024-07-31,2712.71,Jul,2024,0.0,0.0,0.0,2712.71,0.0,0.0,0.0,0.0,0.0,0.0,0.0,0.0,0.0,0.0,0.0,0.0,0.0,0.0,1,24.87,3.26
98,Europe,Germany,-,Desktop,2024-08-01,2830.1200000000003,Aug,2024,0.0,2830.1200000000003,0.0,0.0,0.0,0.0,0.0,0.0,0.0,0.0,0.0,0.0,0.0,0.0,0.0,0.0,0.0,0.0,1,24.87,3.26
99,Europe,Germany,-,Desktop,2024-08-02,2218.4700000000007,Aug,2024,0.0,2218.4700000000007,0.0,0.0,0.0,0.0,0.0,0.0,0.0,0.0,0.0,0.0,0.0,0.0,0.0,0.0,0.0,0.0,1,24.87,3.26
100,Europe,Germany,-,Desktop,2024-08-03,508.05,Aug,2024,0.0,508.05,0.0,0.0,0.0,0.0,0.0,0.0,0.0,0.0,0.0,0.0,0.0,0.0,0.0,0.0,0.0,0.0,1,24.87,3.26
101,Europe,Germany,-,Desktop,2024-08-04,417.78000000000003,Aug,2024,0.0,417.78000000000003,0.0,0.0,0.0,0.0,0.0,0.0,0.0,0.0,0.0,0.0,0.0,0.0,0.0,0.0,0.0,0.0,1,24.87,3.26
102,Europe,Germany,-,Desktop,2024-08-05,4220.3,Aug,2024,0.0,4220.3,0.0,0.0,0.0,0.0,0.0,0.0,0.0,0.0,0.0,0.0,0.0,0.0,0.0,0.0,0.0,0.0,0,24.87,3.26
103,Europe,Germany,-,Desktop,2024-08-06,4338.07,Aug,2024,0.0,4338.07,0.0,0.0,0.0,0.0,0.0,0.0,0.0,0.0,0.0,0.0,0.0,0.0,0.0,0.0,0.0,0.0,0,24.87,3.26
104,Europe,Germany,-,Desktop,2024-08-07,4654.58,Aug,2024,0.0,4654.58,0.0,0.0,0.0,0.0,0.0,0.0,0.0,0.0,0.0,0.0,0.0,0.0,0.0,0.0,0.0,0.0,1,24.87,3.26
105,Europe,Germany,-,Desktop,2024-08-08,3960.3900000000003,Aug,2024,0.0,3960.3900000000003,0.0,0.0,0.0,0.0,0.0,0.0,0.0,0.0,0.0,0.0,0.0,0.0,0.0,0.0,0.0,0.0,1,24.87,3.26
106,Europe,Germany,-,Desktop,2024-08-09,3077.4499999999994,Aug,2024,0.0,3077.4499999999994,0.0,0.0,0.0,0.0,0.0,0.0,0.0,0.0,0.0,0.0,0.0,0.0,0.0,0.0,0.0,0.0,1,24.87,3.26
107,Europe,Germany,-,Desktop,2024-08-10,582.93,Aug,2024,0.0,582.93,0.0,0.0,0.0,0.0,0.0,0.0,0.0,0.0,0.0,0.0,0.0,0.0,0.0,0.0,0.0,0.0,1,24.87,3.26
108,Europe,Germany,-,Desktop,2024-08-11,487.78,Aug,2024,0.0,487.78,0.0,0.0,0.0,0.0,0.0,0.0,0.0,0.0,0.0,0.0,0.0,0.0,0.0,0.0,0.0,0.0,1,24.87,3.26
109,Europe,Germany,-,Desktop,2024-08-12,5920.830000000002,Aug,2024,0.0,5920.830000000002,0.0,0.0,0.0,0.0,0.0,0.0,0.0,0.0,0.0,0.0,0.0,0.0,0.0,0.0,0.0,0.0,0,24.87,3.26
110,Europe,Germany,-,Desktop,2024-08-13,5258.139999999999,Aug,2024,0.0,5258.139999999999,0.0,0.0,0.0,0.0,0.0,0.0,0.0,0.0,0.0,0.0,0.0,0.0,0.0,0.0,0.0,0.0,0,24.87,3.26
111,Europe,Germany,-,Desktop,2024-08-14,7004.920000000001,Aug,2024,0.0,7004.920000000001,0.0,0.0,0.0,0.0,0.0,0.0,0.0,0.0,0.0,0.0,0.0,0.0,0.0,0.0,0.0,0.0,1,24.87,3.26
112,Europe,Germany,-,Desktop,2024-08-15,6691.55,Aug,2024,0.0,6691.55,0.0,0.0,0.0,0.0,0.0,0.0,0.0,0.0,0.0,0.0,0.0,0.0,0.0,0.0,0.0,0.0,1,24.87,3.26
113,Europe,Germany,-,Desktop,2024-08-16,5764.47,Aug,2024,0.0,5764.47,0.0,0.0,0.0,0.0,0.0,0.0,0.0,0.0,0.0,0.0,0.0,0.0,0.0,0.0,0.0,0.0,1,24.87,3.26
114,Europe,Germany,-,Desktop,2024-08-17,1142.03,Aug,2024,0.0,1142.03,0.0,0.0,0.0,0.0,0.0,0.0,0.0,0.0,0.0,0.0,0.0,0.0,0.0,0.0,0.0,0.0,1,24.87,3.26
115,Europe,Germany,-,Desktop,2024-08-18,1105.05,Aug,2024,0.0,1105.05,0.0,0.0,0.0,0.0,0.0,0.0,0.0,0.0,0.0,0.0,0.0,0.0,0.0,0.0,0.0,0.0,1,24.87,3.26
116,Europe,Germany,-,Desktop,2024-08-19,11610.21,Aug,2024,0.0,11610.21,0.0,0.0,0.0,0.0,0.0,0.0,0.0,0.0,0.0,0.0,0.0,0.0,0.0,0.0,0.0,0.0,0,24.87,3.26
117,Europe,Germany,-,Desktop,2024-08-20,6167.509999999999,Aug,2024,0.0,6167.509999999999,0.0,0.0,0.0,0.0,0.0,0.0,0.0,0.0,0.0,0.0,0.0,0.0,0.0,0.0,0.0,0.0,0,24.87,3.26
118,Europe,Germany,-,Desktop,2024-08-21,5694.87,Aug,2024,0.0,5694.87,0.0,0.0,0.0,0.0,0.0,0.0,0.0,0.0,0.0,0.0,0.0,0.0,0.0,0.0,0.0,0.0,1,24.87,3.26
119,Europe,Germany,-,Desktop,2024-08-22,5109.590000000001,Aug,2024,0.0,5109.590000000001,0.0,0.0,0.0,0.0,0.0,0.0,0.0,0.0,0.0,0.0,0.0,0.0,0.0,0.0,0.0,0.0,1,24.87,3.26
120,Europe,Germany,-,Desktop,2024-08-23,3682.6599999999994,Aug,2024,0.0,3682.6599999999994,0.0,0.0,0.0,0.0,0.0,0.0,0.0,0.0,0.0,0.0,0.0,0.0,0.0,0.0,0.0,0.0,1,24.87,3.26
121,Europe,Germany,-,Desktop,2024-08-24,466.7,Aug,2024,0.0,466.7,0.0,0.0,0.0,0.0,0.0,0.0,0.0,0.0,0.0,0.0,0.0,0.0,0.0,0.0,0.0,0.0,1,24.87,3.26
122,Europe,Germany,-,Desktop,2024-08-25,441.13,Aug,2024,0.0,441.13,0.0,0.0,0.0,0.0,0.0,0.0,0.0,0.0,0.0,0.0,0.0,0.0,0.0,0.0,0.0,0.0,1,24.87,3.26
123,Europe,Germany,-,Desktop,2024-08-26,5061.23,Aug,2024,0.0,5061.23,0.0,0.0,0.0,0.0,0.0,0.0,0.0,0.0,0.0,0.0,0.0,0.0,0.0,0.0,0.0,0.0,0,24.87,3.26
124,Europe,Germany,-,Desktop,2024-08-27,5014.019999999999,Aug,2024,0.0,5014.019999999999,0.0,0.0,0.0,0.0,0.0,0.0,0.0,0.0,0.0,0.0,0.0,0.0,0.0,0.0,0.0,0.0,0,24.87,3.26
125,Europe,Germany,-,Desktop,2024-08-28,5801.57,Aug,2024,0.0,5801.57,0.0,0.0,0.0,0.0,0.0,0.0,0.0,0.0,0.0,0.0,0.0,0.0,0.0,0.0,0.0,0.0,1,24.87,3.26
126,Europe,Germany,-,Desktop,2024-08-29,8559.699999999999,Aug,2024,0.0,8559.699999999999,0.0,0.0,0.0,0.0,0.0,0.0,0.0,0.0,0.0,0.0,0.0,0.0,0.0,0.0,0.0,0.0,1,24.87,3.26
127,Europe,Germany,-,Desktop,2024-08-30,7719.2699999999995,Aug,2024,0.0,7719.2699999999995,0.0,0.0,0.0,0.0,0.0,0.0,0.0,0.0,0.0,0.0,0.0,0.0,0.0,0.0,0.0,0.0,1,24.87,3.26
128,Europe,Germany,-,Desktop,2024-08-31,1254.07,Aug,2024,0.0,1254.07,0.0,0.0,0.0,0.0,0.0,0.0,0.0,0.0,0.0,0.0,0.0,0.0,0.0,0.0,0.0,0.0,1,24.87,3.26
129,Europe,Germany,-,Desktop,2024-09-01,1015.6999999999998,Sep,2024,0.0,0.0,0.0,0.0,0.0,0.0,0.0,0.0,1015.6999999999998,0.0,0.0,0.0,0.0,0.0,0.0,0.0,0.0,0.0,1,24.87,3.26
130,Europe,Germany,-,Desktop,2024-09-02,12284.509999999998,Sep,2024,0.0,0.0,0.0,0.0,0.0,0.0,0.0,0.0,12284.509999999998,0.0,0.0,0.0,0.0,0.0,0.0,0.0,0.0,0.0,0,24.87,3.26
131,Europe,Germany,-,Desktop,2024-09-03,11193.28,Sep,2024,0.0,0.0,0.0,0.0,0.0,0.0,0.0,0.0,11193.28,0.0,0.0,0.0,0.0,0.0,0.0,0.0,0.0,0.0,0,24.87,3.26
132,Europe,Germany,-,Desktop,2024-09-04,7743.1900000000005,Sep,2024,0.0,0.0,0.0,0.0,0.0,0.0,0.0,0.0,7743.1900000000005,0.0,0.0,0.0,0.0,0.0,0.0,0.0,0.0,0.0,1,24.87,3.26
133,Europe,Germany,-,Desktop,2024-09-05,6664.129999999999,Sep,2024,0.0,0.0,0.0,0.0,0.0,0.0,0.0,0.0,6664.129999999999,0.0,0.0,0.0,0.0,0.0,0.0,0.0,0.0,0.0,1,24.87,3.26
134,Europe,Germany,-,Desktop,2024-09-06,5274.51,Sep,2024,0.0,0.0,0.0,0.0,0.0,0.0,0.0,0.0,5274.51,0.0,0.0,0.0,0.0,0.0,0.0,0.0,0.0,0.0,1,24.87,3.26
135,Europe,Germany,-,Desktop,2024-09-07,699.55,Sep,2024,0.0,0.0,0.0,0.0,0.0,0.0,0.0,0.0,699.55,0.0,0.0,0.0,0.0,0.0,0.0,0.0,0.0,0.0,1,24.87,3.26
136,Europe,Germany,-,Desktop,2024-09-08,476.63999999999993,Sep,2024,0.0,0.0,0.0,0.0,0.0,0.0,0.0,0.0,476.63999999999993,0.0,0.0,0.0,0.0,0.0,0.0,0.0,0.0,0.0,1,24.87,3.26
137,Europe,Germany,-,Desktop,2024-09-09,6137.600000000001,Sep,2024,0.0,0.0,0.0,0.0,0.0,0.0,0.0,0.0,6137.600000000001,0.0,0.0,0.0,0.0,0.0,0.0,0.0,0.0,0.0,0,24.87,3.26
138,Europe,Germany,-,Desktop,2024-09-10,7113.369999999999,Sep,2024,0.0,0.0,0.0,0.0,0.0,0.0,0.0,0.0,7113.369999999999,0.0,0.0,0.0,0.0,0.0,0.0,0.0,0.0,0.0,0,24.87,3.26
139,Europe,Germany,-,Desktop,2024-09-11,7649.05,Sep,2024,0.0,0.0,0.0,0.0,0.0,0.0,0.0,0.0,7649.05,0.0,0.0,0.0,0.0,0.0,0.0,0.0,0.0,0.0,1,24.87,3.26
140,Europe,Germany,-,Desktop,2024-09-12,6652.17,Sep,2024,0.0,0.0,0.0,0.0,0.0,0.0,0.0,0.0,6652.17,0.0,0.0,0.0,0.0,0.0,0.0,0.0,0.0,0.0,1,24.87,3.26
141,Europe,Germany,-,Desktop,2024-09-13,3521.2300000000005,Sep,2024,0.0,0.0,0.0,0.0,0.0,0.0,0.0,0.0,3521.2300000000005,0.0,0.0,0.0,0.0,0.0,0.0,0.0,0.0,0.0,1,24.87,3.26
142,Europe,Germany,-,Desktop,2024-09-14,518.4500000000002,Sep,2024,0.0,0.0,0.0,0.0,0.0,0.0,0.0,0.0,518.4500000000002,0.0,0.0,0.0,0.0,0.0,0.0,0.0,0.0,0.0,1,24.87,3.26
143,Europe,Germany,-,Desktop,2024-09-15,451.3399999999999,Sep,2024,0.0,0.0,0.0,0.0,0.0,0.0,0.0,0.0,451.3399999999999,0.0,0.0,0.0,0.0,0.0,0.0,0.0,0.0,0.0,1,24.87,3.26
144,Europe,Germany,-,Desktop,2024-09-16,5445.94,Sep,2024,0.0,0.0,0.0,0.0,0.0,0.0,0.0,0.0,5445.94,0.0,0.0,0.0,0.0,0.0,0.0,0.0,0.0,0.0,0,24.87,3.26
145,Europe,Germany,-,Desktop,2024-09-17,5273.89,Sep,2024,0.0,0.0,0.0,0.0,0.0,0.0,0.0,0.0,5273.89,0.0,0.0,0.0,0.0,0.0,0.0,0.0,0.0,0.0,0,24.87,3.26
146,Europe,Germany,-,Desktop,2024-09-18,6035.99,Sep,2024,0.0,0.0,0.0,0.0,0.0,0.0,0.0,0.0,6035.99,0.0,0.0,0.0,0.0,0.0,0.0,0.0,0.0,0.0,1,24.87,3.26
147,Europe,Germany,-,Desktop,2024-09-19,6551.66,Sep,2024,0.0,0.0,0.0,0.0,0.0,0.0,0.0,0.0,6551.66,0.0,0.0,0.0,0.0,0.0,0.0,0.0,0.0,0.0,1,24.87,3.26
148,Europe,Germany,-,Desktop,2024-09-20,5598.09,Sep,2024,0.0,0.0,0.0,0.0,0.0,0.0,0.0,0.0,5598.09,0.0,0.0,0.0,0.0,0.0,0.0,0.0,0.0,0.0,1,24.87,3.26
149,Europe,Germany,-,Desktop,2024-09-21,610.5899999999999,Sep,2024,0.0,0.0,0.0,0.0,0.0,0.0,0.0,0.0,610.5899999999999,0.0,0.0,0.0,0.0,0.0,0.0,0.0,0.0,0.0,1,24.87,3.26
150,Europe,Germany,-,Desktop,2024-09-22,587.51,Sep,2024,0.0,0.0,0.0,0.0,0.0,0.0,0.0,0.0,587.51,0.0,0.0,0.0,0.0,0.0,0.0,0.0,0.0,0.0,1,24.87,3.26
151,Europe,Germany,-,Desktop,2024-09-23,6682.200000000001,Sep,2024,0.0,0.0,0.0,0.0,0.0,0.0,0.0,0.0,6682.200000000001,0.0,0.0,0.0,0.0,0.0,0.0,0.0,0.0,0.0,0,24.87,3.26
152,Europe,Germany,-,Desktop,2024-09-24,7379.490000000002,Sep,2024,0.0,0.0,0.0,0.0,0.0,0.0,0.0,0.0,7379.490000000002,0.0,0.0,0.0,0.0,0.0,0.0,0.0,0.0,0.0,0,24.87,3.26
153,Europe,Germany,-,Desktop,2024-09-25,6941.7300000000005,Sep,2024,0.0,0.0,0.0,0.0,0.0,0.0,0.0,0.0,6941.7300000000005,0.0,0.0,0.0,0.0,0.0,0.0,0.0,0.0,0.0,1,24.87,3.26
154,Europe,Germany,-,Desktop,2024-09-26,4879.85,Sep,2024,0.0,0.0,0.0,0.0,0.0,0.0,0.0,0.0,4879.85,0.0,0.0,0.0,0.0,0.0,0.0,0.0,0.0,0.0,1,24.87,3.26
155,Europe,Germany,-,Desktop,2024-09-27,4641.47,Sep,2024,0.0,0.0,0.0,0.0,0.0,0.0,0.0,0.0,4641.47,0.0,0.0,0.0,0.0,0.0,0.0,0.0,0.0,0.0,1,24.87,3.26
156,Europe,Germany,-,Desktop,2024-09-28,1193.37,Sep,2024,0.0,0.0,0.0,0.0,0.0,0.0,0.0,0.0,1193.37,0.0,0.0,0.0,0.0,0.0,0.0,0.0,0.0,0.0,1,24.87,3.26
157,Europe,Germany,-,Desktop,2024-09-29,924.47,Sep,2024,0.0,0.0,0.0,0.0,0.0,0.0,0.0,0.0,924.47,0.0,0.0,0.0,0.0,0.0,0.0,0.0,0.0,0.0,1,24.87,3.26
158,Europe,Germany,-,Desktop,2024-09-30,5185.119999999999,Sep,2024,0.0,0.0,0.0,0.0,0.0,0.0,0.0,0.0,5185.119999999999,0.0,0.0,0.0,0.0,0.0,0.0,0.0,0.0,0.0,0,24.87,3.26
159,Europe,Germany,-,Desktop,2024-10-01,1341.1,Oct,2024,0.0,0.0,0.0,0.0,0.0,0.0,0.0,1341.1,0.0,0.0,0.0,0.0,0.0,0.0,0.0,0.0,0.0,0.0,0,24.87,3.26
160,Europe,Germany,-,Desktop,2024-10-02,8626.099999999999,Oct,2024,0.0,0.0,0.0,0.0,0.0,0.0,0.0,8626.099999999999,0.0,0.0,0.0,0.0,0.0,0.0,0.0,0.0,0.0,0.0,1,24.87,3.26
161,Europe,Germany,-,Desktop,2024-10-03,5355.8099999999995,Oct,2024,0.0,0.0,0.0,0.0,0.0,0.0,0.0,5355.8099999999995,0.0,0.0,0.0,0.0,0.0,0.0,0.0,0.0,0.0,0.0,1,24.87,3.26
162,Europe,Germany,-,Desktop,2024-10-04,5572.759999999999,Oct,2024,0.0,0.0,0.0,0.0,0.0,0.0,0.0,5572.759999999999,0.0,0.0,0.0,0.0,0.0,0.0,0.0,0.0,0.0,0.0,1,24.87,3.26
163,Europe,Germany,-,Desktop,2024-10-05,558.61,Oct,2024,0.0,0.0,0.0,0.0,0.0,0.0,0.0,558.61,0.0,0.0,0.0,0.0,0.0,0.0,0.0,0.0,0.0,0.0,1,24.87,3.26
164,Europe,Germany,-,Desktop,2024-10-06,470.48,Oct,2024,0.0,0.0,0.0,0.0,0.0,0.0,0.0,470.48,0.0,0.0,0.0,0.0,0.0,0.0,0.0,0.0,0.0,0.0,1,24.87,3.26
165,Europe,Germany,-,Desktop,2024-10-07,4537.240000000001,Oct,2024,0.0,0.0,0.0,0.0,0.0,0.0,0.0,4537.240000000001,0.0,0.0,0.0,0.0,0.0,0.0,0.0,0.0,0.0,0.0,0,24.87,3.26
166,Europe,Germany,-,Desktop,2024-10-08,4734.260000000001,Oct,2024,0.0,0.0,0.0,0.0,0.0,0.0,0.0,4734.260000000001,0.0,0.0,0.0,0.0,0.0,0.0,0.0,0.0,0.0,0.0,0,24.87,3.26
167,Europe,Germany,-,Desktop,2024-10-09,5136.540000000001,Oct,2024,0.0,0.0,0.0,0.0,0.0,0.0,0.0,5136.540000000001,0.0,0.0,0.0,0.0,0.0,0.0,0.0,0.0,0.0,0.0,1,24.87,3.26
168,Europe,Germany,-,Desktop,2024-10-10,5518.490000000001,Oct,2024,0.0,0.0,0.0,0.0,0.0,0.0,0.0,5518.490000000001,0.0,0.0,0.0,0.0,0.0,0.0,0.0,0.0,0.0,0.0,1,24.87,3.26
169,Europe,Germany,-,Desktop,2024-10-11,5307.92,Oct,2024,0.0,0.0,0.0,0.0,0.0,0.0,0.0,5307.92,0.0,0.0,0.0,0.0,0.0,0.0,0.0,0.0,0.0,0.0,1,24.87,3.26
170,Europe,Germany,-,Desktop,2024-10-12,834.22,Oct,2024,0.0,0.0,0.0,0.0,0.0,0.0,0.0,834.22,0.0,0.0,0.0,0.0,0.0,0.0,0.0,0.0,0.0,0.0,1,24.87,3.26
171,Europe,Germany,-,Desktop,2024-10-13,787.17,Oct,2024,0.0,0.0,0.0,0.0,0.0,0.0,0.0,787.17,0.0,0.0,0.0,0.0,0.0,0.0,0.0,0.0,0.0,0.0,1,24.87,3.26
172,Europe,Germany,-,Desktop,2024-10-14,5254.1900000000005,Oct,2024,0.0,0.0,0.0,0.0,0.0,0.0,0.0,5254.1900000000005,0.0,0.0,0.0,0.0,0.0,0.0,0.0,0.0,0.0,0.0,0,24.87,3.26
173,Europe,Germany,-,Desktop,2024-10-15,4206.83,Oct,2024,0.0,0.0,0.0,0.0,0.0,0.0,0.0,4206.83,0.0,0.0,0.0,0.0,0.0,0.0,0.0,0.0,0.0,0.0,0,24.87,3.26
174,Europe,Germany,-,Desktop,2024-10-16,4256.53,Oct,2024,0.0,0.0,0.0,0.0,0.0,0.0,0.0,4256.53,0.0,0.0,0.0,0.0,0.0,0.0,0.0,0.0,0.0,0.0,1,24.87,3.26
175,Europe,Germany,-,Desktop,2024-10-17,4194.05,Oct,2024,0.0,0.0,0.0,0.0,0.0,0.0,0.0,4194.05,0.0,0.0,0.0,0.0,0.0,0.0,0.0,0.0,0.0,0.0,1,24.87,3.26
176,Europe,Germany,-,Desktop,2024-10-18,3672.9199999999996,Oct,2024,0.0,0.0,0.0,0.0,0.0,0.0,0.0,3672.9199999999996,0.0,0.0,0.0,0.0,0.0,0.0,0.0,0.0,0.0,0.0,1,24.87,3.26
177,Europe,Germany,-,Desktop,2024-10-19,828.3599999999999,Oct,2024,0.0,0.0,0.0,0.0,0.0,0.0,0.0,828.3599999999999,0.0,0.0,0.0,0.0,0.0,0.0,0.0,0.0,0.0,0.0,1,24.87,3.26
178,Europe,Germany,-,Desktop,2024-10-20,768.18,Oct,2024,0.0,0.0,0.0,0.0,0.0,0.0,0.0,768.18,0.0,0.0,0.0,0.0,0.0,0.0,0.0,0.0,0.0,0.0,1,24.87,3.26
179,Europe,Germany,-,Desktop,2024-10-21,7374.56,Oct,2024,0.0,0.0,0.0,0.0,0.0,0.0,0.0,7374.56,0.0,0.0,0.0,0.0,0.0,0.0,0.0,0.0,0.0,0.0,0,24.87,3.26
180,Europe,Germany,-,Desktop,2024-10-22,7052.27,Oct,2024,0.0,0.0,0.0,0.0,0.0,0.0,0.0,7052.27,0.0,0.0,0.0,0.0,0.0,0.0,0.0,0.0,0.0,0.0,0,24.87,3.26
181,Europe,Germany,-,Desktop,2024-10-23,7368.84,Oct,2024,0.0,0.0,0.0,0.0,0.0,0.0,0.0,7368.84,0.0,0.0,0.0,0.0,0.0,0.0,0.0,0.0,0.0,0.0,1,24.87,3.26
182,Europe,Germany,-,Desktop,2024-10-24,6329.210000000001,Oct,2024,0.0,0.0,0.0,0.0,0.0,0.0,0.0,6329.210000000001,0.0,0.0,0.0,0.0,0.0,0.0,0.0,0.0,0.0,0.0,1,24.87,3.26
183,Europe,Germany,-,Desktop,2024-10-25,4710.6,Oct,2024,0.0,0.0,0.0,0.0,0.0,0.0,0.0,4710.6,0.0,0.0,0.0,0.0,0.0,0.0,0.0,0.0,0.0,0.0,1,24.87,3.26
184,Europe,Germany,-,Desktop,2024-10-26,638.0600000000001,Oct,2024,0.0,0.0,0.0,0.0,0.0,0.0,0.0,638.0600000000001,0.0,0.0,0.0,0.0,0.0,0.0,0.0,0.0,0.0,0.0,1,24.87,3.26
185,Europe,Germany,-,Desktop,2024-10-27,613.9499999999998,Oct,2024,0.0,0.0,0.0,0.0,0.0,0.0,0.0,613.9499999999998,0.0,0.0,0.0,0.0,0.0,0.0,0.0,0.0,0.0,0.0,1,24.87,3.26
186,Europe,Germany,-,Desktop,2024-10-28,5093.14,Oct,2024,0.0,0.0,0.0,0.0,0.0,0.0,0.0,5093.14,0.0,0.0,0.0,0.0,0.0,0.0,0.0,0.0,0.0,0.0,0,24.87,3.26
187,Europe,Germany,-,Desktop,2024-10-29,4060.84,Oct,2024,0.0,0.0,0.0,0.0,0.0,0.0,0.0,4060.84,0.0,0.0,0.0,0.0,0.0,0.0,0.0,0.0,0.0,0.0,0,24.87,3.26
188,Europe,Germany,-,Desktop,2024-10-30,3124.4799999999996,Oct,2024,0.0,0.0,0.0,0.0,0.0,0.0,0.0,3124.4799999999996,0.0,0.0,0.0,0.0,0.0,0.0,0.0,0.0,0.0,0.0,1,24.87,3.26
189,Europe,Germany,-,Desktop,2024-10-31,4495.32,Oct,2024,0.0,0.0,0.0,0.0,0.0,0.0,0.0,4495.32,0.0,0.0,0.0,0.0,0.0,0.0,0.0,0.0,0.0,0.0,1,24.87,3.26
190,Europe,Germany,-,Desktop,2024-11-01,3422.54,Nov,2024,0.0,0.0,0.0,0.0,0.0,0.0,3422.54,0.0,0.0,0.0,0.0,0.0,0.0,0.0,0.0,0.0,0.0,0.0,1,24.87,3.26
191,Europe,Germany,-,Desktop,2024-11-02,603.3,Nov,2024,0.0,0.0,0.0,0.0,0.0,0.0,603.3,0.0,0.0,0.0,0.0,0.0,0.0,0.0,0.0,0.0,0.0,0.0,1,24.87,3.26
192,Europe,Germany,-,Desktop,2024-11-03,526.46,Nov,2024,0.0,0.0,0.0,0.0,0.0,0.0,526.46,0.0,0.0,0.0,0.0,0.0,0.0,0.0,0.0,0.0,0.0,0.0,1,24.87,3.26
193,Europe,Germany,-,Desktop,2024-11-04,5484.690000000001,Nov,2024,0.0,0.0,0.0,0.0,0.0,0.0,5484.690000000001,0.0,0.0,0.0,0.0,0.0,0.0,0.0,0.0,0.0,0.0,0.0,0,24.87,3.26
194,Europe,Germany,-,Desktop,2024-11-05,5036.86,Nov,2024,0.0,0.0,0.0,0.0,0.0,0.0,5036.86,0.0,0.0,0.0,0.0,0.0,0.0,0.0,0.0,0.0,0.0,0.0,0,24.87,3.26
195,Europe,Germany,-,Desktop,2024-11-06,5265.96,Nov,2024,0.0,0.0,0.0,0.0,0.0,0.0,5265.96,0.0,0.0,0.0,0.0,0.0,0.0,0.0,0.0,0.0,0.0,0.0,1,24.87,3.26
196,Europe,Germany,-,Desktop,2024-11-07,4959.33,Nov,2024,0.0,0.0,0.0,0.0,0.0,0.0,4959.33,0.0,0.0,0.0,0.0,0.0,0.0,0.0,0.0,0.0,0.0,0.0,1,24.87,3.26
197,Europe,Germany,-,Desktop,2024-11-08,4030.4900000000002,Nov,2024,0.0,0.0,0.0,0.0,0.0,0.0,4030.4900000000002,0.0,0.0,0.0,0.0,0.0,0.0,0.0,0.0,0.0,0.0,0.0,1,24.87,3.26
198,Europe,Germany,-,Desktop,2024-11-09,625.2800000000001,Nov,2024,0.0,0.0,0.0,0.0,0.0,0.0,625.2800000000001,0.0,0.0,0.0,0.0,0.0,0.0,0.0,0.0,0.0,0.0,0.0,1,24.87,3.26
199,Europe,Germany,-,Desktop,2024-11-10,552.92,Nov,2024,0.0,0.0,0.0,0.0,0.0,0.0,552.92,0.0,0.0,0.0,0.0,0.0,0.0,0.0,0.0,0.0,0.0,0.0,1,24.87,3.26
200,Europe,Germany,-,Desktop,2024-11-11,5660.7699999999995,Nov,2024,0.0,0.0,0.0,0.0,0.0,0.0,5660.7699999999995,0.0,0.0,0.0,0.0,0.0,0.0,0.0,0.0,0.0,0.0,0.0,0,24.87,3.26
201,Europe,Germany,-,Desktop,2024-11-12,5645.64,Nov,2024,0.0,0.0,0.0,0.0,0.0,0.0,5645.64,0.0,0.0,0.0,0.0,0.0,0.0,0.0,0.0,0.0,0.0,0.0,0,24.87,3.26
202,Europe,Germany,-,Desktop,2024-11-13,5852.23,Nov,2024,0.0,0.0,0.0,0.0,0.0,0.0,5852.23,0.0,0.0,0.0,0.0,0.0,0.0,0.0,0.0,0.0,0.0,0.0,1,24.87,3.26
203,Europe,Germany,-,Desktop,2024-11-14,5195.759999999999,Nov,2024,0.0,0.0,0.0,0.0,0.0,0.0,5195.759999999999,0.0,0.0,0.0,0.0,0.0,0.0,0.0,0.0,0.0,0.0,0.0,1,24.87,3.26
204,Europe,Germany,-,Desktop,2024-11-15,3476.8199999999997,Nov,2024,0.0,0.0,0.0,0.0,0.0,0.0,3476.8199999999997,0.0,0.0,0.0,0.0,0.0,0.0,0.0,0.0,0.0,0.0,0.0,1,24.87,3.26
205,Europe,Germany,-,Desktop,2024-11-16,551.48,Nov,2024,0.0,0.0,0.0,0.0,0.0,0.0,551.48,0.0,0.0,0.0,0.0,0.0,0.0,0.0,0.0,0.0,0.0,0.0,1,24.87,3.26
206,Europe,Germany,-,Desktop,2024-11-17,527.37,Nov,2024,0.0,0.0,0.0,0.0,0.0,0.0,527.37,0.0,0.0,0.0,0.0,0.0,0.0,0.0,0.0,0.0,0.0,0.0,1,24.87,3.26
207,Europe,Germany,-,Desktop,2024-11-18,5045.62,Nov,2024,0.0,0.0,0.0,0.0,0.0,0.0,5045.62,0.0,0.0,0.0,0.0,0.0,0.0,0.0,0.0,0.0,0.0,0.0,0,24.87,3.26
208,Europe,Germany,-,Desktop,2024-11-19,5015.719999999999,Nov,2024,0.0,0.0,0.0,0.0,0.0,0.0,5015.719999999999,0.0,0.0,0.0,0.0,0.0,0.0,0.0,0.0,0.0,0.0,0.0,0,24.87,3.26
209,Europe,Germany,-,Desktop,2024-11-20,4291.72,Nov,2024,0.0,0.0,0.0,0.0,0.0,0.0,4291.72,0.0,0.0,0.0,0.0,0.0,0.0,0.0,0.0,0.0,0.0,0.0,1,24.87,3.26
210,Europe,Germany,-,Desktop,2024-11-21,3995.3799999999997,Nov,2024,0.0,0.0,0.0,0.0,0.0,0.0,3995.3799999999997,0.0,0.0,0.0,0.0,0.0,0.0,0.0,0.0,0.0,0.0,0.0,1,24.87,3.26
211,Europe,Germany,-,Desktop,2024-11-22,3519.090000000001,Nov,2024,0.0,0.0,0.0,0.0,0.0,0.0,3519.090000000001,0.0,0.0,0.0,0.0,0.0,0.0,0.0,0.0,0.0,0.0,0.0,1,24.87,3.26
212,Europe,Germany,-,Desktop,2024-11-23,650.5600000000001,Nov,2024,0.0,0.0,0.0,0.0,0.0,0.0,650.5600000000001,0.0,0.0,0.0,0.0,0.0,0.0,0.0,0.0,0.0,0.0,0.0,1,24.87,3.26
213,Europe,Germany,-,Desktop,2024-11-24,589.9600000000003,Nov,2024,0.0,0.0,0.0,0.0,0.0,0.0,589.9600000000003,0.0,0.0,0.0,0.0,0.0,0.0,0.0,0.0,0.0,0.0,0.0,1,24.87,3.26
214,Europe,Germany,-,Desktop,2024-11-25,5376.959999999999,Nov,2024,0.0,0.0,0.0,0.0,0.0,0.0,5376.959999999999,0.0,0.0,0.0,0.0,0.0,0.0,0.0,0.0,0.0,0.0,0.0,0,24.87,3.26
215,Europe,Germany,-,Desktop,2024-11-26,4832.469999999999,Nov,2024,0.0,0.0,0.0,0.0,0.0,0.0,4832.469999999999,0.0,0.0,0.0,0.0,0.0,0.0,0.0,0.0,0.0,0.0,0.0,0,24.87,3.26
216,Europe,Germany,-,Desktop,2024-11-27,4664.29,Nov,2024,0.0,0.0,0.0,0.0,0.0,0.0,4664.29,0.0,0.0,0.0,0.0,0.0,0.0,0.0,0.0,0.0,0.0,0.0,1,24.87,3.26
217,Europe,Germany,-,Desktop,2024-11-28,3808.2899999999995,Nov,2024,0.0,0.0,0.0,0.0,0.0,0.0,3808.2899999999995,0.0,0.0,0.0,0.0,0.0,0.0,0.0,0.0,0.0,0.0,0.0,1,24.87,3.26
218,Europe,Germany,-,Desktop,2024-11-29,3471.09,Nov,2024,0.0,0.0,0.0,0.0,0.0,0.0,3471.09,0.0,0.0,0.0,0.0,0.0,0.0,0.0,0.0,0.0,0.0,0.0,1,24.87,3.26
219,Europe,Germany,-,Desktop,2024-11-30,491.77,Nov,2024,0.0,0.0,0.0,0.0,0.0,0.0,491.77,0.0,0.0,0.0,0.0,0.0,0.0,0.0,0.0,0.0,0.0,0.0,1,24.87,3.26
220,Europe,Germany,-,Desktop,2024-12-01,545.62,Dec,2024,0.0,0.0,545.62,0.0,0.0,0.0,0.0,0.0,0.0,0.0,0.0,0.0,0.0,0.0,0.0,0.0,0.0,0.0,1,24.87,3.26
221,Europe,Germany,-,Desktop,2024-12-02,5667.22,Dec,2024,0.0,0.0,5667.22,0.0,0.0,0.0,0.0,0.0,0.0,0.0,0.0,0.0,0.0,0.0,0.0,0.0,0.0,0.0,0,24.87,3.26
222,Europe,Germany,-,Desktop,2024-12-03,6631.61,Dec,2024,0.0,0.0,6631.61,0.0,0.0,0.0,0.0,0.0,0.0,0.0,0.0,0.0,0.0,0.0,0.0,0.0,0.0,0.0,0,24.87,3.26
223,Europe,Germany,-,Desktop,2024-12-04,9842.249999999998,Dec,2024,0.0,0.0,9842.249999999998,0.0,0.0,0.0,0.0,0.0,0.0,0.0,0.0,0.0,0.0,0.0,0.0,0.0,0.0,0.0,1,24.87,3.26
224,Europe,Germany,-,Desktop,2024-12-05,8436.75,Dec,2024,0.0,0.0,8436.75,0.0,0.0,0.0,0.0,0.0,0.0,0.0,0.0,0.0,0.0,0.0,0.0,0.0,0.0,0.0,1,24.87,3.26
225,Europe,Germany,-,Desktop,2024-12-06,7086.379999999999,Dec,2024,0.0,0.0,7086.379999999999,0.0,0.0,0.0,0.0,0.0,0.0,0.0,0.0,0.0,0.0,0.0,0.0,0.0,0.0,0.0,1,24.87,3.26
226,Europe,Germany,-,Desktop,2024-12-07,2752.48,Dec,2024,0.0,0.0,2752.48,0.0,0.0,0.0,0.0,0.0,0.0,0.0,0.0,0.0,0.0,0.0,0.0,0.0,0.0,0.0,1,24.87,3.26
227,Europe,Germany,-,Desktop,2024-12-08,2531.12,Dec,2024,0.0,0.0,2531.12,0.0,0.0,0.0,0.0,0.0,0.0,0.0,0.0,0.0,0.0,0.0,0.0,0.0,0.0,0.0,1,24.87,3.26
228,Europe,Germany,-,Desktop,2024-12-09,8605.740000000002,Dec,2024,0.0,0.0,8605.740000000002,0.0,0.0,0.0,0.0,0.0,0.0,0.0,0.0,0.0,0.0,0.0,0.0,0.0,0.0,0.0,0,24.87,3.26
229,Europe,Germany,-,Desktop,2024-12-10,8633.929999999998,Dec,2024,0.0,0.0,8633.929999999998,0.0,0.0,0.0,0.0,0.0,0.0,0.0,0.0,0.0,0.0,0.0,0.0,0.0,0.0,0.0,0,24.87,3.26
230,Europe,Germany,-,Desktop,2024-12-11,9015.03,Dec,2024,0.0,0.0,9015.03,0.0,0.0,0.0,0.0,0.0,0.0,0.0,0.0,0.0,0.0,0.0,0.0,0.0,0.0,0.0,1,24.87,3.26
231,Europe,Germany,-,Desktop,2024-12-12,8300.52,Dec,2024,0.0,0.0,8300.52,0.0,0.0,0.0,0.0,0.0,0.0,0.0,0.0,0.0,0.0,0.0,0.0,0.0,0.0,0.0,1,24.87,3.26
232,Europe,Germany,-,Desktop,2024-12-13,7124.25,Dec,2024,0.0,0.0,7124.25,0.0,0.0,0.0,0.0,0.0,0.0,0.0,0.0,0.0,0.0,0.0,0.0,0.0,0.0,0.0,1,24.87,3.26
233,Europe,Germany,-,Desktop,2024-12-14,1690.5400000000002,Dec,2024,0.0,0.0,1690.5400000000002,0.0,0.0,0.0,0.0,0.0,0.0,0.0,0.0,0.0,0.0,0.0,0.0,0.0,0.0,0.0,1,24.87,3.26
234,Europe,Germany,-,Desktop,2024-12-15,1833.79,Dec,2024,0.0,0.0,1833.79,0.0,0.0,0.0,0.0,0.0,0.0,0.0,0.0,0.0,0.0,0.0,0.0,0.0,0.0,0.0,1,24.87,3.26
235,Europe,Germany,-,Desktop,2024-12-16,8846.43,Dec,2024,0.0,0.0,8846.43,0.0,0.0,0.0,0.0,0.0,0.0,0.0,0.0,0.0,0.0,0.0,0.0,0.0,0.0,0.0,0,24.87,3.26
236,Europe,Germany,-,Desktop,2024-12-17,7961.08,Dec,2024,0.0,0.0,7961.08,0.0,0.0,0.0,0.0,0.0,0.0,0.0,0.0,0.0,0.0,0.0,0.0,0.0,0.0,0.0,0,24.87,3.26
237,Europe,Germany,-,Desktop,2024-12-18,6531.379999999998,Dec,2024,0.0,0.0,6531.379999999998,0.0,0.0,0.0,0.0,0.0,0.0,0.0,0.0,0.0,0.0,0.0,0.0,0.0,0.0,0.0,1,24.87,3.26
238,Europe,Germany,-,Desktop,2024-12-19,8242.62,Dec,2024,0.0,0.0,8242.62,0.0,0.0,0.0,0.0,0.0,0.0,0.0,0.0,0.0,0.0,0.0,0.0,0.0,0.0,0.0,1,24.87,3.26
239,Europe,Germany,-,Desktop,2024-12-20,8379.18,Dec,2024,0.0,0.0,8379.18,0.0,0.0,0.0,0.0,0.0,0.0,0.0,0.0,0.0,0.0,0.0,0.0,0.0,0.0,0.0,1,24.87,3.26
240,Europe,Germany,-,Desktop,2024-12-21,571.5799999999999,Dec,2024,0.0,0.0,571.5799999999999,0.0,0.0,0.0,0.0,0.0,0.0,0.0,0.0,0.0,0.0,0.0,0.0,0.0,0.0,0.0,1,24.87,3.26
241,Europe,Germany,-,Desktop,2024-12-22,149.39000000000001,Dec,2024,0.0,0.0,149.39000000000001,0.0,0.0,0.0,0.0,0.0,0.0,0.0,0.0,0.0,0.0,0.0,0.0,0.0,0.0,0.0,1,24.87,3.26
242,Europe,Germany,-,Desktop,2024-12-23,4015.3986746987953,Dec,2024,0.0,0.0,4015.3986746987953,0.0,0.0,0.0,0.0,0.0,0.0,0.0,0.0,0.0,0.0,0.0,0.0,0.0,0.0,0.0,0,24.87,3.26
243,Europe,Germany,-,Desktop,2024-12-24,4015.3986746987953,Dec,2024,0.0,0.0,4015.3986746987953,0.0,0.0,0.0,0.0,0.0,0.0,0.0,0.0,0.0,0.0,0.0,0.0,0.0,0.0,0.0,0,24.87,3.26
244,Europe,Germany,-,Desktop,2024-12-25,1546.2700000000002,Dec,2024,0.0,0.0,1546.2700000000002,0.0,0.0,0.0,0.0,0.0,0.0,0.0,0.0,0.0,0.0,0.0,0.0,0.0,0.0,0.0,1,24.87,3.26
245,Europe,Germany,-,Desktop,2024-12-26,748.2,Dec,2024,0.0,0.0,748.2,0.0,0.0,0.0,0.0,0.0,0.0,0.0,0.0,0.0,0.0,0.0,0.0,0.0,0.0,0.0,1,24.87,3.26
246,Europe,Germany,-,Desktop,2024-12-27,415.06,Dec,2024,0.0,0.0,415.06,0.0,0.0,0.0,0.0,0.0,0.0,0.0,0.0,0.0,0.0,0.0,0.0,0.0,0.0,0.0,1,24.87,3.26
247,Europe,Germany,-,Desktop,2024-12-28,260.49,Dec,2024,0.0,0.0,260.49,0.0,0.0,0.0,0.0,0.0,0.0,0.0,0.0,0.0,0.0,0.0,0.0,0.0,0.0,0.0,1,24.87,3.26
248,Europe,Germany,-,Desktop,2024-12-29,141.88,Dec,2024,0.0,0.0,141.88,0.0,0.0,0.0,0.0,0.0,0.0,0.0,0.0,0.0,0.0,0.0,0.0,0.0,0.0,0.0,1,24.87,3.26
249,Europe,Germany,-,Desktop,2024-12-30,345.77000000000004,Dec,2024,0.0,0.0,345.77000000000004,0.0,0.0,0.0,0.0,0.0,0.0,0.0,0.0,0.0,0.0,0.0,0.0,0.0,0.0,0.0,0,24.87,3.26
250,Europe,Germany,-,Desktop,2024-12-31,3729.7400000000002,Dec,2024,0.0,0.0,3729.7400000000002,0.0,0.0,0.0,0.0,0.0,0.0,0.0,0.0,0.0,0.0,0.0,0.0,0.0,0.0,0.0,0,24.87,3.26
251,Europe,Germany,-,Mobile & Tablet,2024-04-25,299.2199999999999,Apr,2024,0.0,0.0,0.0,0.0,0.0,0.0,0.0,0.0,0.0,299.2199999999999,0.0,0.0,0.0,0.0,0.0,0.0,0.0,0.0,1,23.83,0.33
252,Europe,Germany,-,Mobile & Tablet,2024-04-26,393.53000000000003,Apr,2024,0.0,0.0,0.0,0.0,0.0,0.0,0.0,0.0,0.0,393.53000000000003,0.0,0.0,0.0,0.0,0.0,0.0,0.0,0.0,1,23.83,0.33
253,Europe,Germany,-,Mobile & Tablet,2024-04-27,100.21,Apr,2024,0.0,0.0,0.0,0.0,0.0,0.0,0.0,0.0,0.0,100.21,0.0,0.0,0.0,0.0,0.0,0.0,0.0,0.0,1,23.83,0.33
254,Europe,Germany,-,Mobile & Tablet,2024-04-28,52.23,Apr,2024,0.0,0.0,0.0,0.0,0.0,0.0,0.0,0.0,0.0,52.23,0.0,0.0,0.0,0.0,0.0,0.0,0.0,0.0,1,23.83,0.33
255,Europe,Germany,-,Mobile & Tablet,2024-04-29,90.61,Apr,2024,0.0,0.0,0.0,0.0,0.0,0.0,0.0,0.0,0.0,90.61,0.0,0.0,0.0,0.0,0.0,0.0,0.0,0.0,0,23.83,0.33
256,Europe,Germany,-,Mobile & Tablet,2024-04-30,243.69999999999996,Apr,2024,0.0,0.0,0.0,0.0,0.0,0.0,0.0,0.0,0.0,243.69999999999996,0.0,0.0,0.0,0.0,0.0,0.0,0.0,0.0,0,23.83,0.33
257,Europe,Germany,-,Mobile & Tablet,2024-05-01,209.98,May,2024,0.0,0.0,0.0,0.0,0.0,0.0,0.0,0.0,0.0,0.0,0.0,0.0,0.0,0.0,209.98,0.0,0.0,0.0,1,23.83,0.33
258,Europe,Germany,-,Mobile & Tablet,2024-05-02,176.33,May,2024,0.0,0.0,0.0,0.0,0.0,0.0,0.0,0.0,0.0,0.0,0.0,0.0,0.0,0.0,176.33,0.0,0.0,0.0,1,23.83,0.33
259,Europe,Germany,-,Mobile & Tablet,2024-05-03,191.47000000000003,May,2024,0.0,0.0,0.0,0.0,0.0,0.0,0.0,0.0,0.0,0.0,0.0,0.0,0.0,0.0,191.47000000000003,0.0,0.0,0.0,1,23.83,0.33
260,Europe,Germany,-,Mobile & Tablet,2024-05-04,93.04999999999998,May,2024,0.0,0.0,0.0,0.0,0.0,0.0,0.0,0.0,0.0,0.0,0.0,0.0,0.0,0.0,93.04999999999998,0.0,0.0,0.0,1,23.83,0.33
261,Europe,Germany,-,Mobile & Tablet,2024-05-05,85.73,May,2024,0.0,0.0,0.0,0.0,0.0,0.0,0.0,0.0,0.0,0.0,0.0,0.0,0.0,0.0,85.73,0.0,0.0,0.0,1,23.83,0.33
262,Europe,Germany,-,Mobile & Tablet,2024-05-06,219.61,May,2024,0.0,0.0,0.0,0.0,0.0,0.0,0.0,0.0,0.0,0.0,0.0,0.0,0.0,0.0,219.61,0.0,0.0,0.0,0,23.83,0.33
263,Europe,Germany,-,Mobile & Tablet,2024-05-07,262.83,May,2024,0.0,0.0,0.0,0.0,0.0,0.0,0.0,0.0,0.0,0.0,0.0,0.0,0.0,0.0,262.83,0.0,0.0,0.0,0,23.83,0.33
264,Europe,Germany,-,Mobile & Tablet,2024-05-08,217.44,May,2024,0.0,0.0,0.0,0.0,0.0,0.0,0.0,0.0,0.0,0.0,0.0,0.0,0.0,0.0,217.44,0.0,0.0,0.0,1,23.83,0.33
265,Europe,Germany,-,Mobile & Tablet,2024-05-09,243.62,May,2024,0.0,0.0,0.0,0.0,0.0,0.0,0.0,0.0,0.0,0.0,0.0,0.0,0.0,0.0,243.62,0.0,0.0,0.0,1,23.83,0.33
266,Europe,Germany,-,Mobile & Tablet,2024-05-10,194.67000000000002,May,2024,0.0,0.0,0.0,0.0,0.0,0.0,0.0,0.0,0.0,0.0,0.0,0.0,0.0,0.0,194.67000000000002,0.0,0.0,0.0,1,23.83,0.33
267,Europe,Germany,-,Mobile & Tablet,2024-05-11,96.61999999999999,May,2024,0.0,0.0,0.0,0.0,0.0,0.0,0.0,0.0,0.0,0.0,0.0,0.0,0.0,0.0,96.61999999999999,0.0,0.0,0.0,1,23.83,0.33
268,Europe,Germany,-,Mobile & Tablet,2024-05-12,70.32000000000001,May,2024,0.0,0.0,0.0,0.0,0.0,0.0,0.0,0.0,0.0,0.0,0.0,0.0,0.0,0.0,70.32000000000001,0.0,0.0,0.0,1,23.83,0.33
269,Europe,Germany,-,Mobile & Tablet,2024-05-13,269.96000000000004,May,2024,0.0,0.0,0.0,0.0,0.0,0.0,0.0,0.0,0.0,0.0,0.0,0.0,0.0,0.0,269.96000000000004,0.0,0.0,0.0,0,23.83,0.33
270,Europe,Germany,-,Mobile & Tablet,2024-05-14,285.62999999999994,May,2024,0.0,0.0,0.0,0.0,0.0,0.0,0.0,0.0,0.0,0.0,0.0,0.0,0.0,0.0,285.62999999999994,0.0,0.0,0.0,0,23.83,0.33
271,Europe,Germany,-,Mobile & Tablet,2024-05-15,287.76,May,2024,0.0,0.0,0.0,0.0,0.0,0.0,0.0,0.0,0.0,0.0,0.0,0.0,0.0,0.0,287.76,0.0,0.0,0.0,1,23.83,0.33
272,Europe,Germany,-,Mobile & Tablet,2024-05-16,144.26,May,2024,0.0,0.0,0.0,0.0,0.0,0.0,0.0,0.0,0.0,0.0,0.0,0.0,0.0,0.0,144.26,0.0,0.0,0.0,1,23.83,0.33
273,Europe,Germany,-,Mobile & Tablet,2024-05-17,292.87,May,2024,0.0,0.0,0.0,0.0,0.0,0.0,0.0,0.0,0.0,0.0,0.0,0.0,0.0,0.0,292.87,0.0,0.0,0.0,1,23.83,0.33
274,Europe,Germany,-,Mobile & Tablet,2024-05-18,259.73,May,2024,0.0,0.0,0.0,0.0,0.0,0.0,0.0,0.0,0.0,0.0,0.0,0.0,0.0,0.0,259.73,0.0,0.0,0.0,1,23.83,0.33
275,Europe,Germany,-,Mobile & Tablet,2024-05-19,350.1,May,2024,0.0,0.0,0.0,0.0,0.0,0.0,0.0,0.0,0.0,0.0,0.0,0.0,0.0,0.0,350.1,0.0,0.0,0.0,1,23.83,0.33
276,Europe,Germany,-,Mobile & Tablet,2024-05-20,1047.02,May,2024,0.0,0.0,0.0,0.0,0.0,0.0,0.0,0.0,0.0,0.0,0.0,0.0,0.0,0.0,1047.02,0.0,0.0,0.0,0,23.83,0.33
277,Europe,Germany,-,Mobile & Tablet,2024-05-21,844.27,May,2024,0.0,0.0,0.0,0.0,0.0,0.0,0.0,0.0,0.0,0.0,0.0,0.0,0.0,0.0,844.27,0.0,0.0,0.0,0,23.83,0.33
278,Europe,Germany,-,Mobile & Tablet,2024-05-22,996.12,May,2024,0.0,0.0,0.0,0.0,0.0,0.0,0.0,0.0,0.0,0.0,0.0,0.0,0.0,0.0,996.12,0.0,0.0,0.0,1,23.83,0.33
279,Europe,Germany,-,Mobile & Tablet,2024-05-23,820.83,May,2024,0.0,0.0,0.0,0.0,0.0,0.0,0.0,0.0,0.0,0.0,0.0,0.0,0.0,0.0,820.83,0.0,0.0,0.0,1,23.83,0.33
280,Europe,Germany,-,Mobile & Tablet,2024-05-24,558.08,May,2024,0.0,0.0,0.0,0.0,0.0,0.0,0.0,0.0,0.0,0.0,0.0,0.0,0.0,0.0,558.08,0.0,0.0,0.0,1,23.83,0.33
281,Europe,Germany,-,Mobile & Tablet,2024-05-25,33.919999999999995,May,2024,0.0,0.0,0.0,0.0,0.0,0.0,0.0,0.0,0.0,0.0,0.0,0.0,0.0,0.0,33.919999999999995,0.0,0.0,0.0,1,23.83,0.33
282,Europe,Germany,-,Mobile & Tablet,2024-05-26,11.020000000000001,May,2024,0.0,0.0,0.0,0.0,0.0,0.0,0.0,0.0,0.0,0.0,0.0,0.0,0.0,0.0,11.020000000000001,0.0,0.0,0.0,1,23.83,0.33
283,Europe,Germany,-,Mobile & Tablet,2024-05-27,7.9,May,2024,0.0,0.0,0.0,0.0,0.0,0.0,0.0,0.0,0.0,0.0,0.0,0.0,0.0,0.0,7.9,0.0,0.0,0.0,0,23.83,0.33
284,Europe,Germany,-,Mobile & Tablet,2024-05-28,42.0,May,2024,0.0,0.0,0.0,0.0,0.0,0.0,0.0,0.0,0.0,0.0,0.0,0.0,0.0,0.0,42.0,0.0,0.0,0.0,0,23.83,0.33
285,Europe,Germany,-,Mobile & Tablet,2024-05-29,296.09,May,2024,0.0,0.0,0.0,0.0,0.0,0.0,0.0,0.0,0.0,0.0,0.0,0.0,0.0,0.0,296.09,0.0,0.0,0.0,1,23.83,0.33
286,Europe,Germany,-,Mobile & Tablet,2024-05-30,304.03000000000003,May,2024,0.0,0.0,0.0,0.0,0.0,0.0,0.0,0.0,0.0,0.0,0.0,0.0,0.0,0.0,304.03000000000003,0.0,0.0,0.0,1,23.83,0.33
287,Europe,Germany,-,Mobile & Tablet,2024-05-31,257.2,May,2024,0.0,0.0,0.0,0.0,0.0,0.0,0.0,0.0,0.0,0.0,0.0,0.0,0.0,0.0,257.2,0.0,0.0,0.0,1,23.83,0.33
288,Europe,Germany,-,Mobile & Tablet,2024-06-01,170.95,Jun,2024,0.0,0.0,0.0,0.0,0.0,0.0,0.0,0.0,0.0,0.0,0.0,0.0,0.0,170.95,0.0,0.0,0.0,0.0,1,23.83,0.33
289,Europe,Germany,-,Mobile & Tablet,2024-06-02,124.35,Jun,2024,0.0,0.0,0.0,0.0,0.0,0.0,0.0,0.0,0.0,0.0,0.0,0.0,0.0,124.35,0.0,0.0,0.0,0.0,1,23.83,0.33
290,Europe,Germany,-,Mobile & Tablet,2024-06-03,379.0,Jun,2024,0.0,0.0,0.0,0.0,0.0,0.0,0.0,0.0,0.0,0.0,0.0,0.0,0.0,379.0,0.0,0.0,0.0,0.0,0,23.83,0.33
291,Europe,Germany,-,Mobile & Tablet,2024-06-04,570.3999999999999,Jun,2024,0.0,0.0,0.0,0.0,0.0,0.0,0.0,0.0,0.0,0.0,0.0,0.0,0.0,570.3999999999999,0.0,0.0,0.0,0.0,0,23.83,0.33
292,Europe,Germany,-,Mobile & Tablet,2024-06-05,333.7899999999999,Jun,2024,0.0,0.0,0.0,0.0,0.0,0.0,0.0,0.0,0.0,0.0,0.0,0.0,0.0,333.7899999999999,0.0,0.0,0.0,0.0,1,23.83,0.33
293,Europe,Germany,-,Mobile & Tablet,2024-06-06,244.98999999999995,Jun,2024,0.0,0.0,0.0,0.0,0.0,0.0,0.0,0.0,0.0,0.0,0.0,0.0,0.0,244.98999999999995,0.0,0.0,0.0,0.0,1,23.83,0.33
294,Europe,Germany,-,Mobile & Tablet,2024-06-07,269.34,Jun,2024,0.0,0.0,0.0,0.0,0.0,0.0,0.0,0.0,0.0,0.0,0.0,0.0,0.0,269.34,0.0,0.0,0.0,0.0,1,23.83,0.33
295,Europe,Germany,-,Mobile & Tablet,2024-06-08,193.56,Jun,2024,0.0,0.0,0.0,0.0,0.0,0.0,0.0,0.0,0.0,0.0,0.0,0.0,0.0,193.56,0.0,0.0,0.0,0.0,1,23.83,0.33
296,Europe,Germany,-,Mobile & Tablet,2024-06-09,150.16,Jun,2024,0.0,0.0,0.0,0.0,0.0,0.0,0.0,0.0,0.0,0.0,0.0,0.0,0.0,150.16,0.0,0.0,0.0,0.0,1,23.83,0.33
297,Europe,Germany,-,Mobile & Tablet,2024-06-10,471.00000000000006,Jun,2024,0.0,0.0,0.0,0.0,0.0,0.0,0.0,0.0,0.0,0.0,0.0,0.0,0.0,471.00000000000006,0.0,0.0,0.0,0.0,0,23.83,0.33
298,Europe,Germany,-,Mobile & Tablet,2024-06-11,454.16999999999996,Jun,2024,0.0,0.0,0.0,0.0,0.0,0.0,0.0,0.0,0.0,0.0,0.0,0.0,0.0,454.16999999999996,0.0,0.0,0.0,0.0,0,23.83,0.33
299,Europe,Germany,-,Mobile & Tablet,2024-06-12,405.4499999999999,Jun,2024,0.0,0.0,0.0,0.0,0.0,0.0,0.0,0.0,0.0,0.0,0.0,0.0,0.0,405.4499999999999,0.0,0.0,0.0,0.0,1,23.83,0.33
300,Europe,Germany,-,Mobile & Tablet,2024-06-13,325.74999999999994,Jun,2024,0.0,0.0,0.0,0.0,0.0,0.0,0.0,0.0,0.0,0.0,0.0,0.0,0.0,325.74999999999994,0.0,0.0,0.0,0.0,1,23.83,0.33
301,Europe,Germany,-,Mobile & Tablet,2024-06-14,255.44,Jun,2024,0.0,0.0,0.0,0.0,0.0,0.0,0.0,0.0,0.0,0.0,0.0,0.0,0.0,255.44,0.0,0.0,0.0,0.0,1,23.83,0.33
302,Europe,Germany,-,Mobile & Tablet,2024-06-15,164.43000000000004,Jun,2024,0.0,0.0,0.0,0.0,0.0,0.0,0.0,0.0,0.0,0.0,0.0,0.0,0.0,164.43000000000004,0.0,0.0,0.0,0.0,1,23.83,0.33
303,Europe,Germany,-,Mobile & Tablet,2024-06-16,224.43,Jun,2024,0.0,0.0,0.0,0.0,0.0,0.0,0.0,0.0,0.0,0.0,0.0,0.0,0.0,224.43,0.0,0.0,0.0,0.0,1,23.83,0.33
304,Europe,Germany,-,Mobile & Tablet,2024-06-17,753.92,Jun,2024,0.0,0.0,0.0,0.0,0.0,0.0,0.0,0.0,0.0,0.0,0.0,0.0,0.0,753.92,0.0,0.0,0.0,0.0,0,23.83,0.33
305,Europe,Germany,-,Mobile & Tablet,2024-06-18,184.32000000000005,Jun,2024,0.0,0.0,0.0,0.0,0.0,0.0,0.0,0.0,0.0,0.0,0.0,0.0,0.0,184.32000000000005,0.0,0.0,0.0,0.0,0,23.83,0.33
306,Europe,Germany,-,Mobile & Tablet,2024-06-19,213.43999999999997,Jun,2024,0.0,0.0,0.0,0.0,0.0,0.0,0.0,0.0,0.0,0.0,0.0,0.0,0.0,213.43999999999997,0.0,0.0,0.0,0.0,1,23.83,0.33
307,Europe,Germany,-,Mobile & Tablet,2024-06-20,216.33,Jun,2024,0.0,0.0,0.0,0.0,0.0,0.0,0.0,0.0,0.0,0.0,0.0,0.0,0.0,216.33,0.0,0.0,0.0,0.0,1,23.83,0.33
308,Europe,Germany,-,Mobile & Tablet,2024-06-21,151.61,Jun,2024,0.0,0.0,0.0,0.0,0.0,0.0,0.0,0.0,0.0,0.0,0.0,0.0,0.0,151.61,0.0,0.0,0.0,0.0,1,23.83,0.33
309,Europe,Germany,-,Mobile & Tablet,2024-06-22,70.02000000000001,Jun,2024,0.0,0.0,0.0,0.0,0.0,0.0,0.0,0.0,0.0,0.0,0.0,0.0,0.0,70.02000000000001,0.0,0.0,0.0,0.0,1,23.83,0.33
310,Europe,Germany,-,Mobile & Tablet,2024-06-23,63.82,Jun,2024,0.0,0.0,0.0,0.0,0.0,0.0,0.0,0.0,0.0,0.0,0.0,0.0,0.0,63.82,0.0,0.0,0.0,0.0,1,23.83,0.33
311,Europe,Germany,-,Mobile & Tablet,2024-06-24,211.46999999999997,Jun,2024,0.0,0.0,0.0,0.0,0.0,0.0,0.0,0.0,0.0,0.0,0.0,0.0,0.0,211.46999999999997,0.0,0.0,0.0,0.0,0,23.83,0.33
312,Europe,Germany,-,Mobile & Tablet,2024-06-25,232.26,Jun,2024,0.0,0.0,0.0,0.0,0.0,0.0,0.0,0.0,0.0,0.0,0.0,0.0,0.0,232.26,0.0,0.0,0.0,0.0,0,23.83,0.33
313,Europe,Germany,-,Mobile & Tablet,2024-06-26,243.2,Jun,2024,0.0,0.0,0.0,0.0,0.0,0.0,0.0,0.0,0.0,0.0,0.0,0.0,0.0,243.2,0.0,0.0,0.0,0.0,1,23.83,0.33
314,Europe,Germany,-,Mobile & Tablet,2024-06-27,115.95000000000002,Jun,2024,0.0,0.0,0.0,0.0,0.0,0.0,0.0,0.0,0.0,0.0,0.0,0.0,0.0,115.95000000000002,0.0,0.0,0.0,0.0,1,23.83,0.33
315,Europe,Germany,-,Mobile & Tablet,2024-06-28,76.68,Jun,2024,0.0,0.0,0.0,0.0,0.0,0.0,0.0,0.0,0.0,0.0,0.0,0.0,0.0,76.68,0.0,0.0,0.0,0.0,1,23.83,0.33
316,Europe,Germany,-,Mobile & Tablet,2024-06-29,133.01,Jun,2024,0.0,0.0,0.0,0.0,0.0,0.0,0.0,0.0,0.0,0.0,0.0,0.0,0.0,133.01,0.0,0.0,0.0,0.0,1,23.83,0.33
317,Europe,Germany,-,Mobile & Tablet,2024-06-30,245.37000000000003,Jun,2024,0.0,0.0,0.0,0.0,0.0,0.0,0.0,0.0,0.0,0.0,0.0,0.0,0.0,245.37000000000003,0.0,0.0,0.0,0.0,1,23.83,0.33
318,Europe,Germany,-,Mobile & Tablet,2024-07-01,773.38,Jul,2024,0.0,0.0,0.0,0.0,0.0,0.0,0.0,0.0,0.0,0.0,0.0,0.0,773.38,0.0,0.0,0.0,0.0,0.0,0,23.83,0.33
319,Europe,Germany,-,Mobile & Tablet,2024-07-02,821.72,Jul,2024,0.0,0.0,0.0,0.0,0.0,0.0,0.0,0.0,0.0,0.0,0.0,0.0,821.72,0.0,0.0,0.0,0.0,0.0,0,23.83,0.33
320,Europe,Germany,-,Mobile & Tablet,2024-07-03,797.0799999999998,Jul,2024,0.0,0.0,0.0,0.0,0.0,0.0,0.0,0.0,0.0,0.0,0.0,0.0,797.0799999999998,0.0,0.0,0.0,0.0,0.0,1,23.83,0.33
321,Europe,Germany,-,Mobile & Tablet,2024-07-04,519.52,Jul,2024,0.0,0.0,0.0,0.0,0.0,0.0,0.0,0.0,0.0,0.0,0.0,0.0,519.52,0.0,0.0,0.0,0.0,0.0,1,23.83,0.33
322,Europe,Germany,-,Mobile & Tablet,2024-07-05,214.98999999999998,Jul,2024,0.0,0.0,0.0,0.0,0.0,0.0,0.0,0.0,0.0,0.0,0.0,0.0,214.98999999999998,0.0,0.0,0.0,0.0,0.0,1,23.83,0.33
323,Europe,Germany,-,Mobile & Tablet,2024-07-06,98.71999999999998,Jul,2024,0.0,0.0,0.0,0.0,0.0,0.0,0.0,0.0,0.0,0.0,0.0,0.0,98.71999999999998,0.0,0.0,0.0,0.0,0.0,1,23.83,0.33
324,Europe,Germany,-,Mobile & Tablet,2024-07-07,90.07,Jul,2024,0.0,0.0,0.0,0.0,0.0,0.0,0.0,0.0,0.0,0.0,0.0,0.0,90.07,0.0,0.0,0.0,0.0,0.0,1,23.83,0.33
325,Europe,Germany,-,Mobile & Tablet,2024-07-08,278.94,Jul,2024,0.0,0.0,0.0,0.0,0.0,0.0,0.0,0.0,0.0,0.0,0.0,0.0,278.94,0.0,0.0,0.0,0.0,0.0,0,23.83,0.33
326,Europe,Germany,-,Mobile & Tablet,2024-07-09,271.51,Jul,2024,0.0,0.0,0.0,0.0,0.0,0.0,0.0,0.0,0.0,0.0,0.0,0.0,271.51,0.0,0.0,0.0,0.0,0.0,0,23.83,0.33
327,Europe,Germany,-,Mobile & Tablet,2024-07-10,165.36,Jul,2024,0.0,0.0,0.0,0.0,0.0,0.0,0.0,0.0,0.0,0.0,0.0,0.0,165.36,0.0,0.0,0.0,0.0,0.0,1,23.83,0.33
328,Europe,Germany,-,Mobile & Tablet,2024-07-11,19.03,Jul,2024,0.0,0.0,0.0,0.0,0.0,0.0,0.0,0.0,0.0,0.0,0.0,0.0,19.03,0.0,0.0,0.0,0.0,0.0,1,23.83,0.33
329,Europe,Germany,-,Mobile & Tablet,2024-07-12,20.29,Jul,2024,0.0,0.0,0.0,0.0,0.0,0.0,0.0,0.0,0.0,0.0,0.0,0.0,20.29,0.0,0.0,0.0,0.0,0.0,1,23.83,0.33
330,Europe,Germany,-,Mobile & Tablet,2024-07-13,42.82000000000001,Jul,2024,0.0,0.0,0.0,0.0,0.0,0.0,0.0,0.0,0.0,0.0,0.0,0.0,42.82000000000001,0.0,0.0,0.0,0.0,0.0,1,23.83,0.33
331,Europe,Germany,-,Mobile & Tablet,2024-07-14,28.880000000000006,Jul,2024,0.0,0.0,0.0,0.0,0.0,0.0,0.0,0.0,0.0,0.0,0.0,0.0,28.880000000000006,0.0,0.0,0.0,0.0,0.0,1,23.83,0.33
332,Europe,Germany,-,Mobile & Tablet,2024-07-15,106.10000000000001,Jul,2024,0.0,0.0,0.0,0.0,0.0,0.0,0.0,0.0,0.0,0.0,0.0,0.0,106.10000000000001,0.0,0.0,0.0,0.0,0.0,0,23.83,0.33
333,Europe,Germany,-,Mobile & Tablet,2024-07-16,47.839999999999996,Jul,2024,0.0,0.0,0.0,0.0,0.0,0.0,0.0,0.0,0.0,0.0,0.0,0.0,47.839999999999996,0.0,0.0,0.0,0.0,0.0,0,23.83,0.33
334,Europe,Germany,-,Mobile & Tablet,2024-07-17,23.61,Jul,2024,0.0,0.0,0.0,0.0,0.0,0.0,0.0,0.0,0.0,0.0,0.0,0.0,23.61,0.0,0.0,0.0,0.0,0.0,1,23.83,0.33
335,Europe,Germany,-,Mobile & Tablet,2024-07-18,32.66,Jul,2024,0.0,0.0,0.0,0.0,0.0,0.0,0.0,0.0,0.0,0.0,0.0,0.0,32.66,0.0,0.0,0.0,0.0,0.0,1,23.83,0.33
336,Europe,Germany,-,Mobile & Tablet,2024-07-19,22.71,Jul,2024,0.0,0.0,0.0,0.0,0.0,0.0,0.0,0.0,0.0,0.0,0.0,0.0,22.71,0.0,0.0,0.0,0.0,0.0,1,23.83,0.33
337,Europe,Germany,-,Mobile & Tablet,2024-07-20,13.310000000000002,Jul,2024,0.0,0.0,0.0,0.0,0.0,0.0,0.0,0.0,0.0,0.0,0.0,0.0,13.310000000000002,0.0,0.0,0.0,0.0,0.0,1,23.83,0.33
338,Europe,Germany,-,Mobile & Tablet,2024-07-21,8.200000000000001,Jul,2024,0.0,0.0,0.0,0.0,0.0,0.0,0.0,0.0,0.0,0.0,0.0,0.0,8.200000000000001,0.0,0.0,0.0,0.0,0.0,1,23.83,0.33
339,Europe,Germany,-,Mobile & Tablet,2024-07-22,34.480000000000004,Jul,2024,0.0,0.0,0.0,0.0,0.0,0.0,0.0,0.0,0.0,0.0,0.0,0.0,34.480000000000004,0.0,0.0,0.0,0.0,0.0,0,23.83,0.33
340,Europe,Germany,-,Mobile & Tablet,2024-07-23,50.31999999999999,Jul,2024,0.0,0.0,0.0,0.0,0.0,0.0,0.0,0.0,0.0,0.0,0.0,0.0,50.31999999999999,0.0,0.0,0.0,0.0,0.0,0,23.83,0.33
341,Europe,Germany,-,Mobile & Tablet,2024-07-24,59.859999999999985,Jul,2024,0.0,0.0,0.0,0.0,0.0,0.0,0.0,0.0,0.0,0.0,0.0,0.0,59.859999999999985,0.0,0.0,0.0,0.0,0.0,1,23.83,0.33
342,Europe,Germany,-,Mobile & Tablet,2024-07-25,59.61,Jul,2024,0.0,0.0,0.0,0.0,0.0,0.0,0.0,0.0,0.0,0.0,0.0,0.0,59.61,0.0,0.0,0.0,0.0,0.0,1,23.83,0.33
343,Europe,Germany,-,Mobile & Tablet,2024-07-26,78.89999999999999,Jul,2024,0.0,0.0,0.0,0.0,0.0,0.0,0.0,0.0,0.0,0.0,0.0,0.0,78.89999999999999,0.0,0.0,0.0,0.0,0.0,1,23.83,0.33
344,Europe,Germany,-,Mobile & Tablet,2024-07-27,48.11,Jul,2024,0.0,0.0,0.0,0.0,0.0,0.0,0.0,0.0,0.0,0.0,0.0,0.0,48.11,0.0,0.0,0.0,0.0,0.0,1,23.83,0.33
345,Europe,Germany,-,Mobile & Tablet,2024-07-28,35.790000000000006,Jul,2024,0.0,0.0,0.0,0.0,0.0,0.0,0.0,0.0,0.0,0.0,0.0,0.0,35.790000000000006,0.0,0.0,0.0,0.0,0.0,1,23.83,0.33
346,Europe,Germany,-,Mobile & Tablet,2024-07-29,84.25,Jul,2024,0.0,0.0,0.0,0.0,0.0,0.0,0.0,0.0,0.0,0.0,0.0,0.0,84.25,0.0,0.0,0.0,0.0,0.0,0,23.83,0.33
347,Europe,Germany,-,Mobile & Tablet,2024-07-30,62.89,Jul,2024,0.0,0.0,0.0,0.0,0.0,0.0,0.0,0.0,0.0,0.0,0.0,0.0,62.89,0.0,0.0,0.0,0.0,0.0,0,23.83,0.33
348,Europe,Germany,-,Mobile & Tablet,2024-07-31,22.31,Jul,2024,0.0,0.0,0.0,0.0,0.0,0.0,0.0,0.0,0.0,0.0,0.0,0.0,22.31,0.0,0.0,0.0,0.0,0.0,1,23.83,0.33
349,Europe,Germany,-,Mobile & Tablet,2024-08-01,24.999999999999996,Aug,2024,0.0,0.0,0.0,0.0,0.0,0.0,0.0,0.0,0.0,0.0,24.999999999999996,0.0,0.0,0.0,0.0,0.0,0.0,0.0,1,23.83,0.33
350,Europe,Germany,-,Mobile & Tablet,2024-08-02,29.119999999999997,Aug,2024,0.0,0.0,0.0,0.0,0.0,0.0,0.0,0.0,0.0,0.0,29.119999999999997,0.0,0.0,0.0,0.0,0.0,0.0,0.0,1,23.83,0.33
351,Europe,Germany,-,Mobile & Tablet,2024-08-03,38.49,Aug,2024,0.0,0.0,0.0,0.0,0.0,0.0,0.0,0.0,0.0,0.0,38.49,0.0,0.0,0.0,0.0,0.0,0.0,0.0,1,23.83,0.33
352,Europe,Germany,-,Mobile & Tablet,2024-08-04,27.229999999999997,Aug,2024,0.0,0.0,0.0,0.0,0.0,0.0,0.0,0.0,0.0,0.0,27.229999999999997,0.0,0.0,0.0,0.0,0.0,0.0,0.0,1,23.83,0.33
353,Europe,Germany,-,Mobile & Tablet,2024-08-05,51.81,Aug,2024,0.0,0.0,0.0,0.0,0.0,0.0,0.0,0.0,0.0,0.0,51.81,0.0,0.0,0.0,0.0,0.0,0.0,0.0,0,23.83,0.33
354,Europe,Germany,-,Mobile & Tablet,2024-08-06,76.88,Aug,2024,0.0,0.0,0.0,0.0,0.0,0.0,0.0,0.0,0.0,0.0,76.88,0.0,0.0,0.0,0.0,0.0,0.0,0.0,0,23.83,0.33
355,Europe,Germany,-,Mobile & Tablet,2024-08-07,71.35999999999999,Aug,2024,0.0,0.0,0.0,0.0,0.0,0.0,0.0,0.0,0.0,0.0,71.35999999999999,0.0,0.0,0.0,0.0,0.0,0.0,0.0,1,23.83,0.33
356,Europe,Germany,-,Mobile & Tablet,2024-08-08,41.870000000000005,Aug,2024,0.0,0.0,0.0,0.0,0.0,0.0,0.0,0.0,0.0,0.0,41.870000000000005,0.0,0.0,0.0,0.0,0.0,0.0,0.0,1,23.83,0.33
357,Europe,Germany,-,Mobile & Tablet,2024-08-09,54.50999999999999,Aug,2024,0.0,0.0,0.0,0.0,0.0,0.0,0.0,0.0,0.0,0.0,54.50999999999999,0.0,0.0,0.0,0.0,0.0,0.0,0.0,1,23.83,0.33
358,Europe,Germany,-,Mobile & Tablet,2024-08-10,25.7,Aug,2024,0.0,0.0,0.0,0.0,0.0,0.0,0.0,0.0,0.0,0.0,25.7,0.0,0.0,0.0,0.0,0.0,0.0,0.0,1,23.83,0.33
359,Europe,Germany,-,Mobile & Tablet,2024-08-11,25.08,Aug,2024,0.0,0.0,0.0,0.0,0.0,0.0,0.0,0.0,0.0,0.0,25.08,0.0,0.0,0.0,0.0,0.0,0.0,0.0,1,23.83,0.33
360,Europe,Germany,-,Mobile & Tablet,2024-08-12,63.9,Aug,2024,0.0,0.0,0.0,0.0,0.0,0.0,0.0,0.0,0.0,0.0,63.9,0.0,0.0,0.0,0.0,0.0,0.0,0.0,0,23.83,0.33
361,Europe,Germany,-,Mobile & Tablet,2024-08-13,184.63000000000002,Aug,2024,0.0,0.0,0.0,0.0,0.0,0.0,0.0,0.0,0.0,0.0,184.63000000000002,0.0,0.0,0.0,0.0,0.0,0.0,0.0,0,23.83,0.33
362,Europe,Germany,-,Mobile & Tablet,2024-08-14,472.88,Aug,2024,0.0,0.0,0.0,0.0,0.0,0.0,0.0,0.0,0.0,0.0,472.88,0.0,0.0,0.0,0.0,0.0,0.0,0.0,1,23.83,0.33
363,Europe,Germany,-,Mobile & Tablet,2024-08-15,504.53999999999996,Aug,2024,0.0,0.0,0.0,0.0,0.0,0.0,0.0,0.0,0.0,0.0,504.53999999999996,0.0,0.0,0.0,0.0,0.0,0.0,0.0,1,23.83,0.33
364,Europe,Germany,-,Mobile & Tablet,2024-08-16,512.9,Aug,2024,0.0,0.0,0.0,0.0,0.0,0.0,0.0,0.0,0.0,0.0,512.9,0.0,0.0,0.0,0.0,0.0,0.0,0.0,1,23.83,0.33
365,Europe,Germany,-,Mobile & Tablet,2024-08-17,444.80999999999995,Aug,2024,0.0,0.0,0.0,0.0,0.0,0.0,0.0,0.0,0.0,0.0,444.80999999999995,0.0,0.0,0.0,0.0,0.0,0.0,0.0,1,23.83,0.33
366,Europe,Germany,-,Mobile & Tablet,2024-08-18,447.53,Aug,2024,0.0,0.0,0.0,0.0,0.0,0.0,0.0,0.0,0.0,0.0,447.53,0.0,0.0,0.0,0.0,0.0,0.0,0.0,1,23.83,0.33
367,Europe,Germany,-,Mobile & Tablet,2024-08-19,1356.6399999999999,Aug,2024,0.0,0.0,0.0,0.0,0.0,0.0,0.0,0.0,0.0,0.0,1356.6399999999999,0.0,0.0,0.0,0.0,0.0,0.0,0.0,0,23.83,0.33
368,Europe,Germany,-,Mobile & Tablet,2024-08-20,384.53999999999996,Aug,2024,0.0,0.0,0.0,0.0,0.0,0.0,0.0,0.0,0.0,0.0,384.53999999999996,0.0,0.0,0.0,0.0,0.0,0.0,0.0,0,23.83,0.33
369,Europe,Germany,-,Mobile & Tablet,2024-08-21,346.48,Aug,2024,0.0,0.0,0.0,0.0,0.0,0.0,0.0,0.0,0.0,0.0,346.48,0.0,0.0,0.0,0.0,0.0,0.0,0.0,1,23.83,0.33
370,Europe,Germany,-,Mobile & Tablet,2024-08-22,221.66999999999996,Aug,2024,0.0,0.0,0.0,0.0,0.0,0.0,0.0,0.0,0.0,0.0,221.66999999999996,0.0,0.0,0.0,0.0,0.0,0.0,0.0,1,23.83,0.33
371,Europe,Germany,-,Mobile & Tablet,2024-08-23,202.69,Aug,2024,0.0,0.0,0.0,0.0,0.0,0.0,0.0,0.0,0.0,0.0,202.69,0.0,0.0,0.0,0.0,0.0,0.0,0.0,1,23.83,0.33
372,Europe,Germany,-,Mobile & Tablet,2024-08-24,130.48,Aug,2024,0.0,0.0,0.0,0.0,0.0,0.0,0.0,0.0,0.0,0.0,130.48,0.0,0.0,0.0,0.0,0.0,0.0,0.0,1,23.83,0.33
373,Europe,Germany,-,Mobile & Tablet,2024-08-25,85.91,Aug,2024,0.0,0.0,0.0,0.0,0.0,0.0,0.0,0.0,0.0,0.0,85.91,0.0,0.0,0.0,0.0,0.0,0.0,0.0,1,23.83,0.33
374,Europe,Germany,-,Mobile & Tablet,2024-08-26,361.0,Aug,2024,0.0,0.0,0.0,0.0,0.0,0.0,0.0,0.0,0.0,0.0,361.0,0.0,0.0,0.0,0.0,0.0,0.0,0.0,0,23.83,0.33
375,Europe,Germany,-,Mobile & Tablet,2024-08-27,405.87000000000006,Aug,2024,0.0,0.0,0.0,0.0,0.0,0.0,0.0,0.0,0.0,0.0,405.87000000000006,0.0,0.0,0.0,0.0,0.0,0.0,0.0,0,23.83,0.33
376,Europe,Germany,-,Mobile & Tablet,2024-08-28,471.27000000000004,Aug,2024,0.0,0.0,0.0,0.0,0.0,0.0,0.0,0.0,0.0,0.0,471.27000000000004,0.0,0.0,0.0,0.0,0.0,0.0,0.0,1,23.83,0.33
377,Europe,Germany,-,Mobile & Tablet,2024-08-29,643.5399999999998,Aug,2024,0.0,0.0,0.0,0.0,0.0,0.0,0.0,0.0,0.0,0.0,643.5399999999998,0.0,0.0,0.0,0.0,0.0,0.0,0.0,1,23.83,0.33
378,Europe,Germany,-,Mobile & Tablet,2024-08-30,532.76,Aug,2024,0.0,0.0,0.0,0.0,0.0,0.0,0.0,0.0,0.0,0.0,532.76,0.0,0.0,0.0,0.0,0.0,0.0,0.0,1,23.83,0.33
379,Europe,Germany,-,Mobile & Tablet,2024-08-31,332.39,Aug,2024,0.0,0.0,0.0,0.0,0.0,0.0,0.0,0.0,0.0,0.0,332.39,0.0,0.0,0.0,0.0,0.0,0.0,0.0,1,23.83,0.33
380,Europe,Germany,-,Mobile & Tablet,2024-09-01,254.89,Sep,2024,0.0,0.0,0.0,0.0,0.0,0.0,0.0,0.0,0.0,0.0,0.0,0.0,0.0,0.0,0.0,0.0,0.0,254.89,1,23.83,0.33
381,Europe,Germany,-,Mobile & Tablet,2024-09-02,739.5500000000001,Sep,2024,0.0,0.0,0.0,0.0,0.0,0.0,0.0,0.0,0.0,0.0,0.0,0.0,0.0,0.0,0.0,0.0,0.0,739.5500000000001,0,23.83,0.33
382,Europe,Germany,-,Mobile & Tablet,2024-09-03,547.3000000000001,Sep,2024,0.0,0.0,0.0,0.0,0.0,0.0,0.0,0.0,0.0,0.0,0.0,0.0,0.0,0.0,0.0,0.0,0.0,547.3000000000001,0,23.83,0.33
383,Europe,Germany,-,Mobile & Tablet,2024-09-04,383.1,Sep,2024,0.0,0.0,0.0,0.0,0.0,0.0,0.0,0.0,0.0,0.0,0.0,0.0,0.0,0.0,0.0,0.0,0.0,383.1,1,23.83,0.33
384,Europe,Germany,-,Mobile & Tablet,2024-09-05,333.83,Sep,2024,0.0,0.0,0.0,0.0,0.0,0.0,0.0,0.0,0.0,0.0,0.0,0.0,0.0,0.0,0.0,0.0,0.0,333.83,1,23.83,0.33
385,Europe,Germany,-,Mobile & Tablet,2024-09-06,246.88,Sep,2024,0.0,0.0,0.0,0.0,0.0,0.0,0.0,0.0,0.0,0.0,0.0,0.0,0.0,0.0,0.0,0.0,0.0,246.88,1,23.83,0.33
386,Europe,Germany,-,Mobile & Tablet,2024-09-07,130.19,Sep,2024,0.0,0.0,0.0,0.0,0.0,0.0,0.0,0.0,0.0,0.0,0.0,0.0,0.0,0.0,0.0,0.0,0.0,130.19,1,23.83,0.33
387,Europe,Germany,-,Mobile & Tablet,2024-09-08,105.87,Sep,2024,0.0,0.0,0.0,0.0,0.0,0.0,0.0,0.0,0.0,0.0,0.0,0.0,0.0,0.0,0.0,0.0,0.0,105.87,1,23.83,0.33
388,Europe,Germany,-,Mobile & Tablet,2024-09-09,356.4,Sep,2024,0.0,0.0,0.0,0.0,0.0,0.0,0.0,0.0,0.0,0.0,0.0,0.0,0.0,0.0,0.0,0.0,0.0,356.4,0,23.83,0.33
389,Europe,Germany,-,Mobile & Tablet,2024-09-10,458.46000000000004,Sep,2024,0.0,0.0,0.0,0.0,0.0,0.0,0.0,0.0,0.0,0.0,0.0,0.0,0.0,0.0,0.0,0.0,0.0,458.46000000000004,0,23.83,0.33
390,Europe,Germany,-,Mobile & Tablet,2024-09-11,323.82000000000005,Sep,2024,0.0,0.0,0.0,0.0,0.0,0.0,0.0,0.0,0.0,0.0,0.0,0.0,0.0,0.0,0.0,0.0,0.0,323.82000000000005,1,23.83,0.33
391,Europe,Germany,-,Mobile & Tablet,2024-09-12,326.89,Sep,2024,0.0,0.0,0.0,0.0,0.0,0.0,0.0,0.0,0.0,0.0,0.0,0.0,0.0,0.0,0.0,0.0,0.0,326.89,1,23.83,0.33
392,Europe,Germany,-,Mobile & Tablet,2024-09-13,224.74,Sep,2024,0.0,0.0,0.0,0.0,0.0,0.0,0.0,0.0,0.0,0.0,0.0,0.0,0.0,0.0,0.0,0.0,0.0,224.74,1,23.83,0.33
393,Europe,Germany,-,Mobile & Tablet,2024-09-14,129.23,Sep,2024,0.0,0.0,0.0,0.0,0.0,0.0,0.0,0.0,0.0,0.0,0.0,0.0,0.0,0.0,0.0,0.0,0.0,129.23,1,23.83,0.33
394,Europe,Germany,-,Mobile & Tablet,2024-09-15,104.96,Sep,2024,0.0,0.0,0.0,0.0,0.0,0.0,0.0,0.0,0.0,0.0,0.0,0.0,0.0,0.0,0.0,0.0,0.0,104.96,1,23.83,0.33
395,Europe,Germany,-,Mobile & Tablet,2024-09-16,334.5,Sep,2024,0.0,0.0,0.0,0.0,0.0,0.0,0.0,0.0,0.0,0.0,0.0,0.0,0.0,0.0,0.0,0.0,0.0,334.5,0,23.83,0.33
396,Europe,Germany,-,Mobile & Tablet,2024-09-17,382.5399999999999,Sep,2024,0.0,0.0,0.0,0.0,0.0,0.0,0.0,0.0,0.0,0.0,0.0,0.0,0.0,0.0,0.0,0.0,0.0,382.5399999999999,0,23.83,0.33
397,Europe,Germany,-,Mobile & Tablet,2024-09-18,386.5299999999999,Sep,2024,0.0,0.0,0.0,0.0,0.0,0.0,0.0,0.0,0.0,0.0,0.0,0.0,0.0,0.0,0.0,0.0,0.0,386.5299999999999,1,23.83,0.33
398,Europe,Germany,-,Mobile & Tablet,2024-09-19,486.5,Sep,2024,0.0,0.0,0.0,0.0,0.0,0.0,0.0,0.0,0.0,0.0,0.0,0.0,0.0,0.0,0.0,0.0,0.0,486.5,1,23.83,0.33
399,Europe,Germany,-,Mobile & Tablet,2024-09-20,404.41,Sep,2024,0.0,0.0,0.0,0.0,0.0,0.0,0.0,0.0,0.0,0.0,0.0,0.0,0.0,0.0,0.0,0.0,0.0,404.41,1,23.83,0.33
400,Europe,Germany,-,Mobile & Tablet,2024-09-21,187.17000000000002,Sep,2024,0.0,0.0,0.0,0.0,0.0,0.0,0.0,0.0,0.0,0.0,0.0,0.0,0.0,0.0,0.0,0.0,0.0,187.17000000000002,1,23.83,0.33
401,Europe,Germany,-,Mobile & Tablet,2024-09-22,147.66,Sep,2024,0.0,0.0,0.0,0.0,0.0,0.0,0.0,0.0,0.0,0.0,0.0,0.0,0.0,0.0,0.0,0.0,0.0,147.66,1,23.83,0.33
402,Europe,Germany,-,Mobile & Tablet,2024-09-23,431.8599999999999,Sep,2024,0.0,0.0,0.0,0.0,0.0,0.0,0.0,0.0,0.0,0.0,0.0,0.0,0.0,0.0,0.0,0.0,0.0,431.8599999999999,0,23.83,0.33
403,Europe,Germany,-,Mobile & Tablet,2024-09-24,532.9599999999999,Sep,2024,0.0,0.0,0.0,0.0,0.0,0.0,0.0,0.0,0.0,0.0,0.0,0.0,0.0,0.0,0.0,0.0,0.0,532.9599999999999,0,23.83,0.33
404,Europe,Germany,-,Mobile & Tablet,2024-09-25,466.30000000000007,Sep,2024,0.0,0.0,0.0,0.0,0.0,0.0,0.0,0.0,0.0,0.0,0.0,0.0,0.0,0.0,0.0,0.0,0.0,466.30000000000007,1,23.83,0.33
405,Europe,Germany,-,Mobile & Tablet,2024-09-26,428.58000000000004,Sep,2024,0.0,0.0,0.0,0.0,0.0,0.0,0.0,0.0,0.0,0.0,0.0,0.0,0.0,0.0,0.0,0.0,0.0,428.58000000000004,1,23.83,0.33
406,Europe,Germany,-,Mobile & Tablet,2024-09-27,470.0899999999999,Sep,2024,0.0,0.0,0.0,0.0,0.0,0.0,0.0,0.0,0.0,0.0,0.0,0.0,0.0,0.0,0.0,0.0,0.0,470.0899999999999,1,23.83,0.33
407,Europe,Germany,-,Mobile & Tablet,2024-09-28,282.51000000000005,Sep,2024,0.0,0.0,0.0,0.0,0.0,0.0,0.0,0.0,0.0,0.0,0.0,0.0,0.0,0.0,0.0,0.0,0.0,282.51000000000005,1,23.83,0.33
408,Europe,Germany,-,Mobile & Tablet,2024-09-29,177.84000000000003,Sep,2024,0.0,0.0,0.0,0.0,0.0,0.0,0.0,0.0,0.0,0.0,0.0,0.0,0.0,0.0,0.0,0.0,0.0,177.84000000000003,1,23.83,0.33
409,Europe,Germany,-,Mobile & Tablet,2024-09-30,585.16,Sep,2024,0.0,0.0,0.0,0.0,0.0,0.0,0.0,0.0,0.0,0.0,0.0,0.0,0.0,0.0,0.0,0.0,0.0,585.16,0,23.83,0.33
410,Europe,Germany,-,Mobile & Tablet,2024-10-01,349.21,Oct,2024,0.0,0.0,0.0,0.0,0.0,0.0,0.0,0.0,0.0,0.0,0.0,0.0,0.0,0.0,0.0,0.0,349.21,0.0,0,23.83,0.33
411,Europe,Germany,-,Mobile & Tablet,2024-10-02,682.1899999999999,Oct,2024,0.0,0.0,0.0,0.0,0.0,0.0,0.0,0.0,0.0,0.0,0.0,0.0,0.0,0.0,0.0,0.0,682.1899999999999,0.0,1,23.83,0.33
412,Europe,Germany,-,Mobile & Tablet,2024-10-03,511.87999999999994,Oct,2024,0.0,0.0,0.0,0.0,0.0,0.0,0.0,0.0,0.0,0.0,0.0,0.0,0.0,0.0,0.0,0.0,511.87999999999994,0.0,1,23.83,0.33
413,Europe,Germany,-,Mobile & Tablet,2024-10-04,403.32,Oct,2024,0.0,0.0,0.0,0.0,0.0,0.0,0.0,0.0,0.0,0.0,0.0,0.0,0.0,0.0,0.0,0.0,403.32,0.0,1,23.83,0.33
414,Europe,Germany,-,Mobile & Tablet,2024-10-05,178.5,Oct,2024,0.0,0.0,0.0,0.0,0.0,0.0,0.0,0.0,0.0,0.0,0.0,0.0,0.0,0.0,0.0,0.0,178.5,0.0,1,23.83,0.33
415,Europe,Germany,-,Mobile & Tablet,2024-10-06,116.21,Oct,2024,0.0,0.0,0.0,0.0,0.0,0.0,0.0,0.0,0.0,0.0,0.0,0.0,0.0,0.0,0.0,0.0,116.21,0.0,1,23.83,0.33
416,Europe,Germany,-,Mobile & Tablet,2024-10-07,291.75,Oct,2024,0.0,0.0,0.0,0.0,0.0,0.0,0.0,0.0,0.0,0.0,0.0,0.0,0.0,0.0,0.0,0.0,291.75,0.0,0,23.83,0.33
417,Europe,Germany,-,Mobile & Tablet,2024-10-08,341.82,Oct,2024,0.0,0.0,0.0,0.0,0.0,0.0,0.0,0.0,0.0,0.0,0.0,0.0,0.0,0.0,0.0,0.0,341.82,0.0,0,23.83,0.33
418,Europe,Germany,-,Mobile & Tablet,2024-10-09,318.76,Oct,2024,0.0,0.0,0.0,0.0,0.0,0.0,0.0,0.0,0.0,0.0,0.0,0.0,0.0,0.0,0.0,0.0,318.76,0.0,1,23.83,0.33
419,Europe,Germany,-,Mobile & Tablet,2024-10-10,402.60999999999996,Oct,2024,0.0,0.0,0.0,0.0,0.0,0.0,0.0,0.0,0.0,0.0,0.0,0.0,0.0,0.0,0.0,0.0,402.60999999999996,0.0,1,23.83,0.33
420,Europe,Germany,-,Mobile & Tablet,2024-10-11,352.03,Oct,2024,0.0,0.0,0.0,0.0,0.0,0.0,0.0,0.0,0.0,0.0,0.0,0.0,0.0,0.0,0.0,0.0,352.03,0.0,1,23.83,0.33
421,Europe,Germany,-,Mobile & Tablet,2024-10-12,288.50000000000006,Oct,2024,0.0,0.0,0.0,0.0,0.0,0.0,0.0,0.0,0.0,0.0,0.0,0.0,0.0,0.0,0.0,0.0,288.50000000000006,0.0,1,23.83,0.33
422,Europe,Germany,-,Mobile & Tablet,2024-10-13,242.52999999999997,Oct,2024,0.0,0.0,0.0,0.0,0.0,0.0,0.0,0.0,0.0,0.0,0.0,0.0,0.0,0.0,0.0,0.0,242.52999999999997,0.0,1,23.83,0.33
423,Europe,Germany,-,Mobile & Tablet,2024-10-14,300.67,Oct,2024,0.0,0.0,0.0,0.0,0.0,0.0,0.0,0.0,0.0,0.0,0.0,0.0,0.0,0.0,0.0,0.0,300.67,0.0,0,23.83,0.33
424,Europe,Germany,-,Mobile & Tablet,2024-10-15,307.99,Oct,2024,0.0,0.0,0.0,0.0,0.0,0.0,0.0,0.0,0.0,0.0,0.0,0.0,0.0,0.0,0.0,0.0,307.99,0.0,0,23.83,0.33
425,Europe,Germany,-,Mobile & Tablet,2024-10-16,260.97,Oct,2024,0.0,0.0,0.0,0.0,0.0,0.0,0.0,0.0,0.0,0.0,0.0,0.0,0.0,0.0,0.0,0.0,260.97,0.0,1,23.83,0.33
426,Europe,Germany,-,Mobile & Tablet,2024-10-17,230.07000000000002,Oct,2024,0.0,0.0,0.0,0.0,0.0,0.0,0.0,0.0,0.0,0.0,0.0,0.0,0.0,0.0,0.0,0.0,230.07000000000002,0.0,1,23.83,0.33
427,Europe,Germany,-,Mobile & Tablet,2024-10-18,233.60000000000002,Oct,2024,0.0,0.0,0.0,0.0,0.0,0.0,0.0,0.0,0.0,0.0,0.0,0.0,0.0,0.0,0.0,0.0,233.60000000000002,0.0,1,23.83,0.33
428,Europe,Germany,-,Mobile & Tablet,2024-10-19,159.26,Oct,2024,0.0,0.0,0.0,0.0,0.0,0.0,0.0,0.0,0.0,0.0,0.0,0.0,0.0,0.0,0.0,0.0,159.26,0.0,1,23.83,0.33
429,Europe,Germany,-,Mobile & Tablet,2024-10-20,234.44000000000003,Oct,2024,0.0,0.0,0.0,0.0,0.0,0.0,0.0,0.0,0.0,0.0,0.0,0.0,0.0,0.0,0.0,0.0,234.44000000000003,0.0,1,23.83,0.33
430,Europe,Germany,-,Mobile & Tablet,2024-10-21,436.17999999999995,Oct,2024,0.0,0.0,0.0,0.0,0.0,0.0,0.0,0.0,0.0,0.0,0.0,0.0,0.0,0.0,0.0,0.0,436.17999999999995,0.0,0,23.83,0.33
431,Europe,Germany,-,Mobile & Tablet,2024-10-22,529.8900000000001,Oct,2024,0.0,0.0,0.0,0.0,0.0,0.0,0.0,0.0,0.0,0.0,0.0,0.0,0.0,0.0,0.0,0.0,529.8900000000001,0.0,0,23.83,0.33
432,Europe,Germany,-,Mobile & Tablet,2024-10-23,360.09,Oct,2024,0.0,0.0,0.0,0.0,0.0,0.0,0.0,0.0,0.0,0.0,0.0,0.0,0.0,0.0,0.0,0.0,360.09,0.0,1,23.83,0.33
433,Europe,Germany,-,Mobile & Tablet,2024-10-24,263.83,Oct,2024,0.0,0.0,0.0,0.0,0.0,0.0,0.0,0.0,0.0,0.0,0.0,0.0,0.0,0.0,0.0,0.0,263.83,0.0,1,23.83,0.33
434,Europe,Germany,-,Mobile & Tablet,2024-10-25,173.95,Oct,2024,0.0,0.0,0.0,0.0,0.0,0.0,0.0,0.0,0.0,0.0,0.0,0.0,0.0,0.0,0.0,0.0,173.95,0.0,1,23.83,0.33
435,Europe,Germany,-,Mobile & Tablet,2024-10-26,92.63,Oct,2024,0.0,0.0,0.0,0.0,0.0,0.0,0.0,0.0,0.0,0.0,0.0,0.0,0.0,0.0,0.0,0.0,92.63,0.0,1,23.83,0.33
436,Europe,Germany,-,Mobile & Tablet,2024-10-27,70.08999999999999,Oct,2024,0.0,0.0,0.0,0.0,0.0,0.0,0.0,0.0,0.0,0.0,0.0,0.0,0.0,0.0,0.0,0.0,70.08999999999999,0.0,1,23.83,0.33
437,Europe,Germany,-,Mobile & Tablet,2024-10-28,239.06,Oct,2024,0.0,0.0,0.0,0.0,0.0,0.0,0.0,0.0,0.0,0.0,0.0,0.0,0.0,0.0,0.0,0.0,239.06,0.0,0,23.83,0.33
438,Europe,Germany,-,Mobile & Tablet,2024-10-29,227.04999999999998,Oct,2024,0.0,0.0,0.0,0.0,0.0,0.0,0.0,0.0,0.0,0.0,0.0,0.0,0.0,0.0,0.0,0.0,227.04999999999998,0.0,0,23.83,0.33
439,Europe,Germany,-,Mobile & Tablet,2024-10-30,235.35,Oct,2024,0.0,0.0,0.0,0.0,0.0,0.0,0.0,0.0,0.0,0.0,0.0,0.0,0.0,0.0,0.0,0.0,235.35,0.0,1,23.83,0.33
440,Europe,Germany,-,Mobile & Tablet,2024-10-31,224.74999999999997,Oct,2024,0.0,0.0,0.0,0.0,0.0,0.0,0.0,0.0,0.0,0.0,0.0,0.0,0.0,0.0,0.0,0.0,224.74999999999997,0.0,1,23.83,0.33
441,Europe,Germany,-,Mobile & Tablet,2024-11-01,185.98000000000002,Nov,2024,0.0,0.0,0.0,0.0,0.0,0.0,0.0,0.0,0.0,0.0,0.0,0.0,0.0,0.0,0.0,185.98000000000002,0.0,0.0,1,23.83,0.33
442,Europe,Germany,-,Mobile & Tablet,2024-11-02,80.58999999999999,Nov,2024,0.0,0.0,0.0,0.0,0.0,0.0,0.0,0.0,0.0,0.0,0.0,0.0,0.0,0.0,0.0,80.58999999999999,0.0,0.0,1,23.83,0.33
443,Europe,Germany,-,Mobile & Tablet,2024-11-03,74.71999999999998,Nov,2024,0.0,0.0,0.0,0.0,0.0,0.0,0.0,0.0,0.0,0.0,0.0,0.0,0.0,0.0,0.0,74.71999999999998,0.0,0.0,1,23.83,0.33
444,Europe,Germany,-,Mobile & Tablet,2024-11-04,211.57,Nov,2024,0.0,0.0,0.0,0.0,0.0,0.0,0.0,0.0,0.0,0.0,0.0,0.0,0.0,0.0,0.0,211.57,0.0,0.0,0,23.83,0.33
445,Europe,Germany,-,Mobile & Tablet,2024-11-05,229.56,Nov,2024,0.0,0.0,0.0,0.0,0.0,0.0,0.0,0.0,0.0,0.0,0.0,0.0,0.0,0.0,0.0,229.56,0.0,0.0,0,23.83,0.33
446,Europe,Germany,-,Mobile & Tablet,2024-11-06,256.63,Nov,2024,0.0,0.0,0.0,0.0,0.0,0.0,0.0,0.0,0.0,0.0,0.0,0.0,0.0,0.0,0.0,256.63,0.0,0.0,1,23.83,0.33
447,Europe,Germany,-,Mobile & Tablet,2024-11-07,246.76,Nov,2024,0.0,0.0,0.0,0.0,0.0,0.0,0.0,0.0,0.0,0.0,0.0,0.0,0.0,0.0,0.0,246.76,0.0,0.0,1,23.83,0.33
448,Europe,Germany,-,Mobile & Tablet,2024-11-08,266.73,Nov,2024,0.0,0.0,0.0,0.0,0.0,0.0,0.0,0.0,0.0,0.0,0.0,0.0,0.0,0.0,0.0,266.73,0.0,0.0,1,23.83,0.33
449,Europe,Germany,-,Mobile & Tablet,2024-11-09,112.21,Nov,2024,0.0,0.0,0.0,0.0,0.0,0.0,0.0,0.0,0.0,0.0,0.0,0.0,0.0,0.0,0.0,112.21,0.0,0.0,1,23.83,0.33
450,Europe,Germany,-,Mobile & Tablet,2024-11-10,121.16000000000001,Nov,2024,0.0,0.0,0.0,0.0,0.0,0.0,0.0,0.0,0.0,0.0,0.0,0.0,0.0,0.0,0.0,121.16000000000001,0.0,0.0,1,23.83,0.33
451,Europe,Germany,-,Mobile & Tablet,2024-11-11,287.83,Nov,2024,0.0,0.0,0.0,0.0,0.0,0.0,0.0,0.0,0.0,0.0,0.0,0.0,0.0,0.0,0.0,287.83,0.0,0.0,0,23.83,0.33
452,Europe,Germany,-,Mobile & Tablet,2024-11-12,270.59999999999997,Nov,2024,0.0,0.0,0.0,0.0,0.0,0.0,0.0,0.0,0.0,0.0,0.0,0.0,0.0,0.0,0.0,270.59999999999997,0.0,0.0,0,23.83,0.33
453,Europe,Germany,-,Mobile & Tablet,2024-11-13,278.33,Nov,2024,0.0,0.0,0.0,0.0,0.0,0.0,0.0,0.0,0.0,0.0,0.0,0.0,0.0,0.0,0.0,278.33,0.0,0.0,1,23.83,0.33
454,Europe,Germany,-,Mobile & Tablet,2024-11-14,255.39999999999998,Nov,2024,0.0,0.0,0.0,0.0,0.0,0.0,0.0,0.0,0.0,0.0,0.0,0.0,0.0,0.0,0.0,255.39999999999998,0.0,0.0,1,23.83,0.33
455,Europe,Germany,-,Mobile & Tablet,2024-11-15,212.17000000000002,Nov,2024,0.0,0.0,0.0,0.0,0.0,0.0,0.0,0.0,0.0,0.0,0.0,0.0,0.0,0.0,0.0,212.17000000000002,0.0,0.0,1,23.83,0.33
456,Europe,Germany,-,Mobile & Tablet,2024-11-16,112.72,Nov,2024,0.0,0.0,0.0,0.0,0.0,0.0,0.0,0.0,0.0,0.0,0.0,0.0,0.0,0.0,0.0,112.72,0.0,0.0,1,23.83,0.33
457,Europe,Germany,-,Mobile & Tablet,2024-11-17,75.94,Nov,2024,0.0,0.0,0.0,0.0,0.0,0.0,0.0,0.0,0.0,0.0,0.0,0.0,0.0,0.0,0.0,75.94,0.0,0.0,1,23.83,0.33
458,Europe,Germany,-,Mobile & Tablet,2024-11-18,256.13000000000005,Nov,2024,0.0,0.0,0.0,0.0,0.0,0.0,0.0,0.0,0.0,0.0,0.0,0.0,0.0,0.0,0.0,256.13000000000005,0.0,0.0,0,23.83,0.33
459,Europe,Germany,-,Mobile & Tablet,2024-11-19,281.30000000000007,Nov,2024,0.0,0.0,0.0,0.0,0.0,0.0,0.0,0.0,0.0,0.0,0.0,0.0,0.0,0.0,0.0,281.30000000000007,0.0,0.0,0,23.83,0.33
460,Europe,Germany,-,Mobile & Tablet,2024-11-20,224.93000000000004,Nov,2024,0.0,0.0,0.0,0.0,0.0,0.0,0.0,0.0,0.0,0.0,0.0,0.0,0.0,0.0,0.0,224.93000000000004,0.0,0.0,1,23.83,0.33
461,Europe,Germany,-,Mobile & Tablet,2024-11-21,215.98,Nov,2024,0.0,0.0,0.0,0.0,0.0,0.0,0.0,0.0,0.0,0.0,0.0,0.0,0.0,0.0,0.0,215.98,0.0,0.0,1,23.83,0.33
462,Europe,Germany,-,Mobile & Tablet,2024-11-22,218.08999999999997,Nov,2024,0.0,0.0,0.0,0.0,0.0,0.0,0.0,0.0,0.0,0.0,0.0,0.0,0.0,0.0,0.0,218.08999999999997,0.0,0.0,1,23.83,0.33
463,Europe,Germany,-,Mobile & Tablet,2024-11-23,111.24000000000001,Nov,2024,0.0,0.0,0.0,0.0,0.0,0.0,0.0,0.0,0.0,0.0,0.0,0.0,0.0,0.0,0.0,111.24000000000001,0.0,0.0,1,23.83,0.33
464,Europe,Germany,-,Mobile & Tablet,2024-11-24,132.00000000000003,Nov,2024,0.0,0.0,0.0,0.0,0.0,0.0,0.0,0.0,0.0,0.0,0.0,0.0,0.0,0.0,0.0,132.00000000000003,0.0,0.0,1,23.83,0.33
465,Europe,Germany,-,Mobile & Tablet,2024-11-25,354.21000000000004,Nov,2024,0.0,0.0,0.0,0.0,0.0,0.0,0.0,0.0,0.0,0.0,0.0,0.0,0.0,0.0,0.0,354.21000000000004,0.0,0.0,0,23.83,0.33
466,Europe,Germany,-,Mobile & Tablet,2024-11-26,328.73999999999995,Nov,2024,0.0,0.0,0.0,0.0,0.0,0.0,0.0,0.0,0.0,0.0,0.0,0.0,0.0,0.0,0.0,328.73999999999995,0.0,0.0,0,23.83,0.33
467,Europe,Germany,-,Mobile & Tablet,2024-11-27,308.34999999999997,Nov,2024,0.0,0.0,0.0,0.0,0.0,0.0,0.0,0.0,0.0,0.0,0.0,0.0,0.0,0.0,0.0,308.34999999999997,0.0,0.0,1,23.83,0.33
468,Europe,Germany,-,Mobile & Tablet,2024-11-28,330.18,Nov,2024,0.0,0.0,0.0,0.0,0.0,0.0,0.0,0.0,0.0,0.0,0.0,0.0,0.0,0.0,0.0,330.18,0.0,0.0,1,23.83,0.33
469,Europe,Germany,-,Mobile & Tablet,2024-11-29,265.34000000000003,Nov,2024,0.0,0.0,0.0,0.0,0.0,0.0,0.0,0.0,0.0,0.0,0.0,0.0,0.0,0.0,0.0,265.34000000000003,0.0,0.0,1,23.83,0.33
470,Europe,Germany,-,Mobile & Tablet,2024-11-30,124.2,Nov,2024,0.0,0.0,0.0,0.0,0.0,0.0,0.0,0.0,0.0,0.0,0.0,0.0,0.0,0.0,0.0,124.2,0.0,0.0,1,23.83,0.33
471,Europe,Germany,-,Mobile & Tablet,2024-12-01,106.6,Dec,2024,0.0,0.0,0.0,0.0,0.0,0.0,0.0,0.0,0.0,0.0,0.0,106.6,0.0,0.0,0.0,0.0,0.0,0.0,1,23.83,0.33
472,Europe,Germany,-,Mobile & Tablet,2024-12-02,422.36999999999995,Dec,2024,0.0,0.0,0.0,0.0,0.0,0.0,0.0,0.0,0.0,0.0,0.0,422.36999999999995,0.0,0.0,0.0,0.0,0.0,0.0,0,23.83,0.33
473,Europe,Germany,-,Mobile & Tablet,2024-12-03,1003.02,Dec,2024,0.0,0.0,0.0,0.0,0.0,0.0,0.0,0.0,0.0,0.0,0.0,1003.02,0.0,0.0,0.0,0.0,0.0,0.0,0,23.83,0.33
474,Europe,Germany,-,Mobile & Tablet,2024-12-04,1824.4999999999998,Dec,2024,0.0,0.0,0.0,0.0,0.0,0.0,0.0,0.0,0.0,0.0,0.0,1824.4999999999998,0.0,0.0,0.0,0.0,0.0,0.0,1,23.83,0.33
475,Europe,Germany,-,Mobile & Tablet,2024-12-05,753.5700000000002,Dec,2024,0.0,0.0,0.0,0.0,0.0,0.0,0.0,0.0,0.0,0.0,0.0,753.5700000000002,0.0,0.0,0.0,0.0,0.0,0.0,1,23.83,0.33
476,Europe,Germany,-,Mobile & Tablet,2024-12-06,693.9899999999998,Dec,2024,0.0,0.0,0.0,0.0,0.0,0.0,0.0,0.0,0.0,0.0,0.0,693.9899999999998,0.0,0.0,0.0,0.0,0.0,0.0,1,23.83,0.33
477,Europe,Germany,-,Mobile & Tablet,2024-12-07,208.31,Dec,2024,0.0,0.0,0.0,0.0,0.0,0.0,0.0,0.0,0.0,0.0,0.0,208.31,0.0,0.0,0.0,0.0,0.0,0.0,1,23.83,0.33
478,Europe,Germany,-,Mobile & Tablet,2024-12-08,193.34,Dec,2024,0.0,0.0,0.0,0.0,0.0,0.0,0.0,0.0,0.0,0.0,0.0,193.34,0.0,0.0,0.0,0.0,0.0,0.0,1,23.83,0.33
479,Europe,Germany,-,Mobile & Tablet,2024-12-09,722.49,Dec,2024,0.0,0.0,0.0,0.0,0.0,0.0,0.0,0.0,0.0,0.0,0.0,722.49,0.0,0.0,0.0,0.0,0.0,0.0,0,23.83,0.33
480,Europe,Germany,-,Mobile & Tablet,2024-12-10,758.5899999999999,Dec,2024,0.0,0.0,0.0,0.0,0.0,0.0,0.0,0.0,0.0,0.0,0.0,758.5899999999999,0.0,0.0,0.0,0.0,0.0,0.0,0,23.83,0.33
481,Europe,Germany,-,Mobile & Tablet,2024-12-11,670.4499999999999,Dec,2024,0.0,0.0,0.0,0.0,0.0,0.0,0.0,0.0,0.0,0.0,0.0,670.4499999999999,0.0,0.0,0.0,0.0,0.0,0.0,1,23.83,0.33
482,Europe,Germany,-,Mobile & Tablet,2024-12-12,623.5699999999999,Dec,2024,0.0,0.0,0.0,0.0,0.0,0.0,0.0,0.0,0.0,0.0,0.0,623.5699999999999,0.0,0.0,0.0,0.0,0.0,0.0,1,23.83,0.33
483,Europe,Germany,-,Mobile & Tablet,2024-12-13,658.13,Dec,2024,0.0,0.0,0.0,0.0,0.0,0.0,0.0,0.0,0.0,0.0,0.0,658.13,0.0,0.0,0.0,0.0,0.0,0.0,1,23.83,0.33
484,Europe,Germany,-,Mobile & Tablet,2024-12-14,234.81000000000006,Dec,2024,0.0,0.0,0.0,0.0,0.0,0.0,0.0,0.0,0.0,0.0,0.0,234.81000000000006,0.0,0.0,0.0,0.0,0.0,0.0,1,23.83,0.33
485,Europe,Germany,-,Mobile & Tablet,2024-12-15,215.05,Dec,2024,0.0,0.0,0.0,0.0,0.0,0.0,0.0,0.0,0.0,0.0,0.0,215.05,0.0,0.0,0.0,0.0,0.0,0.0,1,23.83,0.33
486,Europe,Germany,-,Mobile & Tablet,2024-12-16,692.9200000000001,Dec,2024,0.0,0.0,0.0,0.0,0.0,0.0,0.0,0.0,0.0,0.0,0.0,692.9200000000001,0.0,0.0,0.0,0.0,0.0,0.0,0,23.83,0.33
487,Europe,Germany,-,Mobile & Tablet,2024-12-17,546.8800000000001,Dec,2024,0.0,0.0,0.0,0.0,0.0,0.0,0.0,0.0,0.0,0.0,0.0,546.8800000000001,0.0,0.0,0.0,0.0,0.0,0.0,0,23.83,0.33
488,Europe,Germany,-,Mobile & Tablet,2024-12-18,1242.03,Dec,2024,0.0,0.0,0.0,0.0,0.0,0.0,0.0,0.0,0.0,0.0,0.0,1242.03,0.0,0.0,0.0,0.0,0.0,0.0,1,23.83,0.33
489,Europe,Germany,-,Mobile & Tablet,2024-12-19,1166.8400000000001,Dec,2024,0.0,0.0,0.0,0.0,0.0,0.0,0.0,0.0,0.0,0.0,0.0,1166.8400000000001,0.0,0.0,0.0,0.0,0.0,0.0,1,23.83,0.33
490,Europe,Germany,-,Mobile & Tablet,2024-12-20,1122.22,Dec,2024,0.0,0.0,0.0,0.0,0.0,0.0,0.0,0.0,0.0,0.0,0.0,1122.22,0.0,0.0,0.0,0.0,0.0,0.0,1,23.83,0.33
491,Europe,Germany,-,Mobile & Tablet,2024-12-21,106.28,Dec,2024,0.0,0.0,0.0,0.0,0.0,0.0,0.0,0.0,0.0,0.0,0.0,106.28,0.0,0.0,0.0,0.0,0.0,0.0,1,23.83,0.33
492,Europe,Germany,-,Mobile & Tablet,2024-12-22,42.64,Dec,2024,0.0,0.0,0.0,0.0,0.0,0.0,0.0,0.0,0.0,0.0,0.0,42.64,0.0,0.0,0.0,0.0,0.0,0.0,1,23.83,0.33
493,Europe,Germany,-,Mobile & Tablet,2024-12-23,291.41076305220884,Dec,2024,0.0,0.0,0.0,0.0,0.0,0.0,0.0,0.0,0.0,0.0,0.0,291.41076305220884,0.0,0.0,0.0,0.0,0.0,0.0,0,23.83,0.33
494,Europe,Germany,-,Mobile & Tablet,2024-12-24,291.41076305220884,Dec,2024,0.0,0.0,0.0,0.0,0.0,0.0,0.0,0.0,0.0,0.0,0.0,291.41076305220884,0.0,0.0,0.0,0.0,0.0,0.0,0,23.83,0.33
495,Europe,Germany,-,Mobile & Tablet,2024-12-25,250.27000000000004,Dec,2024,0.0,0.0,0.0,0.0,0.0,0.0,0.0,0.0,0.0,0.0,0.0,250.27000000000004,0.0,0.0,0.0,0.0,0.0,0.0,1,23.83,0.33
496,Europe,Germany,-,Mobile & Tablet,2024-12-26,174.5,Dec,2024,0.0,0.0,0.0,0.0,0.0,0.0,0.0,0.0,0.0,0.0,0.0,174.5,0.0,0.0,0.0,0.0,0.0,0.0,1,23.83,0.33
497,Europe,Germany,-,Mobile & Tablet,2024-12-27,148.87000000000003,Dec,2024,0.0,0.0,0.0,0.0,0.0,0.0,0.0,0.0,0.0,0.0,0.0,148.87000000000003,0.0,0.0,0.0,0.0,0.0,0.0,1,23.83,0.33
498,Europe,Germany,-,Mobile & Tablet,2024-12-28,152.1,Dec,2024,0.0,0.0,0.0,0.0,0.0,0.0,0.0,0.0,0.0,0.0,0.0,152.1,0.0,0.0,0.0,0.0,0.0,0.0,1,23.83,0.33
499,Europe,Germany,-,Mobile & Tablet,2024-12-29,54.75000000000001,Dec,2024,0.0,0.0,0.0,0.0,0.0,0.0,0.0,0.0,0.0,0.0,0.0,54.75000000000001,0.0,0.0,0.0,0.0,0.0,0.0,1,23.83,0.33
500,Europe,Germany,-,Mobile & Tablet,2024-12-30,78.57,Dec,2024,0.0,0.0,0.0,0.0,0.0,0.0,0.0,0.0,0.0,0.0,0.0,78.57,0.0,0.0,0.0,0.0,0.0,0.0,0,23.83,0.33
501,Europe,Germany,-,Mobile & Tablet,2024-12-31,328.81999999999994,Dec,2024,0.0,0.0,0.0,0.0,0.0,0.0,0.0,0.0,0.0,0.0,0.0,328.81999999999994,0.0,0.0,0.0,0.0,0.0,0.0,0,23.83,0.33
