,region,market,funnel,account_type,ds,X,Month,Year,France_Desktop_-_Apr_2024,France_Desktop_-_Aug_2024,France_Desktop_-_Dec_2024,France_Desktop_-_Jul_2024,France_Desktop_-_Jun_2024,France_Desktop_-_May_2024,France_Desktop_-_Nov_2024,France_Desktop_-_Oct_2024,France_Desktop_-_Sep_2024,France_Mobile_&_Tablet_-_Apr_2024,France_Mobile_&_Tablet_-_Aug_2024,France_Mobile_&_Tablet_-_Dec_2024,France_Mobile_&_Tablet_-_Jul_2024,France_Mobile_&_Tablet_-_Jun_2024,France_Mobile_&_Tablet_-_May_2024,France_Mobile_&_Tablet_-_Nov_2024,France_Mobile_&_Tablet_-_Oct_2024,France_Mobile_&_Tablet_-_Sep_2024,Weekend,AOV,ROAS
0,Europe,France,-,Desktop,2024-04-25,3684.3300000000004,Apr,2024,3684.3300000000004,0.0,0.0,0.0,0.0,0.0,0.0,0.0,0.0,0.0,0.0,0.0,0.0,0.0,0.0,0.0,0.0,0.0,1,35.88,2.17
1,Europe,France,-,Desktop,2024-04-26,6546.15,Apr,2024,6546.15,0.0,0.0,0.0,0.0,0.0,0.0,0.0,0.0,0.0,0.0,0.0,0.0,0.0,0.0,0.0,0.0,0.0,1,35.88,2.17
2,Europe,France,-,Desktop,2024-04-27,884.53,Apr,2024,884.53,0.0,0.0,0.0,0.0,0.0,0.0,0.0,0.0,0.0,0.0,0.0,0.0,0.0,0.0,0.0,0.0,0.0,1,35.88,2.17
3,Europe,France,-,Desktop,2024-04-28,585.48,Apr,2024,585.48,0.0,0.0,0.0,0.0,0.0,0.0,0.0,0.0,0.0,0.0,0.0,0.0,0.0,0.0,0.0,0.0,0.0,1,35.88,2.17
4,Europe,France,-,Desktop,2024-04-29,1391.0399999999997,Apr,2024,1391.0399999999997,0.0,0.0,0.0,0.0,0.0,0.0,0.0,0.0,0.0,0.0,0.0,0.0,0.0,0.0,0.0,0.0,0.0,0,35.88,2.17
5,Europe,France,-,Desktop,2024-04-30,4702.110000000001,Apr,2024,4702.110000000001,0.0,0.0,0.0,0.0,0.0,0.0,0.0,0.0,0.0,0.0,0.0,0.0,0.0,0.0,0.0,0.0,0.0,0,35.88,2.17
6,Europe,France,-,Desktop,2024-05-01,4396.419999999999,May,2024,0.0,0.0,0.0,0.0,0.0,4396.419999999999,0.0,0.0,0.0,0.0,0.0,0.0,0.0,0.0,0.0,0.0,0.0,0.0,1,35.88,2.17
7,Europe,France,-,Desktop,2024-05-02,4524.52,May,2024,0.0,0.0,0.0,0.0,0.0,4524.52,0.0,0.0,0.0,0.0,0.0,0.0,0.0,0.0,0.0,0.0,0.0,0.0,1,35.88,2.17
8,Europe,France,-,Desktop,2024-05-03,4268.14,May,2024,0.0,0.0,0.0,0.0,0.0,4268.14,0.0,0.0,0.0,0.0,0.0,0.0,0.0,0.0,0.0,0.0,0.0,0.0,1,35.88,2.17
9,Europe,France,-,Desktop,2024-05-04,1081.39,May,2024,0.0,0.0,0.0,0.0,0.0,1081.39,0.0,0.0,0.0,0.0,0.0,0.0,0.0,0.0,0.0,0.0,0.0,0.0,1,35.88,2.17
10,Europe,France,-,Desktop,2024-05-05,985.6600000000001,May,2024,0.0,0.0,0.0,0.0,0.0,985.6600000000001,0.0,0.0,0.0,0.0,0.0,0.0,0.0,0.0,0.0,0.0,0.0,0.0,1,35.88,2.17
11,Europe,France,-,Desktop,2024-05-06,2127.48,May,2024,0.0,0.0,0.0,0.0,0.0,2127.48,0.0,0.0,0.0,0.0,0.0,0.0,0.0,0.0,0.0,0.0,0.0,0.0,0,35.88,2.17
12,Europe,France,-,Desktop,2024-05-07,3688.7999999999997,May,2024,0.0,0.0,0.0,0.0,0.0,3688.7999999999997,0.0,0.0,0.0,0.0,0.0,0.0,0.0,0.0,0.0,0.0,0.0,0.0,0,35.88,2.17
13,Europe,France,-,Desktop,2024-05-08,3231.8000000000006,May,2024,0.0,0.0,0.0,0.0,0.0,3231.8000000000006,0.0,0.0,0.0,0.0,0.0,0.0,0.0,0.0,0.0,0.0,0.0,0.0,1,35.88,2.17
14,Europe,France,-,Desktop,2024-05-09,2492.6900000000005,May,2024,0.0,0.0,0.0,0.0,0.0,2492.6900000000005,0.0,0.0,0.0,0.0,0.0,0.0,0.0,0.0,0.0,0.0,0.0,0.0,1,35.88,2.17
15,Europe,France,-,Desktop,2024-05-10,2004.83,May,2024,0.0,0.0,0.0,0.0,0.0,2004.83,0.0,0.0,0.0,0.0,0.0,0.0,0.0,0.0,0.0,0.0,0.0,0.0,1,35.88,2.17
16,Europe,France,-,Desktop,2024-05-11,446.14,May,2024,0.0,0.0,0.0,0.0,0.0,446.14,0.0,0.0,0.0,0.0,0.0,0.0,0.0,0.0,0.0,0.0,0.0,0.0,1,35.88,2.17
17,Europe,France,-,Desktop,2024-05-12,409.84000000000003,May,2024,0.0,0.0,0.0,0.0,0.0,409.84000000000003,0.0,0.0,0.0,0.0,0.0,0.0,0.0,0.0,0.0,0.0,0.0,0.0,1,35.88,2.17
18,Europe,France,-,Desktop,2024-05-13,2432.8,May,2024,0.0,0.0,0.0,0.0,0.0,2432.8,0.0,0.0,0.0,0.0,0.0,0.0,0.0,0.0,0.0,0.0,0.0,0.0,0,35.88,2.17
19,Europe,France,-,Desktop,2024-05-14,2553.7299999999996,May,2024,0.0,0.0,0.0,0.0,0.0,2553.7299999999996,0.0,0.0,0.0,0.0,0.0,0.0,0.0,0.0,0.0,0.0,0.0,0.0,0,35.88,2.17
20,Europe,France,-,Desktop,2024-05-15,3197.1800000000003,May,2024,0.0,0.0,0.0,0.0,0.0,3197.1800000000003,0.0,0.0,0.0,0.0,0.0,0.0,0.0,0.0,0.0,0.0,0.0,0.0,1,35.88,2.17
21,Europe,France,-,Desktop,2024-05-16,1609.57,May,2024,0.0,0.0,0.0,0.0,0.0,1609.57,0.0,0.0,0.0,0.0,0.0,0.0,0.0,0.0,0.0,0.0,0.0,0.0,1,35.88,2.17
22,Europe,France,-,Desktop,2024-05-17,3185.56,May,2024,0.0,0.0,0.0,0.0,0.0,3185.56,0.0,0.0,0.0,0.0,0.0,0.0,0.0,0.0,0.0,0.0,0.0,0.0,1,35.88,2.17
23,Europe,France,-,Desktop,2024-05-18,1072.88,May,2024,0.0,0.0,0.0,0.0,0.0,1072.88,0.0,0.0,0.0,0.0,0.0,0.0,0.0,0.0,0.0,0.0,0.0,0.0,1,35.88,2.17
24,Europe,France,-,Desktop,2024-05-19,906.44,May,2024,0.0,0.0,0.0,0.0,0.0,906.44,0.0,0.0,0.0,0.0,0.0,0.0,0.0,0.0,0.0,0.0,0.0,0.0,1,35.88,2.17
25,Europe,France,-,Desktop,2024-05-20,5047.230000000001,May,2024,0.0,0.0,0.0,0.0,0.0,5047.230000000001,0.0,0.0,0.0,0.0,0.0,0.0,0.0,0.0,0.0,0.0,0.0,0.0,0,35.88,2.17
26,Europe,France,-,Desktop,2024-05-21,5022.06,May,2024,0.0,0.0,0.0,0.0,0.0,5022.06,0.0,0.0,0.0,0.0,0.0,0.0,0.0,0.0,0.0,0.0,0.0,0.0,0,35.88,2.17
27,Europe,France,-,Desktop,2024-05-22,4922.5199999999995,May,2024,0.0,0.0,0.0,0.0,0.0,4922.5199999999995,0.0,0.0,0.0,0.0,0.0,0.0,0.0,0.0,0.0,0.0,0.0,0.0,1,35.88,2.17
28,Europe,France,-,Desktop,2024-05-23,4004.11,May,2024,0.0,0.0,0.0,0.0,0.0,4004.11,0.0,0.0,0.0,0.0,0.0,0.0,0.0,0.0,0.0,0.0,0.0,0.0,1,35.88,2.17
29,Europe,France,-,Desktop,2024-05-24,2118.4399999999996,May,2024,0.0,0.0,0.0,0.0,0.0,2118.4399999999996,0.0,0.0,0.0,0.0,0.0,0.0,0.0,0.0,0.0,0.0,0.0,0.0,1,35.88,2.17
30,Europe,France,-,Desktop,2024-05-25,189.68,May,2024,0.0,0.0,0.0,0.0,0.0,189.68,0.0,0.0,0.0,0.0,0.0,0.0,0.0,0.0,0.0,0.0,0.0,0.0,1,35.88,2.17
31,Europe,France,-,Desktop,2024-05-26,114.57,May,2024,0.0,0.0,0.0,0.0,0.0,114.57,0.0,0.0,0.0,0.0,0.0,0.0,0.0,0.0,0.0,0.0,0.0,0.0,1,35.88,2.17
32,Europe,France,-,Desktop,2024-05-27,298.91,May,2024,0.0,0.0,0.0,0.0,0.0,298.91,0.0,0.0,0.0,0.0,0.0,0.0,0.0,0.0,0.0,0.0,0.0,0.0,0,35.88,2.17
33,Europe,France,-,Desktop,2024-05-28,1004.8399999999999,May,2024,0.0,0.0,0.0,0.0,0.0,1004.8399999999999,0.0,0.0,0.0,0.0,0.0,0.0,0.0,0.0,0.0,0.0,0.0,0.0,0,35.88,2.17
34,Europe,France,-,Desktop,2024-05-29,1324.8499999999997,May,2024,0.0,0.0,0.0,0.0,0.0,1324.8499999999997,0.0,0.0,0.0,0.0,0.0,0.0,0.0,0.0,0.0,0.0,0.0,0.0,1,35.88,2.17
35,Europe,France,-,Desktop,2024-05-30,3475.56,May,2024,0.0,0.0,0.0,0.0,0.0,3475.56,0.0,0.0,0.0,0.0,0.0,0.0,0.0,0.0,0.0,0.0,0.0,0.0,1,35.88,2.17
36,Europe,France,-,Desktop,2024-05-31,3159.35,May,2024,0.0,0.0,0.0,0.0,0.0,3159.35,0.0,0.0,0.0,0.0,0.0,0.0,0.0,0.0,0.0,0.0,0.0,0.0,1,35.88,2.17
37,Europe,France,-,Desktop,2024-06-01,879.55,Jun,2024,0.0,0.0,0.0,0.0,879.55,0.0,0.0,0.0,0.0,0.0,0.0,0.0,0.0,0.0,0.0,0.0,0.0,0.0,1,35.88,2.17
38,Europe,France,-,Desktop,2024-06-02,760.77,Jun,2024,0.0,0.0,0.0,0.0,760.77,0.0,0.0,0.0,0.0,0.0,0.0,0.0,0.0,0.0,0.0,0.0,0.0,0.0,1,35.88,2.17
39,Europe,France,-,Desktop,2024-06-03,4709.650000000001,Jun,2024,0.0,0.0,0.0,0.0,4709.650000000001,0.0,0.0,0.0,0.0,0.0,0.0,0.0,0.0,0.0,0.0,0.0,0.0,0.0,0,35.88,2.17
40,Europe,France,-,Desktop,2024-06-04,4110.11,Jun,2024,0.0,0.0,0.0,0.0,4110.11,0.0,0.0,0.0,0.0,0.0,0.0,0.0,0.0,0.0,0.0,0.0,0.0,0.0,0,35.88,2.17
41,Europe,France,-,Desktop,2024-06-05,3349.3500000000004,Jun,2024,0.0,0.0,0.0,0.0,3349.3500000000004,0.0,0.0,0.0,0.0,0.0,0.0,0.0,0.0,0.0,0.0,0.0,0.0,0.0,1,35.88,2.17
42,Europe,France,-,Desktop,2024-06-06,3405.7499999999995,Jun,2024,0.0,0.0,0.0,0.0,3405.7499999999995,0.0,0.0,0.0,0.0,0.0,0.0,0.0,0.0,0.0,0.0,0.0,0.0,0.0,1,35.88,2.17
43,Europe,France,-,Desktop,2024-06-07,3081.9900000000002,Jun,2024,0.0,0.0,0.0,0.0,3081.9900000000002,0.0,0.0,0.0,0.0,0.0,0.0,0.0,0.0,0.0,0.0,0.0,0.0,0.0,1,35.88,2.17
44,Europe,France,-,Desktop,2024-06-08,961.14,Jun,2024,0.0,0.0,0.0,0.0,961.14,0.0,0.0,0.0,0.0,0.0,0.0,0.0,0.0,0.0,0.0,0.0,0.0,0.0,1,35.88,2.17
45,Europe,France,-,Desktop,2024-06-09,771.0699999999999,Jun,2024,0.0,0.0,0.0,0.0,771.0699999999999,0.0,0.0,0.0,0.0,0.0,0.0,0.0,0.0,0.0,0.0,0.0,0.0,0.0,1,35.88,2.17
46,Europe,France,-,Desktop,2024-06-10,4547.590000000001,Jun,2024,0.0,0.0,0.0,0.0,4547.590000000001,0.0,0.0,0.0,0.0,0.0,0.0,0.0,0.0,0.0,0.0,0.0,0.0,0.0,0,35.88,2.17
47,Europe,France,-,Desktop,2024-06-11,4805.76,Jun,2024,0.0,0.0,0.0,0.0,4805.76,0.0,0.0,0.0,0.0,0.0,0.0,0.0,0.0,0.0,0.0,0.0,0.0,0.0,0,35.88,2.17
48,Europe,France,-,Desktop,2024-06-12,4626.120000000001,Jun,2024,0.0,0.0,0.0,0.0,4626.120000000001,0.0,0.0,0.0,0.0,0.0,0.0,0.0,0.0,0.0,0.0,0.0,0.0,0.0,1,35.88,2.17
49,Europe,France,-,Desktop,2024-06-13,4101.83,Jun,2024,0.0,0.0,0.0,0.0,4101.83,0.0,0.0,0.0,0.0,0.0,0.0,0.0,0.0,0.0,0.0,0.0,0.0,0.0,1,35.88,2.17
50,Europe,France,-,Desktop,2024-06-14,3993.95,Jun,2024,0.0,0.0,0.0,0.0,3993.95,0.0,0.0,0.0,0.0,0.0,0.0,0.0,0.0,0.0,0.0,0.0,0.0,0.0,1,35.88,2.17
51,Europe,France,-,Desktop,2024-06-15,953.7600000000001,Jun,2024,0.0,0.0,0.0,0.0,953.7600000000001,0.0,0.0,0.0,0.0,0.0,0.0,0.0,0.0,0.0,0.0,0.0,0.0,0.0,1,35.88,2.17
52,Europe,France,-,Desktop,2024-06-16,1166.9500000000003,Jun,2024,0.0,0.0,0.0,0.0,1166.9500000000003,0.0,0.0,0.0,0.0,0.0,0.0,0.0,0.0,0.0,0.0,0.0,0.0,0.0,1,35.88,2.17
53,Europe,France,-,Desktop,2024-06-17,7394.56,Jun,2024,0.0,0.0,0.0,0.0,7394.56,0.0,0.0,0.0,0.0,0.0,0.0,0.0,0.0,0.0,0.0,0.0,0.0,0.0,0,35.88,2.17
54,Europe,France,-,Desktop,2024-06-18,6432.810000000002,Jun,2024,0.0,0.0,0.0,0.0,6432.810000000002,0.0,0.0,0.0,0.0,0.0,0.0,0.0,0.0,0.0,0.0,0.0,0.0,0.0,0,35.88,2.17
55,Europe,France,-,Desktop,2024-06-19,3635.070000000001,Jun,2024,0.0,0.0,0.0,0.0,3635.070000000001,0.0,0.0,0.0,0.0,0.0,0.0,0.0,0.0,0.0,0.0,0.0,0.0,0.0,1,35.88,2.17
56,Europe,France,-,Desktop,2024-06-20,3257.620000000001,Jun,2024,0.0,0.0,0.0,0.0,3257.620000000001,0.0,0.0,0.0,0.0,0.0,0.0,0.0,0.0,0.0,0.0,0.0,0.0,0.0,1,35.88,2.17
57,Europe,France,-,Desktop,2024-06-21,2932.7499999999995,Jun,2024,0.0,0.0,0.0,0.0,2932.7499999999995,0.0,0.0,0.0,0.0,0.0,0.0,0.0,0.0,0.0,0.0,0.0,0.0,0.0,1,35.88,2.17
58,Europe,France,-,Desktop,2024-06-22,634.8599999999999,Jun,2024,0.0,0.0,0.0,0.0,634.8599999999999,0.0,0.0,0.0,0.0,0.0,0.0,0.0,0.0,0.0,0.0,0.0,0.0,0.0,1,35.88,2.17
59,Europe,France,-,Desktop,2024-06-23,574.31,Jun,2024,0.0,0.0,0.0,0.0,574.31,0.0,0.0,0.0,0.0,0.0,0.0,0.0,0.0,0.0,0.0,0.0,0.0,0.0,1,35.88,2.17
60,Europe,France,-,Desktop,2024-06-24,3792.8399999999997,Jun,2024,0.0,0.0,0.0,0.0,3792.8399999999997,0.0,0.0,0.0,0.0,0.0,0.0,0.0,0.0,0.0,0.0,0.0,0.0,0.0,0,35.88,2.17
61,Europe,France,-,Desktop,2024-06-25,3942.05,Jun,2024,0.0,0.0,0.0,0.0,3942.05,0.0,0.0,0.0,0.0,0.0,0.0,0.0,0.0,0.0,0.0,0.0,0.0,0.0,0,35.88,2.17
62,Europe,France,-,Desktop,2024-06-26,3585.3199999999997,Jun,2024,0.0,0.0,0.0,0.0,3585.3199999999997,0.0,0.0,0.0,0.0,0.0,0.0,0.0,0.0,0.0,0.0,0.0,0.0,0.0,1,35.88,2.17
63,Europe,France,-,Desktop,2024-06-27,3642.9400000000005,Jun,2024,0.0,0.0,0.0,0.0,3642.9400000000005,0.0,0.0,0.0,0.0,0.0,0.0,0.0,0.0,0.0,0.0,0.0,0.0,0.0,1,35.88,2.17
64,Europe,France,-,Desktop,2024-06-28,3127.97,Jun,2024,0.0,0.0,0.0,0.0,3127.97,0.0,0.0,0.0,0.0,0.0,0.0,0.0,0.0,0.0,0.0,0.0,0.0,0.0,1,35.88,2.17
65,Europe,France,-,Desktop,2024-06-29,1081.2900000000002,Jun,2024,0.0,0.0,0.0,0.0,1081.2900000000002,0.0,0.0,0.0,0.0,0.0,0.0,0.0,0.0,0.0,0.0,0.0,0.0,0.0,1,35.88,2.17
66,Europe,France,-,Desktop,2024-06-30,1092.4199999999998,Jun,2024,0.0,0.0,0.0,0.0,1092.4199999999998,0.0,0.0,0.0,0.0,0.0,0.0,0.0,0.0,0.0,0.0,0.0,0.0,0.0,1,35.88,2.17
67,Europe,France,-,Desktop,2024-07-01,6081.02,Jul,2024,0.0,0.0,0.0,6081.02,0.0,0.0,0.0,0.0,0.0,0.0,0.0,0.0,0.0,0.0,0.0,0.0,0.0,0.0,0,35.88,2.17
68,Europe,France,-,Desktop,2024-07-02,5801.52,Jul,2024,0.0,0.0,0.0,5801.52,0.0,0.0,0.0,0.0,0.0,0.0,0.0,0.0,0.0,0.0,0.0,0.0,0.0,0.0,0,35.88,2.17
69,Europe,France,-,Desktop,2024-07-03,5780.280000000001,Jul,2024,0.0,0.0,0.0,5780.280000000001,0.0,0.0,0.0,0.0,0.0,0.0,0.0,0.0,0.0,0.0,0.0,0.0,0.0,0.0,1,35.88,2.17
70,Europe,France,-,Desktop,2024-07-04,2376.1,Jul,2024,0.0,0.0,0.0,2376.1,0.0,0.0,0.0,0.0,0.0,0.0,0.0,0.0,0.0,0.0,0.0,0.0,0.0,0.0,1,35.88,2.17
71,Europe,France,-,Desktop,2024-07-05,1869.6499999999999,Jul,2024,0.0,0.0,0.0,1869.6499999999999,0.0,0.0,0.0,0.0,0.0,0.0,0.0,0.0,0.0,0.0,0.0,0.0,0.0,0.0,1,35.88,2.17
72,Europe,France,-,Desktop,2024-07-06,475.88,Jul,2024,0.0,0.0,0.0,475.88,0.0,0.0,0.0,0.0,0.0,0.0,0.0,0.0,0.0,0.0,0.0,0.0,0.0,0.0,1,35.88,2.17
73,Europe,France,-,Desktop,2024-07-07,362.9,Jul,2024,0.0,0.0,0.0,362.9,0.0,0.0,0.0,0.0,0.0,0.0,0.0,0.0,0.0,0.0,0.0,0.0,0.0,0.0,1,35.88,2.17
74,Europe,France,-,Desktop,2024-07-08,2123.6900000000005,Jul,2024,0.0,0.0,0.0,2123.6900000000005,0.0,0.0,0.0,0.0,0.0,0.0,0.0,0.0,0.0,0.0,0.0,0.0,0.0,0.0,0,35.88,2.17
75,Europe,France,-,Desktop,2024-07-09,2501.0699999999997,Jul,2024,0.0,0.0,0.0,2501.0699999999997,0.0,0.0,0.0,0.0,0.0,0.0,0.0,0.0,0.0,0.0,0.0,0.0,0.0,0.0,0,35.88,2.17
76,Europe,France,-,Desktop,2024-07-10,2254.35,Jul,2024,0.0,0.0,0.0,2254.35,0.0,0.0,0.0,0.0,0.0,0.0,0.0,0.0,0.0,0.0,0.0,0.0,0.0,0.0,1,35.88,2.17
77,Europe,France,-,Desktop,2024-07-11,1950.58,Jul,2024,0.0,0.0,0.0,1950.58,0.0,0.0,0.0,0.0,0.0,0.0,0.0,0.0,0.0,0.0,0.0,0.0,0.0,0.0,1,35.88,2.17
78,Europe,France,-,Desktop,2024-07-12,767.85,Jul,2024,0.0,0.0,0.0,767.85,0.0,0.0,0.0,0.0,0.0,0.0,0.0,0.0,0.0,0.0,0.0,0.0,0.0,0.0,1,35.88,2.17
79,Europe,France,-,Desktop,2024-07-13,430.82,Jul,2024,0.0,0.0,0.0,430.82,0.0,0.0,0.0,0.0,0.0,0.0,0.0,0.0,0.0,0.0,0.0,0.0,0.0,0.0,1,35.88,2.17
80,Europe,France,-,Desktop,2024-07-14,425.2099999999999,Jul,2024,0.0,0.0,0.0,425.2099999999999,0.0,0.0,0.0,0.0,0.0,0.0,0.0,0.0,0.0,0.0,0.0,0.0,0.0,0.0,1,35.88,2.17
81,Europe,France,-,Desktop,2024-07-15,2440.07,Jul,2024,0.0,0.0,0.0,2440.07,0.0,0.0,0.0,0.0,0.0,0.0,0.0,0.0,0.0,0.0,0.0,0.0,0.0,0.0,0,35.88,2.17
82,Europe,France,-,Desktop,2024-07-16,2374.96,Jul,2024,0.0,0.0,0.0,2374.96,0.0,0.0,0.0,0.0,0.0,0.0,0.0,0.0,0.0,0.0,0.0,0.0,0.0,0.0,0,35.88,2.17
83,Europe,France,-,Desktop,2024-07-17,2217.5699999999997,Jul,2024,0.0,0.0,0.0,2217.5699999999997,0.0,0.0,0.0,0.0,0.0,0.0,0.0,0.0,0.0,0.0,0.0,0.0,0.0,0.0,1,35.88,2.17
84,Europe,France,-,Desktop,2024-07-18,2021.3999999999999,Jul,2024,0.0,0.0,0.0,2021.3999999999999,0.0,0.0,0.0,0.0,0.0,0.0,0.0,0.0,0.0,0.0,0.0,0.0,0.0,0.0,1,35.88,2.17
85,Europe,France,-,Desktop,2024-07-19,1806.5400000000002,Jul,2024,0.0,0.0,0.0,1806.5400000000002,0.0,0.0,0.0,0.0,0.0,0.0,0.0,0.0,0.0,0.0,0.0,0.0,0.0,0.0,1,35.88,2.17
86,Europe,France,-,Desktop,2024-07-20,428.78999999999996,Jul,2024,0.0,0.0,0.0,428.78999999999996,0.0,0.0,0.0,0.0,0.0,0.0,0.0,0.0,0.0,0.0,0.0,0.0,0.0,0.0,1,35.88,2.17
87,Europe,France,-,Desktop,2024-07-21,368.93,Jul,2024,0.0,0.0,0.0,368.93,0.0,0.0,0.0,0.0,0.0,0.0,0.0,0.0,0.0,0.0,0.0,0.0,0.0,0.0,1,35.88,2.17
88,Europe,France,-,Desktop,2024-07-22,1980.96,Jul,2024,0.0,0.0,0.0,1980.96,0.0,0.0,0.0,0.0,0.0,0.0,0.0,0.0,0.0,0.0,0.0,0.0,0.0,0.0,0,35.88,2.17
89,Europe,France,-,Desktop,2024-07-23,2271.0600000000004,Jul,2024,0.0,0.0,0.0,2271.0600000000004,0.0,0.0,0.0,0.0,0.0,0.0,0.0,0.0,0.0,0.0,0.0,0.0,0.0,0.0,0,35.88,2.17
90,Europe,France,-,Desktop,2024-07-24,2448.2799999999997,Jul,2024,0.0,0.0,0.0,2448.2799999999997,0.0,0.0,0.0,0.0,0.0,0.0,0.0,0.0,0.0,0.0,0.0,0.0,0.0,0.0,1,35.88,2.17
91,Europe,France,-,Desktop,2024-07-25,2643.47,Jul,2024,0.0,0.0,0.0,2643.47,0.0,0.0,0.0,0.0,0.0,0.0,0.0,0.0,0.0,0.0,0.0,0.0,0.0,0.0,1,35.88,2.17
92,Europe,France,-,Desktop,2024-07-26,3387.1099999999997,Jul,2024,0.0,0.0,0.0,3387.1099999999997,0.0,0.0,0.0,0.0,0.0,0.0,0.0,0.0,0.0,0.0,0.0,0.0,0.0,0.0,1,35.88,2.17
93,Europe,France,-,Desktop,2024-07-27,1074.7,Jul,2024,0.0,0.0,0.0,1074.7,0.0,0.0,0.0,0.0,0.0,0.0,0.0,0.0,0.0,0.0,0.0,0.0,0.0,0.0,1,35.88,2.17
94,Europe,France,-,Desktop,2024-07-28,702.9799999999999,Jul,2024,0.0,0.0,0.0,702.9799999999999,0.0,0.0,0.0,0.0,0.0,0.0,0.0,0.0,0.0,0.0,0.0,0.0,0.0,0.0,1,35.88,2.17
95,Europe,France,-,Desktop,2024-07-29,4654.1799999999985,Jul,2024,0.0,0.0,0.0,4654.1799999999985,0.0,0.0,0.0,0.0,0.0,0.0,0.0,0.0,0.0,0.0,0.0,0.0,0.0,0.0,0,35.88,2.17
96,Europe,France,-,Desktop,2024-07-30,4042.0400000000013,Jul,2024,0.0,0.0,0.0,4042.0400000000013,0.0,0.0,0.0,0.0,0.0,0.0,0.0,0.0,0.0,0.0,0.0,0.0,0.0,0.0,0,35.88,2.17
97,Europe,France,-,Desktop,2024-07-31,2773.4900000000002,Jul,2024,0.0,0.0,0.0,2773.4900000000002,0.0,0.0,0.0,0.0,0.0,0.0,0.0,0.0,0.0,0.0,0.0,0.0,0.0,0.0,1,35.88,2.17
98,Europe,France,-,Desktop,2024-08-01,2646.65,Aug,2024,0.0,2646.65,0.0,0.0,0.0,0.0,0.0,0.0,0.0,0.0,0.0,0.0,0.0,0.0,0.0,0.0,0.0,0.0,1,35.88,2.17
99,Europe,France,-,Desktop,2024-08-02,2640.1399999999994,Aug,2024,0.0,2640.1399999999994,0.0,0.0,0.0,0.0,0.0,0.0,0.0,0.0,0.0,0.0,0.0,0.0,0.0,0.0,0.0,0.0,1,35.88,2.17
100,Europe,France,-,Desktop,2024-08-03,751.62,Aug,2024,0.0,751.62,0.0,0.0,0.0,0.0,0.0,0.0,0.0,0.0,0.0,0.0,0.0,0.0,0.0,0.0,0.0,0.0,1,35.88,2.17
101,Europe,France,-,Desktop,2024-08-04,664.3999999999999,Aug,2024,0.0,664.3999999999999,0.0,0.0,0.0,0.0,0.0,0.0,0.0,0.0,0.0,0.0,0.0,0.0,0.0,0.0,0.0,0.0,1,35.88,2.17
102,Europe,France,-,Desktop,2024-08-05,3540.0299999999997,Aug,2024,0.0,3540.0299999999997,0.0,0.0,0.0,0.0,0.0,0.0,0.0,0.0,0.0,0.0,0.0,0.0,0.0,0.0,0.0,0.0,0,35.88,2.17
103,Europe,France,-,Desktop,2024-08-06,4229.3,Aug,2024,0.0,4229.3,0.0,0.0,0.0,0.0,0.0,0.0,0.0,0.0,0.0,0.0,0.0,0.0,0.0,0.0,0.0,0.0,0,35.88,2.17
104,Europe,France,-,Desktop,2024-08-07,5410.01,Aug,2024,0.0,5410.01,0.0,0.0,0.0,0.0,0.0,0.0,0.0,0.0,0.0,0.0,0.0,0.0,0.0,0.0,0.0,0.0,1,35.88,2.17
105,Europe,France,-,Desktop,2024-08-08,2302.1400000000003,Aug,2024,0.0,2302.1400000000003,0.0,0.0,0.0,0.0,0.0,0.0,0.0,0.0,0.0,0.0,0.0,0.0,0.0,0.0,0.0,0.0,1,35.88,2.17
106,Europe,France,-,Desktop,2024-08-09,2043.88,Aug,2024,0.0,2043.88,0.0,0.0,0.0,0.0,0.0,0.0,0.0,0.0,0.0,0.0,0.0,0.0,0.0,0.0,0.0,0.0,1,35.88,2.17
107,Europe,France,-,Desktop,2024-08-10,600.67,Aug,2024,0.0,600.67,0.0,0.0,0.0,0.0,0.0,0.0,0.0,0.0,0.0,0.0,0.0,0.0,0.0,0.0,0.0,0.0,1,35.88,2.17
108,Europe,France,-,Desktop,2024-08-11,575.43,Aug,2024,0.0,575.43,0.0,0.0,0.0,0.0,0.0,0.0,0.0,0.0,0.0,0.0,0.0,0.0,0.0,0.0,0.0,0.0,1,35.88,2.17
109,Europe,France,-,Desktop,2024-08-12,1958.9700000000003,Aug,2024,0.0,1958.9700000000003,0.0,0.0,0.0,0.0,0.0,0.0,0.0,0.0,0.0,0.0,0.0,0.0,0.0,0.0,0.0,0.0,0,35.88,2.17
110,Europe,France,-,Desktop,2024-08-13,1506.88,Aug,2024,0.0,1506.88,0.0,0.0,0.0,0.0,0.0,0.0,0.0,0.0,0.0,0.0,0.0,0.0,0.0,0.0,0.0,0.0,0,35.88,2.17
111,Europe,France,-,Desktop,2024-08-14,3191.9500000000003,Aug,2024,0.0,3191.9500000000003,0.0,0.0,0.0,0.0,0.0,0.0,0.0,0.0,0.0,0.0,0.0,0.0,0.0,0.0,0.0,0.0,1,35.88,2.17
112,Europe,France,-,Desktop,2024-08-15,2705.48,Aug,2024,0.0,2705.48,0.0,0.0,0.0,0.0,0.0,0.0,0.0,0.0,0.0,0.0,0.0,0.0,0.0,0.0,0.0,0.0,1,35.88,2.17
113,Europe,France,-,Desktop,2024-08-16,2422.6000000000013,Aug,2024,0.0,2422.6000000000013,0.0,0.0,0.0,0.0,0.0,0.0,0.0,0.0,0.0,0.0,0.0,0.0,0.0,0.0,0.0,0.0,1,35.88,2.17
114,Europe,France,-,Desktop,2024-08-17,920.4499999999998,Aug,2024,0.0,920.4499999999998,0.0,0.0,0.0,0.0,0.0,0.0,0.0,0.0,0.0,0.0,0.0,0.0,0.0,0.0,0.0,0.0,1,35.88,2.17
115,Europe,France,-,Desktop,2024-08-18,871.4,Aug,2024,0.0,871.4,0.0,0.0,0.0,0.0,0.0,0.0,0.0,0.0,0.0,0.0,0.0,0.0,0.0,0.0,0.0,0.0,1,35.88,2.17
116,Europe,France,-,Desktop,2024-08-19,4706.959999999999,Aug,2024,0.0,4706.959999999999,0.0,0.0,0.0,0.0,0.0,0.0,0.0,0.0,0.0,0.0,0.0,0.0,0.0,0.0,0.0,0.0,0,35.88,2.17
117,Europe,France,-,Desktop,2024-08-20,2235.0899999999997,Aug,2024,0.0,2235.0899999999997,0.0,0.0,0.0,0.0,0.0,0.0,0.0,0.0,0.0,0.0,0.0,0.0,0.0,0.0,0.0,0.0,0,35.88,2.17
118,Europe,France,-,Desktop,2024-08-21,1908.0699999999997,Aug,2024,0.0,1908.0699999999997,0.0,0.0,0.0,0.0,0.0,0.0,0.0,0.0,0.0,0.0,0.0,0.0,0.0,0.0,0.0,0.0,1,35.88,2.17
119,Europe,France,-,Desktop,2024-08-22,1937.5900000000001,Aug,2024,0.0,1937.5900000000001,0.0,0.0,0.0,0.0,0.0,0.0,0.0,0.0,0.0,0.0,0.0,0.0,0.0,0.0,0.0,0.0,1,35.88,2.17
120,Europe,France,-,Desktop,2024-08-23,1563.12,Aug,2024,0.0,1563.12,0.0,0.0,0.0,0.0,0.0,0.0,0.0,0.0,0.0,0.0,0.0,0.0,0.0,0.0,0.0,0.0,1,35.88,2.17
121,Europe,France,-,Desktop,2024-08-24,396.72,Aug,2024,0.0,396.72,0.0,0.0,0.0,0.0,0.0,0.0,0.0,0.0,0.0,0.0,0.0,0.0,0.0,0.0,0.0,0.0,1,35.88,2.17
122,Europe,France,-,Desktop,2024-08-25,430.92,Aug,2024,0.0,430.92,0.0,0.0,0.0,0.0,0.0,0.0,0.0,0.0,0.0,0.0,0.0,0.0,0.0,0.0,0.0,0.0,1,35.88,2.17
123,Europe,France,-,Desktop,2024-08-26,2171.4100000000003,Aug,2024,0.0,2171.4100000000003,0.0,0.0,0.0,0.0,0.0,0.0,0.0,0.0,0.0,0.0,0.0,0.0,0.0,0.0,0.0,0.0,0,35.88,2.17
124,Europe,France,-,Desktop,2024-08-27,3166.0199999999995,Aug,2024,0.0,3166.0199999999995,0.0,0.0,0.0,0.0,0.0,0.0,0.0,0.0,0.0,0.0,0.0,0.0,0.0,0.0,0.0,0.0,0,35.88,2.17
125,Europe,France,-,Desktop,2024-08-28,2950.9999999999995,Aug,2024,0.0,2950.9999999999995,0.0,0.0,0.0,0.0,0.0,0.0,0.0,0.0,0.0,0.0,0.0,0.0,0.0,0.0,0.0,0.0,1,35.88,2.17
126,Europe,France,-,Desktop,2024-08-29,3355.6400000000003,Aug,2024,0.0,3355.6400000000003,0.0,0.0,0.0,0.0,0.0,0.0,0.0,0.0,0.0,0.0,0.0,0.0,0.0,0.0,0.0,0.0,1,35.88,2.17
127,Europe,France,-,Desktop,2024-08-30,4465.44,Aug,2024,0.0,4465.44,0.0,0.0,0.0,0.0,0.0,0.0,0.0,0.0,0.0,0.0,0.0,0.0,0.0,0.0,0.0,0.0,1,35.88,2.17
128,Europe,France,-,Desktop,2024-08-31,865.08,Aug,2024,0.0,865.08,0.0,0.0,0.0,0.0,0.0,0.0,0.0,0.0,0.0,0.0,0.0,0.0,0.0,0.0,0.0,0.0,1,35.88,2.17
129,Europe,France,-,Desktop,2024-09-01,753.32,Sep,2024,0.0,0.0,0.0,0.0,0.0,0.0,0.0,0.0,753.32,0.0,0.0,0.0,0.0,0.0,0.0,0.0,0.0,0.0,1,35.88,2.17
130,Europe,France,-,Desktop,2024-09-02,4139.6900000000005,Sep,2024,0.0,0.0,0.0,0.0,0.0,0.0,0.0,0.0,4139.6900000000005,0.0,0.0,0.0,0.0,0.0,0.0,0.0,0.0,0.0,0,35.88,2.17
131,Europe,France,-,Desktop,2024-09-03,3859.879999999999,Sep,2024,0.0,0.0,0.0,0.0,0.0,0.0,0.0,0.0,3859.879999999999,0.0,0.0,0.0,0.0,0.0,0.0,0.0,0.0,0.0,0,35.88,2.17
132,Europe,France,-,Desktop,2024-09-04,2656.41,Sep,2024,0.0,0.0,0.0,0.0,0.0,0.0,0.0,0.0,2656.41,0.0,0.0,0.0,0.0,0.0,0.0,0.0,0.0,0.0,1,35.88,2.17
133,Europe,France,-,Desktop,2024-09-05,2362.4600000000005,Sep,2024,0.0,0.0,0.0,0.0,0.0,0.0,0.0,0.0,2362.4600000000005,0.0,0.0,0.0,0.0,0.0,0.0,0.0,0.0,0.0,1,35.88,2.17
134,Europe,France,-,Desktop,2024-09-06,2153.62,Sep,2024,0.0,0.0,0.0,0.0,0.0,0.0,0.0,0.0,2153.62,0.0,0.0,0.0,0.0,0.0,0.0,0.0,0.0,0.0,1,35.88,2.17
135,Europe,France,-,Desktop,2024-09-07,461.19000000000005,Sep,2024,0.0,0.0,0.0,0.0,0.0,0.0,0.0,0.0,461.19000000000005,0.0,0.0,0.0,0.0,0.0,0.0,0.0,0.0,0.0,1,35.88,2.17
136,Europe,France,-,Desktop,2024-09-08,527.19,Sep,2024,0.0,0.0,0.0,0.0,0.0,0.0,0.0,0.0,527.19,0.0,0.0,0.0,0.0,0.0,0.0,0.0,0.0,0.0,1,35.88,2.17
137,Europe,France,-,Desktop,2024-09-09,2589.5299999999997,Sep,2024,0.0,0.0,0.0,0.0,0.0,0.0,0.0,0.0,2589.5299999999997,0.0,0.0,0.0,0.0,0.0,0.0,0.0,0.0,0.0,0,35.88,2.17
138,Europe,France,-,Desktop,2024-09-10,2865.3399999999997,Sep,2024,0.0,0.0,0.0,0.0,0.0,0.0,0.0,0.0,2865.3399999999997,0.0,0.0,0.0,0.0,0.0,0.0,0.0,0.0,0.0,0,35.88,2.17
139,Europe,France,-,Desktop,2024-09-11,2889.73,Sep,2024,0.0,0.0,0.0,0.0,0.0,0.0,0.0,0.0,2889.73,0.0,0.0,0.0,0.0,0.0,0.0,0.0,0.0,0.0,1,35.88,2.17
140,Europe,France,-,Desktop,2024-09-12,2358.8100000000004,Sep,2024,0.0,0.0,0.0,0.0,0.0,0.0,0.0,0.0,2358.8100000000004,0.0,0.0,0.0,0.0,0.0,0.0,0.0,0.0,0.0,1,35.88,2.17
141,Europe,France,-,Desktop,2024-09-13,2181.91,Sep,2024,0.0,0.0,0.0,0.0,0.0,0.0,0.0,0.0,2181.91,0.0,0.0,0.0,0.0,0.0,0.0,0.0,0.0,0.0,1,35.88,2.17
142,Europe,France,-,Desktop,2024-09-14,557.6400000000001,Sep,2024,0.0,0.0,0.0,0.0,0.0,0.0,0.0,0.0,557.6400000000001,0.0,0.0,0.0,0.0,0.0,0.0,0.0,0.0,0.0,1,35.88,2.17
143,Europe,France,-,Desktop,2024-09-15,501.04999999999995,Sep,2024,0.0,0.0,0.0,0.0,0.0,0.0,0.0,0.0,501.04999999999995,0.0,0.0,0.0,0.0,0.0,0.0,0.0,0.0,0.0,1,35.88,2.17
144,Europe,France,-,Desktop,2024-09-16,2390.01,Sep,2024,0.0,0.0,0.0,0.0,0.0,0.0,0.0,0.0,2390.01,0.0,0.0,0.0,0.0,0.0,0.0,0.0,0.0,0.0,0,35.88,2.17
145,Europe,France,-,Desktop,2024-09-17,2276.3599999999997,Sep,2024,0.0,0.0,0.0,0.0,0.0,0.0,0.0,0.0,2276.3599999999997,0.0,0.0,0.0,0.0,0.0,0.0,0.0,0.0,0.0,0,35.88,2.17
146,Europe,France,-,Desktop,2024-09-18,2825.9,Sep,2024,0.0,0.0,0.0,0.0,0.0,0.0,0.0,0.0,2825.9,0.0,0.0,0.0,0.0,0.0,0.0,0.0,0.0,0.0,1,35.88,2.17
147,Europe,France,-,Desktop,2024-09-19,2821.24,Sep,2024,0.0,0.0,0.0,0.0,0.0,0.0,0.0,0.0,2821.24,0.0,0.0,0.0,0.0,0.0,0.0,0.0,0.0,0.0,1,35.88,2.17
148,Europe,France,-,Desktop,2024-09-20,2870.26,Sep,2024,0.0,0.0,0.0,0.0,0.0,0.0,0.0,0.0,2870.26,0.0,0.0,0.0,0.0,0.0,0.0,0.0,0.0,0.0,1,35.88,2.17
149,Europe,France,-,Desktop,2024-09-21,858.1400000000002,Sep,2024,0.0,0.0,0.0,0.0,0.0,0.0,0.0,0.0,858.1400000000002,0.0,0.0,0.0,0.0,0.0,0.0,0.0,0.0,0.0,1,35.88,2.17
150,Europe,France,-,Desktop,2024-09-22,778.8400000000001,Sep,2024,0.0,0.0,0.0,0.0,0.0,0.0,0.0,0.0,778.8400000000001,0.0,0.0,0.0,0.0,0.0,0.0,0.0,0.0,0.0,1,35.88,2.17
151,Europe,France,-,Desktop,2024-09-23,3439.7000000000007,Sep,2024,0.0,0.0,0.0,0.0,0.0,0.0,0.0,0.0,3439.7000000000007,0.0,0.0,0.0,0.0,0.0,0.0,0.0,0.0,0.0,0,35.88,2.17
152,Europe,France,-,Desktop,2024-09-24,3489.9699999999993,Sep,2024,0.0,0.0,0.0,0.0,0.0,0.0,0.0,0.0,3489.9699999999993,0.0,0.0,0.0,0.0,0.0,0.0,0.0,0.0,0.0,0,35.88,2.17
153,Europe,France,-,Desktop,2024-09-25,3293.9300000000007,Sep,2024,0.0,0.0,0.0,0.0,0.0,0.0,0.0,0.0,3293.9300000000007,0.0,0.0,0.0,0.0,0.0,0.0,0.0,0.0,0.0,1,35.88,2.17
154,Europe,France,-,Desktop,2024-09-26,2998.12,Sep,2024,0.0,0.0,0.0,0.0,0.0,0.0,0.0,0.0,2998.12,0.0,0.0,0.0,0.0,0.0,0.0,0.0,0.0,0.0,1,35.88,2.17
155,Europe,France,-,Desktop,2024-09-27,3686.5100000000007,Sep,2024,0.0,0.0,0.0,0.0,0.0,0.0,0.0,0.0,3686.5100000000007,0.0,0.0,0.0,0.0,0.0,0.0,0.0,0.0,0.0,1,35.88,2.17
156,Europe,France,-,Desktop,2024-09-28,1161.4,Sep,2024,0.0,0.0,0.0,0.0,0.0,0.0,0.0,0.0,1161.4,0.0,0.0,0.0,0.0,0.0,0.0,0.0,0.0,0.0,1,35.88,2.17
157,Europe,France,-,Desktop,2024-09-29,1036.7,Sep,2024,0.0,0.0,0.0,0.0,0.0,0.0,0.0,0.0,1036.7,0.0,0.0,0.0,0.0,0.0,0.0,0.0,0.0,0.0,1,35.88,2.17
158,Europe,France,-,Desktop,2024-09-30,6139.110000000001,Sep,2024,0.0,0.0,0.0,0.0,0.0,0.0,0.0,0.0,6139.110000000001,0.0,0.0,0.0,0.0,0.0,0.0,0.0,0.0,0.0,0,35.88,2.17
159,Europe,France,-,Desktop,2024-10-01,3798.9199999999996,Oct,2024,0.0,0.0,0.0,0.0,0.0,0.0,0.0,3798.9199999999996,0.0,0.0,0.0,0.0,0.0,0.0,0.0,0.0,0.0,0.0,0,35.88,2.17
160,Europe,France,-,Desktop,2024-10-02,4659.280000000001,Oct,2024,0.0,0.0,0.0,0.0,0.0,0.0,0.0,4659.280000000001,0.0,0.0,0.0,0.0,0.0,0.0,0.0,0.0,0.0,0.0,1,35.88,2.17
161,Europe,France,-,Desktop,2024-10-03,3084.8999999999996,Oct,2024,0.0,0.0,0.0,0.0,0.0,0.0,0.0,3084.8999999999996,0.0,0.0,0.0,0.0,0.0,0.0,0.0,0.0,0.0,0.0,1,35.88,2.17
162,Europe,France,-,Desktop,2024-10-04,2387.1400000000003,Oct,2024,0.0,0.0,0.0,0.0,0.0,0.0,0.0,2387.1400000000003,0.0,0.0,0.0,0.0,0.0,0.0,0.0,0.0,0.0,0.0,1,35.88,2.17
163,Europe,France,-,Desktop,2024-10-05,567.5600000000001,Oct,2024,0.0,0.0,0.0,0.0,0.0,0.0,0.0,567.5600000000001,0.0,0.0,0.0,0.0,0.0,0.0,0.0,0.0,0.0,0.0,1,35.88,2.17
164,Europe,France,-,Desktop,2024-10-06,460.14,Oct,2024,0.0,0.0,0.0,0.0,0.0,0.0,0.0,460.14,0.0,0.0,0.0,0.0,0.0,0.0,0.0,0.0,0.0,0.0,1,35.88,2.17
165,Europe,France,-,Desktop,2024-10-07,2875.21,Oct,2024,0.0,0.0,0.0,0.0,0.0,0.0,0.0,2875.21,0.0,0.0,0.0,0.0,0.0,0.0,0.0,0.0,0.0,0.0,0,35.88,2.17
166,Europe,France,-,Desktop,2024-10-08,2672.96,Oct,2024,0.0,0.0,0.0,0.0,0.0,0.0,0.0,2672.96,0.0,0.0,0.0,0.0,0.0,0.0,0.0,0.0,0.0,0.0,0,35.88,2.17
167,Europe,France,-,Desktop,2024-10-09,2994.59,Oct,2024,0.0,0.0,0.0,0.0,0.0,0.0,0.0,2994.59,0.0,0.0,0.0,0.0,0.0,0.0,0.0,0.0,0.0,0.0,1,35.88,2.17
168,Europe,France,-,Desktop,2024-10-10,3879.12,Oct,2024,0.0,0.0,0.0,0.0,0.0,0.0,0.0,3879.12,0.0,0.0,0.0,0.0,0.0,0.0,0.0,0.0,0.0,0.0,1,35.88,2.17
169,Europe,France,-,Desktop,2024-10-11,6057.0199999999995,Oct,2024,0.0,0.0,0.0,0.0,0.0,0.0,0.0,6057.0199999999995,0.0,0.0,0.0,0.0,0.0,0.0,0.0,0.0,0.0,0.0,1,35.88,2.17
170,Europe,France,-,Desktop,2024-10-12,1825.2600000000002,Oct,2024,0.0,0.0,0.0,0.0,0.0,0.0,0.0,1825.2600000000002,0.0,0.0,0.0,0.0,0.0,0.0,0.0,0.0,0.0,0.0,1,35.88,2.17
171,Europe,France,-,Desktop,2024-10-13,1323.0700000000002,Oct,2024,0.0,0.0,0.0,0.0,0.0,0.0,0.0,1323.0700000000002,0.0,0.0,0.0,0.0,0.0,0.0,0.0,0.0,0.0,0.0,1,35.88,2.17
172,Europe,France,-,Desktop,2024-10-14,5421.280000000001,Oct,2024,0.0,0.0,0.0,0.0,0.0,0.0,0.0,5421.280000000001,0.0,0.0,0.0,0.0,0.0,0.0,0.0,0.0,0.0,0.0,0,35.88,2.17
173,Europe,France,-,Desktop,2024-10-15,2495.4900000000002,Oct,2024,0.0,0.0,0.0,0.0,0.0,0.0,0.0,2495.4900000000002,0.0,0.0,0.0,0.0,0.0,0.0,0.0,0.0,0.0,0.0,0,35.88,2.17
174,Europe,France,-,Desktop,2024-10-16,2257.7799999999993,Oct,2024,0.0,0.0,0.0,0.0,0.0,0.0,0.0,2257.7799999999993,0.0,0.0,0.0,0.0,0.0,0.0,0.0,0.0,0.0,0.0,1,35.88,2.17
175,Europe,France,-,Desktop,2024-10-17,2334.100000000001,Oct,2024,0.0,0.0,0.0,0.0,0.0,0.0,0.0,2334.100000000001,0.0,0.0,0.0,0.0,0.0,0.0,0.0,0.0,0.0,0.0,1,35.88,2.17
176,Europe,France,-,Desktop,2024-10-18,2086.58,Oct,2024,0.0,0.0,0.0,0.0,0.0,0.0,0.0,2086.58,0.0,0.0,0.0,0.0,0.0,0.0,0.0,0.0,0.0,0.0,1,35.88,2.17
177,Europe,France,-,Desktop,2024-10-19,487.50999999999993,Oct,2024,0.0,0.0,0.0,0.0,0.0,0.0,0.0,487.50999999999993,0.0,0.0,0.0,0.0,0.0,0.0,0.0,0.0,0.0,0.0,1,35.88,2.17
178,Europe,France,-,Desktop,2024-10-20,446.59,Oct,2024,0.0,0.0,0.0,0.0,0.0,0.0,0.0,446.59,0.0,0.0,0.0,0.0,0.0,0.0,0.0,0.0,0.0,0.0,1,35.88,2.17
179,Europe,France,-,Desktop,2024-10-21,2609.0799999999995,Oct,2024,0.0,0.0,0.0,0.0,0.0,0.0,0.0,2609.0799999999995,0.0,0.0,0.0,0.0,0.0,0.0,0.0,0.0,0.0,0.0,0,35.88,2.17
180,Europe,France,-,Desktop,2024-10-22,2704.5799999999995,Oct,2024,0.0,0.0,0.0,0.0,0.0,0.0,0.0,2704.5799999999995,0.0,0.0,0.0,0.0,0.0,0.0,0.0,0.0,0.0,0.0,0,35.88,2.17
181,Europe,France,-,Desktop,2024-10-23,2497.8299999999995,Oct,2024,0.0,0.0,0.0,0.0,0.0,0.0,0.0,2497.8299999999995,0.0,0.0,0.0,0.0,0.0,0.0,0.0,0.0,0.0,0.0,1,35.88,2.17
182,Europe,France,-,Desktop,2024-10-24,2869.56,Oct,2024,0.0,0.0,0.0,0.0,0.0,0.0,0.0,2869.56,0.0,0.0,0.0,0.0,0.0,0.0,0.0,0.0,0.0,0.0,1,35.88,2.17
183,Europe,France,-,Desktop,2024-10-25,2810.5699999999997,Oct,2024,0.0,0.0,0.0,0.0,0.0,0.0,0.0,2810.5699999999997,0.0,0.0,0.0,0.0,0.0,0.0,0.0,0.0,0.0,0.0,1,35.88,2.17
184,Europe,France,-,Desktop,2024-10-26,825.3399999999999,Oct,2024,0.0,0.0,0.0,0.0,0.0,0.0,0.0,825.3399999999999,0.0,0.0,0.0,0.0,0.0,0.0,0.0,0.0,0.0,0.0,1,35.88,2.17
185,Europe,France,-,Desktop,2024-10-27,731.2700000000001,Oct,2024,0.0,0.0,0.0,0.0,0.0,0.0,0.0,731.2700000000001,0.0,0.0,0.0,0.0,0.0,0.0,0.0,0.0,0.0,0.0,1,35.88,2.17
186,Europe,France,-,Desktop,2024-10-28,3539.27,Oct,2024,0.0,0.0,0.0,0.0,0.0,0.0,0.0,3539.27,0.0,0.0,0.0,0.0,0.0,0.0,0.0,0.0,0.0,0.0,0,35.88,2.17
187,Europe,France,-,Desktop,2024-10-29,3052.4099999999994,Oct,2024,0.0,0.0,0.0,0.0,0.0,0.0,0.0,3052.4099999999994,0.0,0.0,0.0,0.0,0.0,0.0,0.0,0.0,0.0,0.0,0,35.88,2.17
188,Europe,France,-,Desktop,2024-10-30,1157.41,Oct,2024,0.0,0.0,0.0,0.0,0.0,0.0,0.0,1157.41,0.0,0.0,0.0,0.0,0.0,0.0,0.0,0.0,0.0,0.0,1,35.88,2.17
189,Europe,France,-,Desktop,2024-10-31,3484.9800000000005,Oct,2024,0.0,0.0,0.0,0.0,0.0,0.0,0.0,3484.9800000000005,0.0,0.0,0.0,0.0,0.0,0.0,0.0,0.0,0.0,0.0,1,35.88,2.17
190,Europe,France,-,Desktop,2024-11-01,2644.6000000000004,Nov,2024,0.0,0.0,0.0,0.0,0.0,0.0,2644.6000000000004,0.0,0.0,0.0,0.0,0.0,0.0,0.0,0.0,0.0,0.0,0.0,1,35.88,2.17
191,Europe,France,-,Desktop,2024-11-02,779.5200000000002,Nov,2024,0.0,0.0,0.0,0.0,0.0,0.0,779.5200000000002,0.0,0.0,0.0,0.0,0.0,0.0,0.0,0.0,0.0,0.0,0.0,1,35.88,2.17
192,Europe,France,-,Desktop,2024-11-03,794.85,Nov,2024,0.0,0.0,0.0,0.0,0.0,0.0,794.85,0.0,0.0,0.0,0.0,0.0,0.0,0.0,0.0,0.0,0.0,0.0,1,35.88,2.17
193,Europe,France,-,Desktop,2024-11-04,3817.74,Nov,2024,0.0,0.0,0.0,0.0,0.0,0.0,3817.74,0.0,0.0,0.0,0.0,0.0,0.0,0.0,0.0,0.0,0.0,0.0,0,35.88,2.17
194,Europe,France,-,Desktop,2024-11-05,3772.6699999999996,Nov,2024,0.0,0.0,0.0,0.0,0.0,0.0,3772.6699999999996,0.0,0.0,0.0,0.0,0.0,0.0,0.0,0.0,0.0,0.0,0.0,0,35.88,2.17
195,Europe,France,-,Desktop,2024-11-06,3431.6200000000003,Nov,2024,0.0,0.0,0.0,0.0,0.0,0.0,3431.6200000000003,0.0,0.0,0.0,0.0,0.0,0.0,0.0,0.0,0.0,0.0,0.0,1,35.88,2.17
196,Europe,France,-,Desktop,2024-11-07,3545.22,Nov,2024,0.0,0.0,0.0,0.0,0.0,0.0,3545.22,0.0,0.0,0.0,0.0,0.0,0.0,0.0,0.0,0.0,0.0,0.0,1,35.88,2.17
197,Europe,France,-,Desktop,2024-11-08,6216.52,Nov,2024,0.0,0.0,0.0,0.0,0.0,0.0,6216.52,0.0,0.0,0.0,0.0,0.0,0.0,0.0,0.0,0.0,0.0,0.0,1,35.88,2.17
198,Europe,France,-,Desktop,2024-11-09,2104.7599999999998,Nov,2024,0.0,0.0,0.0,0.0,0.0,0.0,2104.7599999999998,0.0,0.0,0.0,0.0,0.0,0.0,0.0,0.0,0.0,0.0,0.0,1,35.88,2.17
199,Europe,France,-,Desktop,2024-11-10,1592.3399999999997,Nov,2024,0.0,0.0,0.0,0.0,0.0,0.0,1592.3399999999997,0.0,0.0,0.0,0.0,0.0,0.0,0.0,0.0,0.0,0.0,0.0,1,35.88,2.17
200,Europe,France,-,Desktop,2024-11-11,6828.310000000001,Nov,2024,0.0,0.0,0.0,0.0,0.0,0.0,6828.310000000001,0.0,0.0,0.0,0.0,0.0,0.0,0.0,0.0,0.0,0.0,0.0,0,35.88,2.17
201,Europe,France,-,Desktop,2024-11-12,6000.71,Nov,2024,0.0,0.0,0.0,0.0,0.0,0.0,6000.71,0.0,0.0,0.0,0.0,0.0,0.0,0.0,0.0,0.0,0.0,0.0,0,35.88,2.17
202,Europe,France,-,Desktop,2024-11-13,3728.16,Nov,2024,0.0,0.0,0.0,0.0,0.0,0.0,3728.16,0.0,0.0,0.0,0.0,0.0,0.0,0.0,0.0,0.0,0.0,0.0,1,35.88,2.17
203,Europe,France,-,Desktop,2024-11-14,3660.14,Nov,2024,0.0,0.0,0.0,0.0,0.0,0.0,3660.14,0.0,0.0,0.0,0.0,0.0,0.0,0.0,0.0,0.0,0.0,0.0,1,35.88,2.17
204,Europe,France,-,Desktop,2024-11-15,2977.92,Nov,2024,0.0,0.0,0.0,0.0,0.0,0.0,2977.92,0.0,0.0,0.0,0.0,0.0,0.0,0.0,0.0,0.0,0.0,0.0,1,35.88,2.17
205,Europe,France,-,Desktop,2024-11-16,1028.2200000000003,Nov,2024,0.0,0.0,0.0,0.0,0.0,0.0,1028.2200000000003,0.0,0.0,0.0,0.0,0.0,0.0,0.0,0.0,0.0,0.0,0.0,1,35.88,2.17
206,Europe,France,-,Desktop,2024-11-17,885.3900000000001,Nov,2024,0.0,0.0,0.0,0.0,0.0,0.0,885.3900000000001,0.0,0.0,0.0,0.0,0.0,0.0,0.0,0.0,0.0,0.0,0.0,1,35.88,2.17
207,Europe,France,-,Desktop,2024-11-18,4628.089999999998,Nov,2024,0.0,0.0,0.0,0.0,0.0,0.0,4628.089999999998,0.0,0.0,0.0,0.0,0.0,0.0,0.0,0.0,0.0,0.0,0.0,0,35.88,2.17
208,Europe,France,-,Desktop,2024-11-19,4616.84,Nov,2024,0.0,0.0,0.0,0.0,0.0,0.0,4616.84,0.0,0.0,0.0,0.0,0.0,0.0,0.0,0.0,0.0,0.0,0.0,0,35.88,2.17
209,Europe,France,-,Desktop,2024-11-20,4606.130000000001,Nov,2024,0.0,0.0,0.0,0.0,0.0,0.0,4606.130000000001,0.0,0.0,0.0,0.0,0.0,0.0,0.0,0.0,0.0,0.0,0.0,1,35.88,2.17
210,Europe,France,-,Desktop,2024-11-21,3991.4599999999996,Nov,2024,0.0,0.0,0.0,0.0,0.0,0.0,3991.4599999999996,0.0,0.0,0.0,0.0,0.0,0.0,0.0,0.0,0.0,0.0,0.0,1,35.88,2.17
211,Europe,France,-,Desktop,2024-11-22,3932.28,Nov,2024,0.0,0.0,0.0,0.0,0.0,0.0,3932.28,0.0,0.0,0.0,0.0,0.0,0.0,0.0,0.0,0.0,0.0,0.0,1,35.88,2.17
212,Europe,France,-,Desktop,2024-11-23,1018.1800000000001,Nov,2024,0.0,0.0,0.0,0.0,0.0,0.0,1018.1800000000001,0.0,0.0,0.0,0.0,0.0,0.0,0.0,0.0,0.0,0.0,0.0,1,35.88,2.17
213,Europe,France,-,Desktop,2024-11-24,1118.72,Nov,2024,0.0,0.0,0.0,0.0,0.0,0.0,1118.72,0.0,0.0,0.0,0.0,0.0,0.0,0.0,0.0,0.0,0.0,0.0,1,35.88,2.17
214,Europe,France,-,Desktop,2024-11-25,5544.16,Nov,2024,0.0,0.0,0.0,0.0,0.0,0.0,5544.16,0.0,0.0,0.0,0.0,0.0,0.0,0.0,0.0,0.0,0.0,0.0,0,35.88,2.17
215,Europe,France,-,Desktop,2024-11-26,5191.87,Nov,2024,0.0,0.0,0.0,0.0,0.0,0.0,5191.87,0.0,0.0,0.0,0.0,0.0,0.0,0.0,0.0,0.0,0.0,0.0,0,35.88,2.17
216,Europe,France,-,Desktop,2024-11-27,5182.820000000001,Nov,2024,0.0,0.0,0.0,0.0,0.0,0.0,5182.820000000001,0.0,0.0,0.0,0.0,0.0,0.0,0.0,0.0,0.0,0.0,0.0,1,35.88,2.17
217,Europe,France,-,Desktop,2024-11-28,4833.039999999998,Nov,2024,0.0,0.0,0.0,0.0,0.0,0.0,4833.039999999998,0.0,0.0,0.0,0.0,0.0,0.0,0.0,0.0,0.0,0.0,0.0,1,35.88,2.17
218,Europe,France,-,Desktop,2024-11-29,4311.2300000000005,Nov,2024,0.0,0.0,0.0,0.0,0.0,0.0,4311.2300000000005,0.0,0.0,0.0,0.0,0.0,0.0,0.0,0.0,0.0,0.0,0.0,1,35.88,2.17
219,Europe,France,-,Desktop,2024-11-30,1233.22,Nov,2024,0.0,0.0,0.0,0.0,0.0,0.0,1233.22,0.0,0.0,0.0,0.0,0.0,0.0,0.0,0.0,0.0,0.0,0.0,1,35.88,2.17
220,Europe,France,-,Desktop,2024-12-01,1207.5199999999998,Dec,2024,0.0,0.0,1207.5199999999998,0.0,0.0,0.0,0.0,0.0,0.0,0.0,0.0,0.0,0.0,0.0,0.0,0.0,0.0,0.0,1,35.88,2.17
221,Europe,France,-,Desktop,2024-12-02,5222.47,Dec,2024,0.0,0.0,5222.47,0.0,0.0,0.0,0.0,0.0,0.0,0.0,0.0,0.0,0.0,0.0,0.0,0.0,0.0,0.0,0,35.88,2.17
222,Europe,France,-,Desktop,2024-12-03,6335.960000000001,Dec,2024,0.0,0.0,6335.960000000001,0.0,0.0,0.0,0.0,0.0,0.0,0.0,0.0,0.0,0.0,0.0,0.0,0.0,0.0,0.0,0,35.88,2.17
223,Europe,France,-,Desktop,2024-12-04,10961.200000000003,Dec,2024,0.0,0.0,10961.200000000003,0.0,0.0,0.0,0.0,0.0,0.0,0.0,0.0,0.0,0.0,0.0,0.0,0.0,0.0,0.0,1,35.88,2.17
224,Europe,France,-,Desktop,2024-12-05,9225.299999999997,Dec,2024,0.0,0.0,9225.299999999997,0.0,0.0,0.0,0.0,0.0,0.0,0.0,0.0,0.0,0.0,0.0,0.0,0.0,0.0,0.0,1,35.88,2.17
225,Europe,France,-,Desktop,2024-12-06,7673.650000000001,Dec,2024,0.0,0.0,7673.650000000001,0.0,0.0,0.0,0.0,0.0,0.0,0.0,0.0,0.0,0.0,0.0,0.0,0.0,0.0,0.0,1,35.88,2.17
226,Europe,France,-,Desktop,2024-12-07,1605.6999999999998,Dec,2024,0.0,0.0,1605.6999999999998,0.0,0.0,0.0,0.0,0.0,0.0,0.0,0.0,0.0,0.0,0.0,0.0,0.0,0.0,0.0,1,35.88,2.17
227,Europe,France,-,Desktop,2024-12-08,1329.72,Dec,2024,0.0,0.0,1329.72,0.0,0.0,0.0,0.0,0.0,0.0,0.0,0.0,0.0,0.0,0.0,0.0,0.0,0.0,0.0,1,35.88,2.17
228,Europe,France,-,Desktop,2024-12-09,8089.900000000001,Dec,2024,0.0,0.0,8089.900000000001,0.0,0.0,0.0,0.0,0.0,0.0,0.0,0.0,0.0,0.0,0.0,0.0,0.0,0.0,0.0,0,35.88,2.17
229,Europe,France,-,Desktop,2024-12-10,7989.899999999999,Dec,2024,0.0,0.0,7989.899999999999,0.0,0.0,0.0,0.0,0.0,0.0,0.0,0.0,0.0,0.0,0.0,0.0,0.0,0.0,0.0,0,35.88,2.17
230,Europe,France,-,Desktop,2024-12-11,9709.920000000002,Dec,2024,0.0,0.0,9709.920000000002,0.0,0.0,0.0,0.0,0.0,0.0,0.0,0.0,0.0,0.0,0.0,0.0,0.0,0.0,0.0,1,35.88,2.17
231,Europe,France,-,Desktop,2024-12-12,9852.91,Dec,2024,0.0,0.0,9852.91,0.0,0.0,0.0,0.0,0.0,0.0,0.0,0.0,0.0,0.0,0.0,0.0,0.0,0.0,0.0,1,35.88,2.17
232,Europe,France,-,Desktop,2024-12-13,9350.28,Dec,2024,0.0,0.0,9350.28,0.0,0.0,0.0,0.0,0.0,0.0,0.0,0.0,0.0,0.0,0.0,0.0,0.0,0.0,0.0,1,35.88,2.17
233,Europe,France,-,Desktop,2024-12-14,2183.69,Dec,2024,0.0,0.0,2183.69,0.0,0.0,0.0,0.0,0.0,0.0,0.0,0.0,0.0,0.0,0.0,0.0,0.0,0.0,0.0,1,35.88,2.17
234,Europe,France,-,Desktop,2024-12-15,1861.5500000000002,Dec,2024,0.0,0.0,1861.5500000000002,0.0,0.0,0.0,0.0,0.0,0.0,0.0,0.0,0.0,0.0,0.0,0.0,0.0,0.0,0.0,1,35.88,2.17
235,Europe,France,-,Desktop,2024-12-16,10273.31,Dec,2024,0.0,0.0,10273.31,0.0,0.0,0.0,0.0,0.0,0.0,0.0,0.0,0.0,0.0,0.0,0.0,0.0,0.0,0.0,0,35.88,2.17
236,Europe,France,-,Desktop,2024-12-17,7528.9,Dec,2024,0.0,0.0,7528.9,0.0,0.0,0.0,0.0,0.0,0.0,0.0,0.0,0.0,0.0,0.0,0.0,0.0,0.0,0.0,0,35.88,2.17
237,Europe,France,-,Desktop,2024-12-18,5468.88,Dec,2024,0.0,0.0,5468.88,0.0,0.0,0.0,0.0,0.0,0.0,0.0,0.0,0.0,0.0,0.0,0.0,0.0,0.0,0.0,1,35.88,2.17
238,Europe,France,-,Desktop,2024-12-19,5109.82,Dec,2024,0.0,0.0,5109.82,0.0,0.0,0.0,0.0,0.0,0.0,0.0,0.0,0.0,0.0,0.0,0.0,0.0,0.0,0.0,1,35.88,2.17
239,Europe,France,-,Desktop,2024-12-20,7661.7300000000005,Dec,2024,0.0,0.0,7661.7300000000005,0.0,0.0,0.0,0.0,0.0,0.0,0.0,0.0,0.0,0.0,0.0,0.0,0.0,0.0,0.0,1,35.88,2.17
240,Europe,France,-,Desktop,2024-12-21,1691.5600000000002,Dec,2024,0.0,0.0,1691.5600000000002,0.0,0.0,0.0,0.0,0.0,0.0,0.0,0.0,0.0,0.0,0.0,0.0,0.0,0.0,0.0,1,35.88,2.17
241,Europe,France,-,Desktop,2024-12-22,565.3999999999999,Dec,2024,0.0,0.0,565.3999999999999,0.0,0.0,0.0,0.0,0.0,0.0,0.0,0.0,0.0,0.0,0.0,0.0,0.0,0.0,0.0,1,35.88,2.17
242,Europe,France,-,Desktop,2024-12-23,2907.1051428571427,Dec,2024,0.0,0.0,2907.1051428571427,0.0,0.0,0.0,0.0,0.0,0.0,0.0,0.0,0.0,0.0,0.0,0.0,0.0,0.0,0.0,0,35.88,2.17
243,Europe,France,-,Desktop,2024-12-24,2907.1051428571427,Dec,2024,0.0,0.0,2907.1051428571427,0.0,0.0,0.0,0.0,0.0,0.0,0.0,0.0,0.0,0.0,0.0,0.0,0.0,0.0,0.0,0,35.88,2.17
244,Europe,France,-,Desktop,2024-12-25,913.8999999999999,Dec,2024,0.0,0.0,913.8999999999999,0.0,0.0,0.0,0.0,0.0,0.0,0.0,0.0,0.0,0.0,0.0,0.0,0.0,0.0,0.0,1,35.88,2.17
245,Europe,France,-,Desktop,2024-12-26,2907.1051428571427,Dec,2024,0.0,0.0,2907.1051428571427,0.0,0.0,0.0,0.0,0.0,0.0,0.0,0.0,0.0,0.0,0.0,0.0,0.0,0.0,0.0,1,35.88,2.17
246,Europe,France,-,Desktop,2024-12-27,2907.1051428571427,Dec,2024,0.0,0.0,2907.1051428571427,0.0,0.0,0.0,0.0,0.0,0.0,0.0,0.0,0.0,0.0,0.0,0.0,0.0,0.0,0.0,1,35.88,2.17
247,Europe,France,-,Desktop,2024-12-28,2907.1051428571427,Dec,2024,0.0,0.0,2907.1051428571427,0.0,0.0,0.0,0.0,0.0,0.0,0.0,0.0,0.0,0.0,0.0,0.0,0.0,0.0,0.0,1,35.88,2.17
248,Europe,France,-,Desktop,2024-12-29,2907.1051428571427,Dec,2024,0.0,0.0,2907.1051428571427,0.0,0.0,0.0,0.0,0.0,0.0,0.0,0.0,0.0,0.0,0.0,0.0,0.0,0.0,0.0,1,35.88,2.17
249,Europe,France,-,Desktop,2024-12-30,489.4799999999999,Dec,2024,0.0,0.0,489.4799999999999,0.0,0.0,0.0,0.0,0.0,0.0,0.0,0.0,0.0,0.0,0.0,0.0,0.0,0.0,0.0,0,35.88,2.17
250,Europe,France,-,Desktop,2024-12-31,2184.33,Dec,2024,0.0,0.0,2184.33,0.0,0.0,0.0,0.0,0.0,0.0,0.0,0.0,0.0,0.0,0.0,0.0,0.0,0.0,0.0,0,35.88,2.17
251,Europe,France,-,Mobile & Tablet,2024-04-25,368.32000000000005,Apr,2024,0.0,0.0,0.0,0.0,0.0,0.0,0.0,0.0,0.0,368.32000000000005,0.0,0.0,0.0,0.0,0.0,0.0,0.0,0.0,1,30.68,0.48
252,Europe,France,-,Mobile & Tablet,2024-04-26,593.1300000000001,Apr,2024,0.0,0.0,0.0,0.0,0.0,0.0,0.0,0.0,0.0,593.1300000000001,0.0,0.0,0.0,0.0,0.0,0.0,0.0,0.0,1,30.68,0.48
253,Europe,France,-,Mobile & Tablet,2024-04-27,167.23000000000002,Apr,2024,0.0,0.0,0.0,0.0,0.0,0.0,0.0,0.0,0.0,167.23000000000002,0.0,0.0,0.0,0.0,0.0,0.0,0.0,0.0,1,30.68,0.48
254,Europe,France,-,Mobile & Tablet,2024-04-28,100.21999999999998,Apr,2024,0.0,0.0,0.0,0.0,0.0,0.0,0.0,0.0,0.0,100.21999999999998,0.0,0.0,0.0,0.0,0.0,0.0,0.0,0.0,1,30.68,0.48
255,Europe,France,-,Mobile & Tablet,2024-04-29,165.64,Apr,2024,0.0,0.0,0.0,0.0,0.0,0.0,0.0,0.0,0.0,165.64,0.0,0.0,0.0,0.0,0.0,0.0,0.0,0.0,0,30.68,0.48
256,Europe,France,-,Mobile & Tablet,2024-04-30,292.8,Apr,2024,0.0,0.0,0.0,0.0,0.0,0.0,0.0,0.0,0.0,292.8,0.0,0.0,0.0,0.0,0.0,0.0,0.0,0.0,0,30.68,0.48
257,Europe,France,-,Mobile & Tablet,2024-05-01,320.29999999999995,May,2024,0.0,0.0,0.0,0.0,0.0,0.0,0.0,0.0,0.0,0.0,0.0,0.0,0.0,0.0,320.29999999999995,0.0,0.0,0.0,1,30.68,0.48
258,Europe,France,-,Mobile & Tablet,2024-05-02,310.71000000000004,May,2024,0.0,0.0,0.0,0.0,0.0,0.0,0.0,0.0,0.0,0.0,0.0,0.0,0.0,0.0,310.71000000000004,0.0,0.0,0.0,1,30.68,0.48
259,Europe,France,-,Mobile & Tablet,2024-05-03,337.02,May,2024,0.0,0.0,0.0,0.0,0.0,0.0,0.0,0.0,0.0,0.0,0.0,0.0,0.0,0.0,337.02,0.0,0.0,0.0,1,30.68,0.48
260,Europe,France,-,Mobile & Tablet,2024-05-04,200.85999999999996,May,2024,0.0,0.0,0.0,0.0,0.0,0.0,0.0,0.0,0.0,0.0,0.0,0.0,0.0,0.0,200.85999999999996,0.0,0.0,0.0,1,30.68,0.48
261,Europe,France,-,Mobile & Tablet,2024-05-05,106.45000000000002,May,2024,0.0,0.0,0.0,0.0,0.0,0.0,0.0,0.0,0.0,0.0,0.0,0.0,0.0,0.0,106.45000000000002,0.0,0.0,0.0,1,30.68,0.48
262,Europe,France,-,Mobile & Tablet,2024-05-06,194.81,May,2024,0.0,0.0,0.0,0.0,0.0,0.0,0.0,0.0,0.0,0.0,0.0,0.0,0.0,0.0,194.81,0.0,0.0,0.0,0,30.68,0.48
263,Europe,France,-,Mobile & Tablet,2024-05-07,344.76000000000005,May,2024,0.0,0.0,0.0,0.0,0.0,0.0,0.0,0.0,0.0,0.0,0.0,0.0,0.0,0.0,344.76000000000005,0.0,0.0,0.0,0,30.68,0.48
264,Europe,France,-,Mobile & Tablet,2024-05-08,346.96000000000004,May,2024,0.0,0.0,0.0,0.0,0.0,0.0,0.0,0.0,0.0,0.0,0.0,0.0,0.0,0.0,346.96000000000004,0.0,0.0,0.0,1,30.68,0.48
265,Europe,France,-,Mobile & Tablet,2024-05-09,299.53,May,2024,0.0,0.0,0.0,0.0,0.0,0.0,0.0,0.0,0.0,0.0,0.0,0.0,0.0,0.0,299.53,0.0,0.0,0.0,1,30.68,0.48
266,Europe,France,-,Mobile & Tablet,2024-05-10,262.79999999999995,May,2024,0.0,0.0,0.0,0.0,0.0,0.0,0.0,0.0,0.0,0.0,0.0,0.0,0.0,0.0,262.79999999999995,0.0,0.0,0.0,1,30.68,0.48
267,Europe,France,-,Mobile & Tablet,2024-05-11,136.45000000000002,May,2024,0.0,0.0,0.0,0.0,0.0,0.0,0.0,0.0,0.0,0.0,0.0,0.0,0.0,0.0,136.45000000000002,0.0,0.0,0.0,1,30.68,0.48
268,Europe,France,-,Mobile & Tablet,2024-05-12,122.28999999999999,May,2024,0.0,0.0,0.0,0.0,0.0,0.0,0.0,0.0,0.0,0.0,0.0,0.0,0.0,0.0,122.28999999999999,0.0,0.0,0.0,1,30.68,0.48
269,Europe,France,-,Mobile & Tablet,2024-05-13,277.8999999999999,May,2024,0.0,0.0,0.0,0.0,0.0,0.0,0.0,0.0,0.0,0.0,0.0,0.0,0.0,0.0,277.8999999999999,0.0,0.0,0.0,0,30.68,0.48
270,Europe,France,-,Mobile & Tablet,2024-05-14,277.47,May,2024,0.0,0.0,0.0,0.0,0.0,0.0,0.0,0.0,0.0,0.0,0.0,0.0,0.0,0.0,277.47,0.0,0.0,0.0,0,30.68,0.48
271,Europe,France,-,Mobile & Tablet,2024-05-15,274.50000000000006,May,2024,0.0,0.0,0.0,0.0,0.0,0.0,0.0,0.0,0.0,0.0,0.0,0.0,0.0,0.0,274.50000000000006,0.0,0.0,0.0,1,30.68,0.48
272,Europe,France,-,Mobile & Tablet,2024-05-16,188.87,May,2024,0.0,0.0,0.0,0.0,0.0,0.0,0.0,0.0,0.0,0.0,0.0,0.0,0.0,0.0,188.87,0.0,0.0,0.0,1,30.68,0.48
273,Europe,France,-,Mobile & Tablet,2024-05-17,262.76,May,2024,0.0,0.0,0.0,0.0,0.0,0.0,0.0,0.0,0.0,0.0,0.0,0.0,0.0,0.0,262.76,0.0,0.0,0.0,1,30.68,0.48
274,Europe,France,-,Mobile & Tablet,2024-05-18,164.86999999999998,May,2024,0.0,0.0,0.0,0.0,0.0,0.0,0.0,0.0,0.0,0.0,0.0,0.0,0.0,0.0,164.86999999999998,0.0,0.0,0.0,1,30.68,0.48
275,Europe,France,-,Mobile & Tablet,2024-05-19,122.28,May,2024,0.0,0.0,0.0,0.0,0.0,0.0,0.0,0.0,0.0,0.0,0.0,0.0,0.0,0.0,122.28,0.0,0.0,0.0,1,30.68,0.48
276,Europe,France,-,Mobile & Tablet,2024-05-20,429.80000000000007,May,2024,0.0,0.0,0.0,0.0,0.0,0.0,0.0,0.0,0.0,0.0,0.0,0.0,0.0,0.0,429.80000000000007,0.0,0.0,0.0,0,30.68,0.48
277,Europe,France,-,Mobile & Tablet,2024-05-21,339.55999999999995,May,2024,0.0,0.0,0.0,0.0,0.0,0.0,0.0,0.0,0.0,0.0,0.0,0.0,0.0,0.0,339.55999999999995,0.0,0.0,0.0,0,30.68,0.48
278,Europe,France,-,Mobile & Tablet,2024-05-22,352.69,May,2024,0.0,0.0,0.0,0.0,0.0,0.0,0.0,0.0,0.0,0.0,0.0,0.0,0.0,0.0,352.69,0.0,0.0,0.0,1,30.68,0.48
279,Europe,France,-,Mobile & Tablet,2024-05-23,253.65000000000003,May,2024,0.0,0.0,0.0,0.0,0.0,0.0,0.0,0.0,0.0,0.0,0.0,0.0,0.0,0.0,253.65000000000003,0.0,0.0,0.0,1,30.68,0.48
280,Europe,France,-,Mobile & Tablet,2024-05-24,254.24999999999997,May,2024,0.0,0.0,0.0,0.0,0.0,0.0,0.0,0.0,0.0,0.0,0.0,0.0,0.0,0.0,254.24999999999997,0.0,0.0,0.0,1,30.68,0.48
281,Europe,France,-,Mobile & Tablet,2024-05-25,22.9,May,2024,0.0,0.0,0.0,0.0,0.0,0.0,0.0,0.0,0.0,0.0,0.0,0.0,0.0,0.0,22.9,0.0,0.0,0.0,1,30.68,0.48
282,Europe,France,-,Mobile & Tablet,2024-05-26,4.83,May,2024,0.0,0.0,0.0,0.0,0.0,0.0,0.0,0.0,0.0,0.0,0.0,0.0,0.0,0.0,4.83,0.0,0.0,0.0,1,30.68,0.48
283,Europe,France,-,Mobile & Tablet,2024-05-27,8.22,May,2024,0.0,0.0,0.0,0.0,0.0,0.0,0.0,0.0,0.0,0.0,0.0,0.0,0.0,0.0,8.22,0.0,0.0,0.0,0,30.68,0.48
284,Europe,France,-,Mobile & Tablet,2024-05-28,23.07,May,2024,0.0,0.0,0.0,0.0,0.0,0.0,0.0,0.0,0.0,0.0,0.0,0.0,0.0,0.0,23.07,0.0,0.0,0.0,0,30.68,0.48
285,Europe,France,-,Mobile & Tablet,2024-05-29,108.32999999999998,May,2024,0.0,0.0,0.0,0.0,0.0,0.0,0.0,0.0,0.0,0.0,0.0,0.0,0.0,0.0,108.32999999999998,0.0,0.0,0.0,1,30.68,0.48
286,Europe,France,-,Mobile & Tablet,2024-05-30,301.87,May,2024,0.0,0.0,0.0,0.0,0.0,0.0,0.0,0.0,0.0,0.0,0.0,0.0,0.0,0.0,301.87,0.0,0.0,0.0,1,30.68,0.48
287,Europe,France,-,Mobile & Tablet,2024-05-31,300.88,May,2024,0.0,0.0,0.0,0.0,0.0,0.0,0.0,0.0,0.0,0.0,0.0,0.0,0.0,0.0,300.88,0.0,0.0,0.0,1,30.68,0.48
288,Europe,France,-,Mobile & Tablet,2024-06-01,230.93999999999994,Jun,2024,0.0,0.0,0.0,0.0,0.0,0.0,0.0,0.0,0.0,0.0,0.0,0.0,0.0,230.93999999999994,0.0,0.0,0.0,0.0,1,30.68,0.48
289,Europe,France,-,Mobile & Tablet,2024-06-02,153.21,Jun,2024,0.0,0.0,0.0,0.0,0.0,0.0,0.0,0.0,0.0,0.0,0.0,0.0,0.0,153.21,0.0,0.0,0.0,0.0,1,30.68,0.48
290,Europe,France,-,Mobile & Tablet,2024-06-03,354.2600000000001,Jun,2024,0.0,0.0,0.0,0.0,0.0,0.0,0.0,0.0,0.0,0.0,0.0,0.0,0.0,354.2600000000001,0.0,0.0,0.0,0.0,0,30.68,0.48
291,Europe,France,-,Mobile & Tablet,2024-06-04,387.52,Jun,2024,0.0,0.0,0.0,0.0,0.0,0.0,0.0,0.0,0.0,0.0,0.0,0.0,0.0,387.52,0.0,0.0,0.0,0.0,0,30.68,0.48
292,Europe,France,-,Mobile & Tablet,2024-06-05,420.24999999999994,Jun,2024,0.0,0.0,0.0,0.0,0.0,0.0,0.0,0.0,0.0,0.0,0.0,0.0,0.0,420.24999999999994,0.0,0.0,0.0,0.0,1,30.68,0.48
293,Europe,France,-,Mobile & Tablet,2024-06-06,356.39000000000004,Jun,2024,0.0,0.0,0.0,0.0,0.0,0.0,0.0,0.0,0.0,0.0,0.0,0.0,0.0,356.39000000000004,0.0,0.0,0.0,0.0,1,30.68,0.48
294,Europe,France,-,Mobile & Tablet,2024-06-07,320.67,Jun,2024,0.0,0.0,0.0,0.0,0.0,0.0,0.0,0.0,0.0,0.0,0.0,0.0,0.0,320.67,0.0,0.0,0.0,0.0,1,30.68,0.48
295,Europe,France,-,Mobile & Tablet,2024-06-08,198.59999999999997,Jun,2024,0.0,0.0,0.0,0.0,0.0,0.0,0.0,0.0,0.0,0.0,0.0,0.0,0.0,198.59999999999997,0.0,0.0,0.0,0.0,1,30.68,0.48
296,Europe,France,-,Mobile & Tablet,2024-06-09,137.79000000000002,Jun,2024,0.0,0.0,0.0,0.0,0.0,0.0,0.0,0.0,0.0,0.0,0.0,0.0,0.0,137.79000000000002,0.0,0.0,0.0,0.0,1,30.68,0.48
297,Europe,France,-,Mobile & Tablet,2024-06-10,455.69,Jun,2024,0.0,0.0,0.0,0.0,0.0,0.0,0.0,0.0,0.0,0.0,0.0,0.0,0.0,455.69,0.0,0.0,0.0,0.0,0,30.68,0.48
298,Europe,France,-,Mobile & Tablet,2024-06-11,425.01,Jun,2024,0.0,0.0,0.0,0.0,0.0,0.0,0.0,0.0,0.0,0.0,0.0,0.0,0.0,425.01,0.0,0.0,0.0,0.0,0,30.68,0.48
299,Europe,France,-,Mobile & Tablet,2024-06-12,371.6499999999999,Jun,2024,0.0,0.0,0.0,0.0,0.0,0.0,0.0,0.0,0.0,0.0,0.0,0.0,0.0,371.6499999999999,0.0,0.0,0.0,0.0,1,30.68,0.48
300,Europe,France,-,Mobile & Tablet,2024-06-13,341.51,Jun,2024,0.0,0.0,0.0,0.0,0.0,0.0,0.0,0.0,0.0,0.0,0.0,0.0,0.0,341.51,0.0,0.0,0.0,0.0,1,30.68,0.48
301,Europe,France,-,Mobile & Tablet,2024-06-14,361.98,Jun,2024,0.0,0.0,0.0,0.0,0.0,0.0,0.0,0.0,0.0,0.0,0.0,0.0,0.0,361.98,0.0,0.0,0.0,0.0,1,30.68,0.48
302,Europe,France,-,Mobile & Tablet,2024-06-15,226.16,Jun,2024,0.0,0.0,0.0,0.0,0.0,0.0,0.0,0.0,0.0,0.0,0.0,0.0,0.0,226.16,0.0,0.0,0.0,0.0,1,30.68,0.48
303,Europe,France,-,Mobile & Tablet,2024-06-16,160.26000000000002,Jun,2024,0.0,0.0,0.0,0.0,0.0,0.0,0.0,0.0,0.0,0.0,0.0,0.0,0.0,160.26000000000002,0.0,0.0,0.0,0.0,1,30.68,0.48
304,Europe,France,-,Mobile & Tablet,2024-06-17,387.92,Jun,2024,0.0,0.0,0.0,0.0,0.0,0.0,0.0,0.0,0.0,0.0,0.0,0.0,0.0,387.92,0.0,0.0,0.0,0.0,0,30.68,0.48
305,Europe,France,-,Mobile & Tablet,2024-06-18,339.09000000000003,Jun,2024,0.0,0.0,0.0,0.0,0.0,0.0,0.0,0.0,0.0,0.0,0.0,0.0,0.0,339.09000000000003,0.0,0.0,0.0,0.0,0,30.68,0.48
306,Europe,France,-,Mobile & Tablet,2024-06-19,256.49,Jun,2024,0.0,0.0,0.0,0.0,0.0,0.0,0.0,0.0,0.0,0.0,0.0,0.0,0.0,256.49,0.0,0.0,0.0,0.0,1,30.68,0.48
307,Europe,France,-,Mobile & Tablet,2024-06-20,217.51,Jun,2024,0.0,0.0,0.0,0.0,0.0,0.0,0.0,0.0,0.0,0.0,0.0,0.0,0.0,217.51,0.0,0.0,0.0,0.0,1,30.68,0.48
308,Europe,France,-,Mobile & Tablet,2024-06-21,186.98000000000002,Jun,2024,0.0,0.0,0.0,0.0,0.0,0.0,0.0,0.0,0.0,0.0,0.0,0.0,0.0,186.98000000000002,0.0,0.0,0.0,0.0,1,30.68,0.48
309,Europe,France,-,Mobile & Tablet,2024-06-22,119.09,Jun,2024,0.0,0.0,0.0,0.0,0.0,0.0,0.0,0.0,0.0,0.0,0.0,0.0,0.0,119.09,0.0,0.0,0.0,0.0,1,30.68,0.48
310,Europe,France,-,Mobile & Tablet,2024-06-23,83.07999999999998,Jun,2024,0.0,0.0,0.0,0.0,0.0,0.0,0.0,0.0,0.0,0.0,0.0,0.0,0.0,83.07999999999998,0.0,0.0,0.0,0.0,1,30.68,0.48
311,Europe,France,-,Mobile & Tablet,2024-06-24,303.41,Jun,2024,0.0,0.0,0.0,0.0,0.0,0.0,0.0,0.0,0.0,0.0,0.0,0.0,0.0,303.41,0.0,0.0,0.0,0.0,0,30.68,0.48
312,Europe,France,-,Mobile & Tablet,2024-06-25,270.07,Jun,2024,0.0,0.0,0.0,0.0,0.0,0.0,0.0,0.0,0.0,0.0,0.0,0.0,0.0,270.07,0.0,0.0,0.0,0.0,0,30.68,0.48
313,Europe,France,-,Mobile & Tablet,2024-06-26,281.34999999999997,Jun,2024,0.0,0.0,0.0,0.0,0.0,0.0,0.0,0.0,0.0,0.0,0.0,0.0,0.0,281.34999999999997,0.0,0.0,0.0,0.0,1,30.68,0.48
314,Europe,France,-,Mobile & Tablet,2024-06-27,285.75,Jun,2024,0.0,0.0,0.0,0.0,0.0,0.0,0.0,0.0,0.0,0.0,0.0,0.0,0.0,285.75,0.0,0.0,0.0,0.0,1,30.68,0.48
315,Europe,France,-,Mobile & Tablet,2024-06-28,258.05000000000007,Jun,2024,0.0,0.0,0.0,0.0,0.0,0.0,0.0,0.0,0.0,0.0,0.0,0.0,0.0,258.05000000000007,0.0,0.0,0.0,0.0,1,30.68,0.48
316,Europe,France,-,Mobile & Tablet,2024-06-29,211.58,Jun,2024,0.0,0.0,0.0,0.0,0.0,0.0,0.0,0.0,0.0,0.0,0.0,0.0,0.0,211.58,0.0,0.0,0.0,0.0,1,30.68,0.48
317,Europe,France,-,Mobile & Tablet,2024-06-30,197.79000000000002,Jun,2024,0.0,0.0,0.0,0.0,0.0,0.0,0.0,0.0,0.0,0.0,0.0,0.0,0.0,197.79000000000002,0.0,0.0,0.0,0.0,1,30.68,0.48
318,Europe,France,-,Mobile & Tablet,2024-07-01,503.95,Jul,2024,0.0,0.0,0.0,0.0,0.0,0.0,0.0,0.0,0.0,0.0,0.0,0.0,503.95,0.0,0.0,0.0,0.0,0.0,0,30.68,0.48
319,Europe,France,-,Mobile & Tablet,2024-07-02,508.46000000000004,Jul,2024,0.0,0.0,0.0,0.0,0.0,0.0,0.0,0.0,0.0,0.0,0.0,0.0,508.46000000000004,0.0,0.0,0.0,0.0,0.0,0,30.68,0.48
320,Europe,France,-,Mobile & Tablet,2024-07-03,513.75,Jul,2024,0.0,0.0,0.0,0.0,0.0,0.0,0.0,0.0,0.0,0.0,0.0,0.0,513.75,0.0,0.0,0.0,0.0,0.0,1,30.68,0.48
321,Europe,France,-,Mobile & Tablet,2024-07-04,387.11000000000007,Jul,2024,0.0,0.0,0.0,0.0,0.0,0.0,0.0,0.0,0.0,0.0,0.0,0.0,387.11000000000007,0.0,0.0,0.0,0.0,0.0,1,30.68,0.48
322,Europe,France,-,Mobile & Tablet,2024-07-05,279.36999999999995,Jul,2024,0.0,0.0,0.0,0.0,0.0,0.0,0.0,0.0,0.0,0.0,0.0,0.0,279.36999999999995,0.0,0.0,0.0,0.0,0.0,1,30.68,0.48
323,Europe,France,-,Mobile & Tablet,2024-07-06,112.53999999999999,Jul,2024,0.0,0.0,0.0,0.0,0.0,0.0,0.0,0.0,0.0,0.0,0.0,0.0,112.53999999999999,0.0,0.0,0.0,0.0,0.0,1,30.68,0.48
324,Europe,France,-,Mobile & Tablet,2024-07-07,91.05,Jul,2024,0.0,0.0,0.0,0.0,0.0,0.0,0.0,0.0,0.0,0.0,0.0,0.0,91.05,0.0,0.0,0.0,0.0,0.0,1,30.68,0.48
325,Europe,France,-,Mobile & Tablet,2024-07-08,278.66999999999996,Jul,2024,0.0,0.0,0.0,0.0,0.0,0.0,0.0,0.0,0.0,0.0,0.0,0.0,278.66999999999996,0.0,0.0,0.0,0.0,0.0,0,30.68,0.48
326,Europe,France,-,Mobile & Tablet,2024-07-09,308.09000000000003,Jul,2024,0.0,0.0,0.0,0.0,0.0,0.0,0.0,0.0,0.0,0.0,0.0,0.0,308.09000000000003,0.0,0.0,0.0,0.0,0.0,0,30.68,0.48
327,Europe,France,-,Mobile & Tablet,2024-07-10,364.69999999999993,Jul,2024,0.0,0.0,0.0,0.0,0.0,0.0,0.0,0.0,0.0,0.0,0.0,0.0,364.69999999999993,0.0,0.0,0.0,0.0,0.0,1,30.68,0.48
328,Europe,France,-,Mobile & Tablet,2024-07-11,390.82,Jul,2024,0.0,0.0,0.0,0.0,0.0,0.0,0.0,0.0,0.0,0.0,0.0,0.0,390.82,0.0,0.0,0.0,0.0,0.0,1,30.68,0.48
329,Europe,France,-,Mobile & Tablet,2024-07-12,228.90999999999997,Jul,2024,0.0,0.0,0.0,0.0,0.0,0.0,0.0,0.0,0.0,0.0,0.0,0.0,228.90999999999997,0.0,0.0,0.0,0.0,0.0,1,30.68,0.48
330,Europe,France,-,Mobile & Tablet,2024-07-13,257.62,Jul,2024,0.0,0.0,0.0,0.0,0.0,0.0,0.0,0.0,0.0,0.0,0.0,0.0,257.62,0.0,0.0,0.0,0.0,0.0,1,30.68,0.48
331,Europe,France,-,Mobile & Tablet,2024-07-14,187.46,Jul,2024,0.0,0.0,0.0,0.0,0.0,0.0,0.0,0.0,0.0,0.0,0.0,0.0,187.46,0.0,0.0,0.0,0.0,0.0,1,30.68,0.48
332,Europe,France,-,Mobile & Tablet,2024-07-15,457.06,Jul,2024,0.0,0.0,0.0,0.0,0.0,0.0,0.0,0.0,0.0,0.0,0.0,0.0,457.06,0.0,0.0,0.0,0.0,0.0,0,30.68,0.48
333,Europe,France,-,Mobile & Tablet,2024-07-16,453.95000000000005,Jul,2024,0.0,0.0,0.0,0.0,0.0,0.0,0.0,0.0,0.0,0.0,0.0,0.0,453.95000000000005,0.0,0.0,0.0,0.0,0.0,0,30.68,0.48
334,Europe,France,-,Mobile & Tablet,2024-07-17,471.39999999999986,Jul,2024,0.0,0.0,0.0,0.0,0.0,0.0,0.0,0.0,0.0,0.0,0.0,0.0,471.39999999999986,0.0,0.0,0.0,0.0,0.0,1,30.68,0.48
335,Europe,France,-,Mobile & Tablet,2024-07-18,368.27,Jul,2024,0.0,0.0,0.0,0.0,0.0,0.0,0.0,0.0,0.0,0.0,0.0,0.0,368.27,0.0,0.0,0.0,0.0,0.0,1,30.68,0.48
336,Europe,France,-,Mobile & Tablet,2024-07-19,315.59999999999997,Jul,2024,0.0,0.0,0.0,0.0,0.0,0.0,0.0,0.0,0.0,0.0,0.0,0.0,315.59999999999997,0.0,0.0,0.0,0.0,0.0,1,30.68,0.48
337,Europe,France,-,Mobile & Tablet,2024-07-20,202.29000000000002,Jul,2024,0.0,0.0,0.0,0.0,0.0,0.0,0.0,0.0,0.0,0.0,0.0,0.0,202.29000000000002,0.0,0.0,0.0,0.0,0.0,1,30.68,0.48
338,Europe,France,-,Mobile & Tablet,2024-07-21,95.73000000000002,Jul,2024,0.0,0.0,0.0,0.0,0.0,0.0,0.0,0.0,0.0,0.0,0.0,0.0,95.73000000000002,0.0,0.0,0.0,0.0,0.0,1,30.68,0.48
339,Europe,France,-,Mobile & Tablet,2024-07-22,299.12,Jul,2024,0.0,0.0,0.0,0.0,0.0,0.0,0.0,0.0,0.0,0.0,0.0,0.0,299.12,0.0,0.0,0.0,0.0,0.0,0,30.68,0.48
340,Europe,France,-,Mobile & Tablet,2024-07-23,365.78999999999996,Jul,2024,0.0,0.0,0.0,0.0,0.0,0.0,0.0,0.0,0.0,0.0,0.0,0.0,365.78999999999996,0.0,0.0,0.0,0.0,0.0,0,30.68,0.48
341,Europe,France,-,Mobile & Tablet,2024-07-24,439.12999999999994,Jul,2024,0.0,0.0,0.0,0.0,0.0,0.0,0.0,0.0,0.0,0.0,0.0,0.0,439.12999999999994,0.0,0.0,0.0,0.0,0.0,1,30.68,0.48
342,Europe,France,-,Mobile & Tablet,2024-07-25,421.38000000000005,Jul,2024,0.0,0.0,0.0,0.0,0.0,0.0,0.0,0.0,0.0,0.0,0.0,0.0,421.38000000000005,0.0,0.0,0.0,0.0,0.0,1,30.68,0.48
343,Europe,France,-,Mobile & Tablet,2024-07-26,455.94999999999993,Jul,2024,0.0,0.0,0.0,0.0,0.0,0.0,0.0,0.0,0.0,0.0,0.0,0.0,455.94999999999993,0.0,0.0,0.0,0.0,0.0,1,30.68,0.48
344,Europe,France,-,Mobile & Tablet,2024-07-27,254.22000000000003,Jul,2024,0.0,0.0,0.0,0.0,0.0,0.0,0.0,0.0,0.0,0.0,0.0,0.0,254.22000000000003,0.0,0.0,0.0,0.0,0.0,1,30.68,0.48
345,Europe,France,-,Mobile & Tablet,2024-07-28,173.91,Jul,2024,0.0,0.0,0.0,0.0,0.0,0.0,0.0,0.0,0.0,0.0,0.0,0.0,173.91,0.0,0.0,0.0,0.0,0.0,1,30.68,0.48
346,Europe,France,-,Mobile & Tablet,2024-07-29,512.42,Jul,2024,0.0,0.0,0.0,0.0,0.0,0.0,0.0,0.0,0.0,0.0,0.0,0.0,512.42,0.0,0.0,0.0,0.0,0.0,0,30.68,0.48
347,Europe,France,-,Mobile & Tablet,2024-07-30,495.17,Jul,2024,0.0,0.0,0.0,0.0,0.0,0.0,0.0,0.0,0.0,0.0,0.0,0.0,495.17,0.0,0.0,0.0,0.0,0.0,0,30.68,0.48
348,Europe,France,-,Mobile & Tablet,2024-07-31,424.16,Jul,2024,0.0,0.0,0.0,0.0,0.0,0.0,0.0,0.0,0.0,0.0,0.0,0.0,424.16,0.0,0.0,0.0,0.0,0.0,1,30.68,0.48
349,Europe,France,-,Mobile & Tablet,2024-08-01,412.22999999999996,Aug,2024,0.0,0.0,0.0,0.0,0.0,0.0,0.0,0.0,0.0,0.0,412.22999999999996,0.0,0.0,0.0,0.0,0.0,0.0,0.0,1,30.68,0.48
350,Europe,France,-,Mobile & Tablet,2024-08-02,401.72999999999996,Aug,2024,0.0,0.0,0.0,0.0,0.0,0.0,0.0,0.0,0.0,0.0,401.72999999999996,0.0,0.0,0.0,0.0,0.0,0.0,0.0,1,30.68,0.48
351,Europe,France,-,Mobile & Tablet,2024-08-03,211.04,Aug,2024,0.0,0.0,0.0,0.0,0.0,0.0,0.0,0.0,0.0,0.0,211.04,0.0,0.0,0.0,0.0,0.0,0.0,0.0,1,30.68,0.48
352,Europe,France,-,Mobile & Tablet,2024-08-04,165.11,Aug,2024,0.0,0.0,0.0,0.0,0.0,0.0,0.0,0.0,0.0,0.0,165.11,0.0,0.0,0.0,0.0,0.0,0.0,0.0,1,30.68,0.48
353,Europe,France,-,Mobile & Tablet,2024-08-05,525.3,Aug,2024,0.0,0.0,0.0,0.0,0.0,0.0,0.0,0.0,0.0,0.0,525.3,0.0,0.0,0.0,0.0,0.0,0.0,0.0,0,30.68,0.48
354,Europe,France,-,Mobile & Tablet,2024-08-06,591.41,Aug,2024,0.0,0.0,0.0,0.0,0.0,0.0,0.0,0.0,0.0,0.0,591.41,0.0,0.0,0.0,0.0,0.0,0.0,0.0,0,30.68,0.48
355,Europe,France,-,Mobile & Tablet,2024-08-07,580.6999999999999,Aug,2024,0.0,0.0,0.0,0.0,0.0,0.0,0.0,0.0,0.0,0.0,580.6999999999999,0.0,0.0,0.0,0.0,0.0,0.0,0.0,1,30.68,0.48
356,Europe,France,-,Mobile & Tablet,2024-08-08,452.71,Aug,2024,0.0,0.0,0.0,0.0,0.0,0.0,0.0,0.0,0.0,0.0,452.71,0.0,0.0,0.0,0.0,0.0,0.0,0.0,1,30.68,0.48
357,Europe,France,-,Mobile & Tablet,2024-08-09,432.21,Aug,2024,0.0,0.0,0.0,0.0,0.0,0.0,0.0,0.0,0.0,0.0,432.21,0.0,0.0,0.0,0.0,0.0,0.0,0.0,1,30.68,0.48
358,Europe,France,-,Mobile & Tablet,2024-08-10,249.92,Aug,2024,0.0,0.0,0.0,0.0,0.0,0.0,0.0,0.0,0.0,0.0,249.92,0.0,0.0,0.0,0.0,0.0,0.0,0.0,1,30.68,0.48
359,Europe,France,-,Mobile & Tablet,2024-08-11,190.33000000000004,Aug,2024,0.0,0.0,0.0,0.0,0.0,0.0,0.0,0.0,0.0,0.0,190.33000000000004,0.0,0.0,0.0,0.0,0.0,0.0,0.0,1,30.68,0.48
360,Europe,France,-,Mobile & Tablet,2024-08-12,467.74000000000007,Aug,2024,0.0,0.0,0.0,0.0,0.0,0.0,0.0,0.0,0.0,0.0,467.74000000000007,0.0,0.0,0.0,0.0,0.0,0.0,0.0,0,30.68,0.48
361,Europe,France,-,Mobile & Tablet,2024-08-13,275.8,Aug,2024,0.0,0.0,0.0,0.0,0.0,0.0,0.0,0.0,0.0,0.0,275.8,0.0,0.0,0.0,0.0,0.0,0.0,0.0,0,30.68,0.48
362,Europe,France,-,Mobile & Tablet,2024-08-14,448.94,Aug,2024,0.0,0.0,0.0,0.0,0.0,0.0,0.0,0.0,0.0,0.0,448.94,0.0,0.0,0.0,0.0,0.0,0.0,0.0,1,30.68,0.48
363,Europe,France,-,Mobile & Tablet,2024-08-15,515.8100000000001,Aug,2024,0.0,0.0,0.0,0.0,0.0,0.0,0.0,0.0,0.0,0.0,515.8100000000001,0.0,0.0,0.0,0.0,0.0,0.0,0.0,1,30.68,0.48
364,Europe,France,-,Mobile & Tablet,2024-08-16,473.4,Aug,2024,0.0,0.0,0.0,0.0,0.0,0.0,0.0,0.0,0.0,0.0,473.4,0.0,0.0,0.0,0.0,0.0,0.0,0.0,1,30.68,0.48
365,Europe,France,-,Mobile & Tablet,2024-08-17,263.56,Aug,2024,0.0,0.0,0.0,0.0,0.0,0.0,0.0,0.0,0.0,0.0,263.56,0.0,0.0,0.0,0.0,0.0,0.0,0.0,1,30.68,0.48
366,Europe,France,-,Mobile & Tablet,2024-08-18,159.87000000000003,Aug,2024,0.0,0.0,0.0,0.0,0.0,0.0,0.0,0.0,0.0,0.0,159.87000000000003,0.0,0.0,0.0,0.0,0.0,0.0,0.0,1,30.68,0.48
367,Europe,France,-,Mobile & Tablet,2024-08-19,498.79,Aug,2024,0.0,0.0,0.0,0.0,0.0,0.0,0.0,0.0,0.0,0.0,498.79,0.0,0.0,0.0,0.0,0.0,0.0,0.0,0,30.68,0.48
368,Europe,France,-,Mobile & Tablet,2024-08-20,381.13000000000005,Aug,2024,0.0,0.0,0.0,0.0,0.0,0.0,0.0,0.0,0.0,0.0,381.13000000000005,0.0,0.0,0.0,0.0,0.0,0.0,0.0,0,30.68,0.48
369,Europe,France,-,Mobile & Tablet,2024-08-21,366.83,Aug,2024,0.0,0.0,0.0,0.0,0.0,0.0,0.0,0.0,0.0,0.0,366.83,0.0,0.0,0.0,0.0,0.0,0.0,0.0,1,30.68,0.48
370,Europe,France,-,Mobile & Tablet,2024-08-22,361.88000000000005,Aug,2024,0.0,0.0,0.0,0.0,0.0,0.0,0.0,0.0,0.0,0.0,361.88000000000005,0.0,0.0,0.0,0.0,0.0,0.0,0.0,1,30.68,0.48
371,Europe,France,-,Mobile & Tablet,2024-08-23,334.32,Aug,2024,0.0,0.0,0.0,0.0,0.0,0.0,0.0,0.0,0.0,0.0,334.32,0.0,0.0,0.0,0.0,0.0,0.0,0.0,1,30.68,0.48
372,Europe,France,-,Mobile & Tablet,2024-08-24,165.20999999999995,Aug,2024,0.0,0.0,0.0,0.0,0.0,0.0,0.0,0.0,0.0,0.0,165.20999999999995,0.0,0.0,0.0,0.0,0.0,0.0,0.0,1,30.68,0.48
373,Europe,France,-,Mobile & Tablet,2024-08-25,114.82,Aug,2024,0.0,0.0,0.0,0.0,0.0,0.0,0.0,0.0,0.0,0.0,114.82,0.0,0.0,0.0,0.0,0.0,0.0,0.0,1,30.68,0.48
374,Europe,France,-,Mobile & Tablet,2024-08-26,336.1800000000001,Aug,2024,0.0,0.0,0.0,0.0,0.0,0.0,0.0,0.0,0.0,0.0,336.1800000000001,0.0,0.0,0.0,0.0,0.0,0.0,0.0,0,30.68,0.48
375,Europe,France,-,Mobile & Tablet,2024-08-27,397.51999999999987,Aug,2024,0.0,0.0,0.0,0.0,0.0,0.0,0.0,0.0,0.0,0.0,397.51999999999987,0.0,0.0,0.0,0.0,0.0,0.0,0.0,0,30.68,0.48
376,Europe,France,-,Mobile & Tablet,2024-08-28,378.16999999999996,Aug,2024,0.0,0.0,0.0,0.0,0.0,0.0,0.0,0.0,0.0,0.0,378.16999999999996,0.0,0.0,0.0,0.0,0.0,0.0,0.0,1,30.68,0.48
377,Europe,France,-,Mobile & Tablet,2024-08-29,449.43999999999994,Aug,2024,0.0,0.0,0.0,0.0,0.0,0.0,0.0,0.0,0.0,0.0,449.43999999999994,0.0,0.0,0.0,0.0,0.0,0.0,0.0,1,30.68,0.48
378,Europe,France,-,Mobile & Tablet,2024-08-30,478.4899999999999,Aug,2024,0.0,0.0,0.0,0.0,0.0,0.0,0.0,0.0,0.0,0.0,478.4899999999999,0.0,0.0,0.0,0.0,0.0,0.0,0.0,1,30.68,0.48
379,Europe,France,-,Mobile & Tablet,2024-08-31,299.41999999999996,Aug,2024,0.0,0.0,0.0,0.0,0.0,0.0,0.0,0.0,0.0,0.0,299.41999999999996,0.0,0.0,0.0,0.0,0.0,0.0,0.0,1,30.68,0.48
380,Europe,France,-,Mobile & Tablet,2024-09-01,190.75,Sep,2024,0.0,0.0,0.0,0.0,0.0,0.0,0.0,0.0,0.0,0.0,0.0,0.0,0.0,0.0,0.0,0.0,0.0,190.75,1,30.68,0.48
381,Europe,France,-,Mobile & Tablet,2024-09-02,584.3900000000001,Sep,2024,0.0,0.0,0.0,0.0,0.0,0.0,0.0,0.0,0.0,0.0,0.0,0.0,0.0,0.0,0.0,0.0,0.0,584.3900000000001,0,30.68,0.48
382,Europe,France,-,Mobile & Tablet,2024-09-03,575.39,Sep,2024,0.0,0.0,0.0,0.0,0.0,0.0,0.0,0.0,0.0,0.0,0.0,0.0,0.0,0.0,0.0,0.0,0.0,575.39,0,30.68,0.48
383,Europe,France,-,Mobile & Tablet,2024-09-04,492.71999999999997,Sep,2024,0.0,0.0,0.0,0.0,0.0,0.0,0.0,0.0,0.0,0.0,0.0,0.0,0.0,0.0,0.0,0.0,0.0,492.71999999999997,1,30.68,0.48
384,Europe,France,-,Mobile & Tablet,2024-09-05,397.87,Sep,2024,0.0,0.0,0.0,0.0,0.0,0.0,0.0,0.0,0.0,0.0,0.0,0.0,0.0,0.0,0.0,0.0,0.0,397.87,1,30.68,0.48
385,Europe,France,-,Mobile & Tablet,2024-09-06,349.89000000000004,Sep,2024,0.0,0.0,0.0,0.0,0.0,0.0,0.0,0.0,0.0,0.0,0.0,0.0,0.0,0.0,0.0,0.0,0.0,349.89000000000004,1,30.68,0.48
386,Europe,France,-,Mobile & Tablet,2024-09-07,197.41000000000003,Sep,2024,0.0,0.0,0.0,0.0,0.0,0.0,0.0,0.0,0.0,0.0,0.0,0.0,0.0,0.0,0.0,0.0,0.0,197.41000000000003,1,30.68,0.48
387,Europe,France,-,Mobile & Tablet,2024-09-08,138.72,Sep,2024,0.0,0.0,0.0,0.0,0.0,0.0,0.0,0.0,0.0,0.0,0.0,0.0,0.0,0.0,0.0,0.0,0.0,138.72,1,30.68,0.48
388,Europe,France,-,Mobile & Tablet,2024-09-09,379.56999999999994,Sep,2024,0.0,0.0,0.0,0.0,0.0,0.0,0.0,0.0,0.0,0.0,0.0,0.0,0.0,0.0,0.0,0.0,0.0,379.56999999999994,0,30.68,0.48
389,Europe,France,-,Mobile & Tablet,2024-09-10,397.46999999999997,Sep,2024,0.0,0.0,0.0,0.0,0.0,0.0,0.0,0.0,0.0,0.0,0.0,0.0,0.0,0.0,0.0,0.0,0.0,397.46999999999997,0,30.68,0.48
390,Europe,France,-,Mobile & Tablet,2024-09-11,455.44,Sep,2024,0.0,0.0,0.0,0.0,0.0,0.0,0.0,0.0,0.0,0.0,0.0,0.0,0.0,0.0,0.0,0.0,0.0,455.44,1,30.68,0.48
391,Europe,France,-,Mobile & Tablet,2024-09-12,412.07000000000005,Sep,2024,0.0,0.0,0.0,0.0,0.0,0.0,0.0,0.0,0.0,0.0,0.0,0.0,0.0,0.0,0.0,0.0,0.0,412.07000000000005,1,30.68,0.48
392,Europe,France,-,Mobile & Tablet,2024-09-13,374.09,Sep,2024,0.0,0.0,0.0,0.0,0.0,0.0,0.0,0.0,0.0,0.0,0.0,0.0,0.0,0.0,0.0,0.0,0.0,374.09,1,30.68,0.48
393,Europe,France,-,Mobile & Tablet,2024-09-14,200.02,Sep,2024,0.0,0.0,0.0,0.0,0.0,0.0,0.0,0.0,0.0,0.0,0.0,0.0,0.0,0.0,0.0,0.0,0.0,200.02,1,30.68,0.48
394,Europe,France,-,Mobile & Tablet,2024-09-15,183.1,Sep,2024,0.0,0.0,0.0,0.0,0.0,0.0,0.0,0.0,0.0,0.0,0.0,0.0,0.0,0.0,0.0,0.0,0.0,183.1,1,30.68,0.48
395,Europe,France,-,Mobile & Tablet,2024-09-16,362.08000000000004,Sep,2024,0.0,0.0,0.0,0.0,0.0,0.0,0.0,0.0,0.0,0.0,0.0,0.0,0.0,0.0,0.0,0.0,0.0,362.08000000000004,0,30.68,0.48
396,Europe,France,-,Mobile & Tablet,2024-09-17,429.47999999999996,Sep,2024,0.0,0.0,0.0,0.0,0.0,0.0,0.0,0.0,0.0,0.0,0.0,0.0,0.0,0.0,0.0,0.0,0.0,429.47999999999996,0,30.68,0.48
397,Europe,France,-,Mobile & Tablet,2024-09-18,429.86999999999995,Sep,2024,0.0,0.0,0.0,0.0,0.0,0.0,0.0,0.0,0.0,0.0,0.0,0.0,0.0,0.0,0.0,0.0,0.0,429.86999999999995,1,30.68,0.48
398,Europe,France,-,Mobile & Tablet,2024-09-19,481.75000000000006,Sep,2024,0.0,0.0,0.0,0.0,0.0,0.0,0.0,0.0,0.0,0.0,0.0,0.0,0.0,0.0,0.0,0.0,0.0,481.75000000000006,1,30.68,0.48
399,Europe,France,-,Mobile & Tablet,2024-09-20,461.64000000000004,Sep,2024,0.0,0.0,0.0,0.0,0.0,0.0,0.0,0.0,0.0,0.0,0.0,0.0,0.0,0.0,0.0,0.0,0.0,461.64000000000004,1,30.68,0.48
400,Europe,France,-,Mobile & Tablet,2024-09-21,271.15,Sep,2024,0.0,0.0,0.0,0.0,0.0,0.0,0.0,0.0,0.0,0.0,0.0,0.0,0.0,0.0,0.0,0.0,0.0,271.15,1,30.68,0.48
401,Europe,France,-,Mobile & Tablet,2024-09-22,176.06,Sep,2024,0.0,0.0,0.0,0.0,0.0,0.0,0.0,0.0,0.0,0.0,0.0,0.0,0.0,0.0,0.0,0.0,0.0,176.06,1,30.68,0.48
402,Europe,France,-,Mobile & Tablet,2024-09-23,428.51000000000005,Sep,2024,0.0,0.0,0.0,0.0,0.0,0.0,0.0,0.0,0.0,0.0,0.0,0.0,0.0,0.0,0.0,0.0,0.0,428.51000000000005,0,30.68,0.48
403,Europe,France,-,Mobile & Tablet,2024-09-24,513.9,Sep,2024,0.0,0.0,0.0,0.0,0.0,0.0,0.0,0.0,0.0,0.0,0.0,0.0,0.0,0.0,0.0,0.0,0.0,513.9,0,30.68,0.48
404,Europe,France,-,Mobile & Tablet,2024-09-25,417.14,Sep,2024,0.0,0.0,0.0,0.0,0.0,0.0,0.0,0.0,0.0,0.0,0.0,0.0,0.0,0.0,0.0,0.0,0.0,417.14,1,30.68,0.48
405,Europe,France,-,Mobile & Tablet,2024-09-26,590.2,Sep,2024,0.0,0.0,0.0,0.0,0.0,0.0,0.0,0.0,0.0,0.0,0.0,0.0,0.0,0.0,0.0,0.0,0.0,590.2,1,30.68,0.48
406,Europe,France,-,Mobile & Tablet,2024-09-27,551.27,Sep,2024,0.0,0.0,0.0,0.0,0.0,0.0,0.0,0.0,0.0,0.0,0.0,0.0,0.0,0.0,0.0,0.0,0.0,551.27,1,30.68,0.48
407,Europe,France,-,Mobile & Tablet,2024-09-28,279.93000000000006,Sep,2024,0.0,0.0,0.0,0.0,0.0,0.0,0.0,0.0,0.0,0.0,0.0,0.0,0.0,0.0,0.0,0.0,0.0,279.93000000000006,1,30.68,0.48
408,Europe,France,-,Mobile & Tablet,2024-09-29,206.96,Sep,2024,0.0,0.0,0.0,0.0,0.0,0.0,0.0,0.0,0.0,0.0,0.0,0.0,0.0,0.0,0.0,0.0,0.0,206.96,1,30.68,0.48
409,Europe,France,-,Mobile & Tablet,2024-09-30,723.59,Sep,2024,0.0,0.0,0.0,0.0,0.0,0.0,0.0,0.0,0.0,0.0,0.0,0.0,0.0,0.0,0.0,0.0,0.0,723.59,0,30.68,0.48
410,Europe,France,-,Mobile & Tablet,2024-10-01,618.4400000000002,Oct,2024,0.0,0.0,0.0,0.0,0.0,0.0,0.0,0.0,0.0,0.0,0.0,0.0,0.0,0.0,0.0,0.0,618.4400000000002,0.0,0,30.68,0.48
411,Europe,France,-,Mobile & Tablet,2024-10-02,512.35,Oct,2024,0.0,0.0,0.0,0.0,0.0,0.0,0.0,0.0,0.0,0.0,0.0,0.0,0.0,0.0,0.0,0.0,512.35,0.0,1,30.68,0.48
412,Europe,France,-,Mobile & Tablet,2024-10-03,559.4100000000001,Oct,2024,0.0,0.0,0.0,0.0,0.0,0.0,0.0,0.0,0.0,0.0,0.0,0.0,0.0,0.0,0.0,0.0,559.4100000000001,0.0,1,30.68,0.48
413,Europe,France,-,Mobile & Tablet,2024-10-04,593.69,Oct,2024,0.0,0.0,0.0,0.0,0.0,0.0,0.0,0.0,0.0,0.0,0.0,0.0,0.0,0.0,0.0,0.0,593.69,0.0,1,30.68,0.48
414,Europe,France,-,Mobile & Tablet,2024-10-05,257.14,Oct,2024,0.0,0.0,0.0,0.0,0.0,0.0,0.0,0.0,0.0,0.0,0.0,0.0,0.0,0.0,0.0,0.0,257.14,0.0,1,30.68,0.48
415,Europe,France,-,Mobile & Tablet,2024-10-06,130.74,Oct,2024,0.0,0.0,0.0,0.0,0.0,0.0,0.0,0.0,0.0,0.0,0.0,0.0,0.0,0.0,0.0,0.0,130.74,0.0,1,30.68,0.48
416,Europe,France,-,Mobile & Tablet,2024-10-07,415.49,Oct,2024,0.0,0.0,0.0,0.0,0.0,0.0,0.0,0.0,0.0,0.0,0.0,0.0,0.0,0.0,0.0,0.0,415.49,0.0,0,30.68,0.48
417,Europe,France,-,Mobile & Tablet,2024-10-08,428.85999999999996,Oct,2024,0.0,0.0,0.0,0.0,0.0,0.0,0.0,0.0,0.0,0.0,0.0,0.0,0.0,0.0,0.0,0.0,428.85999999999996,0.0,0,30.68,0.48
418,Europe,France,-,Mobile & Tablet,2024-10-09,352.87,Oct,2024,0.0,0.0,0.0,0.0,0.0,0.0,0.0,0.0,0.0,0.0,0.0,0.0,0.0,0.0,0.0,0.0,352.87,0.0,1,30.68,0.48
419,Europe,France,-,Mobile & Tablet,2024-10-10,432.11999999999995,Oct,2024,0.0,0.0,0.0,0.0,0.0,0.0,0.0,0.0,0.0,0.0,0.0,0.0,0.0,0.0,0.0,0.0,432.11999999999995,0.0,1,30.68,0.48
420,Europe,France,-,Mobile & Tablet,2024-10-11,356.04,Oct,2024,0.0,0.0,0.0,0.0,0.0,0.0,0.0,0.0,0.0,0.0,0.0,0.0,0.0,0.0,0.0,0.0,356.04,0.0,1,30.68,0.48
421,Europe,France,-,Mobile & Tablet,2024-10-12,197.85,Oct,2024,0.0,0.0,0.0,0.0,0.0,0.0,0.0,0.0,0.0,0.0,0.0,0.0,0.0,0.0,0.0,0.0,197.85,0.0,1,30.68,0.48
422,Europe,France,-,Mobile & Tablet,2024-10-13,125.97999999999999,Oct,2024,0.0,0.0,0.0,0.0,0.0,0.0,0.0,0.0,0.0,0.0,0.0,0.0,0.0,0.0,0.0,0.0,125.97999999999999,0.0,1,30.68,0.48
423,Europe,France,-,Mobile & Tablet,2024-10-14,434.66,Oct,2024,0.0,0.0,0.0,0.0,0.0,0.0,0.0,0.0,0.0,0.0,0.0,0.0,0.0,0.0,0.0,0.0,434.66,0.0,0,30.68,0.48
424,Europe,France,-,Mobile & Tablet,2024-10-15,392.72999999999996,Oct,2024,0.0,0.0,0.0,0.0,0.0,0.0,0.0,0.0,0.0,0.0,0.0,0.0,0.0,0.0,0.0,0.0,392.72999999999996,0.0,0,30.68,0.48
425,Europe,France,-,Mobile & Tablet,2024-10-16,383.79,Oct,2024,0.0,0.0,0.0,0.0,0.0,0.0,0.0,0.0,0.0,0.0,0.0,0.0,0.0,0.0,0.0,0.0,383.79,0.0,1,30.68,0.48
426,Europe,France,-,Mobile & Tablet,2024-10-17,338.46000000000004,Oct,2024,0.0,0.0,0.0,0.0,0.0,0.0,0.0,0.0,0.0,0.0,0.0,0.0,0.0,0.0,0.0,0.0,338.46000000000004,0.0,1,30.68,0.48
427,Europe,France,-,Mobile & Tablet,2024-10-18,250.89,Oct,2024,0.0,0.0,0.0,0.0,0.0,0.0,0.0,0.0,0.0,0.0,0.0,0.0,0.0,0.0,0.0,0.0,250.89,0.0,1,30.68,0.48
428,Europe,France,-,Mobile & Tablet,2024-10-19,179.56,Oct,2024,0.0,0.0,0.0,0.0,0.0,0.0,0.0,0.0,0.0,0.0,0.0,0.0,0.0,0.0,0.0,0.0,179.56,0.0,1,30.68,0.48
429,Europe,France,-,Mobile & Tablet,2024-10-20,117.93000000000002,Oct,2024,0.0,0.0,0.0,0.0,0.0,0.0,0.0,0.0,0.0,0.0,0.0,0.0,0.0,0.0,0.0,0.0,117.93000000000002,0.0,1,30.68,0.48
430,Europe,France,-,Mobile & Tablet,2024-10-21,286.02,Oct,2024,0.0,0.0,0.0,0.0,0.0,0.0,0.0,0.0,0.0,0.0,0.0,0.0,0.0,0.0,0.0,0.0,286.02,0.0,0,30.68,0.48
431,Europe,France,-,Mobile & Tablet,2024-10-22,390.50999999999993,Oct,2024,0.0,0.0,0.0,0.0,0.0,0.0,0.0,0.0,0.0,0.0,0.0,0.0,0.0,0.0,0.0,0.0,390.50999999999993,0.0,0,30.68,0.48
432,Europe,France,-,Mobile & Tablet,2024-10-23,373.89,Oct,2024,0.0,0.0,0.0,0.0,0.0,0.0,0.0,0.0,0.0,0.0,0.0,0.0,0.0,0.0,0.0,0.0,373.89,0.0,1,30.68,0.48
433,Europe,France,-,Mobile & Tablet,2024-10-24,453.60999999999996,Oct,2024,0.0,0.0,0.0,0.0,0.0,0.0,0.0,0.0,0.0,0.0,0.0,0.0,0.0,0.0,0.0,0.0,453.60999999999996,0.0,1,30.68,0.48
434,Europe,France,-,Mobile & Tablet,2024-10-25,422.36999999999995,Oct,2024,0.0,0.0,0.0,0.0,0.0,0.0,0.0,0.0,0.0,0.0,0.0,0.0,0.0,0.0,0.0,0.0,422.36999999999995,0.0,1,30.68,0.48
435,Europe,France,-,Mobile & Tablet,2024-10-26,282.54999999999995,Oct,2024,0.0,0.0,0.0,0.0,0.0,0.0,0.0,0.0,0.0,0.0,0.0,0.0,0.0,0.0,0.0,0.0,282.54999999999995,0.0,1,30.68,0.48
436,Europe,France,-,Mobile & Tablet,2024-10-27,200.29,Oct,2024,0.0,0.0,0.0,0.0,0.0,0.0,0.0,0.0,0.0,0.0,0.0,0.0,0.0,0.0,0.0,0.0,200.29,0.0,1,30.68,0.48
437,Europe,France,-,Mobile & Tablet,2024-10-28,394.49,Oct,2024,0.0,0.0,0.0,0.0,0.0,0.0,0.0,0.0,0.0,0.0,0.0,0.0,0.0,0.0,0.0,0.0,394.49,0.0,0,30.68,0.48
438,Europe,France,-,Mobile & Tablet,2024-10-29,454.90999999999997,Oct,2024,0.0,0.0,0.0,0.0,0.0,0.0,0.0,0.0,0.0,0.0,0.0,0.0,0.0,0.0,0.0,0.0,454.90999999999997,0.0,0,30.68,0.48
439,Europe,France,-,Mobile & Tablet,2024-10-30,320.0799999999999,Oct,2024,0.0,0.0,0.0,0.0,0.0,0.0,0.0,0.0,0.0,0.0,0.0,0.0,0.0,0.0,0.0,0.0,320.0799999999999,0.0,1,30.68,0.48
440,Europe,France,-,Mobile & Tablet,2024-10-31,481.62,Oct,2024,0.0,0.0,0.0,0.0,0.0,0.0,0.0,0.0,0.0,0.0,0.0,0.0,0.0,0.0,0.0,0.0,481.62,0.0,1,30.68,0.48
441,Europe,France,-,Mobile & Tablet,2024-11-01,417.71999999999997,Nov,2024,0.0,0.0,0.0,0.0,0.0,0.0,0.0,0.0,0.0,0.0,0.0,0.0,0.0,0.0,0.0,417.71999999999997,0.0,0.0,1,30.68,0.48
442,Europe,France,-,Mobile & Tablet,2024-11-02,267.70000000000005,Nov,2024,0.0,0.0,0.0,0.0,0.0,0.0,0.0,0.0,0.0,0.0,0.0,0.0,0.0,0.0,0.0,267.70000000000005,0.0,0.0,1,30.68,0.48
443,Europe,France,-,Mobile & Tablet,2024-11-03,228.86999999999998,Nov,2024,0.0,0.0,0.0,0.0,0.0,0.0,0.0,0.0,0.0,0.0,0.0,0.0,0.0,0.0,0.0,228.86999999999998,0.0,0.0,1,30.68,0.48
444,Europe,France,-,Mobile & Tablet,2024-11-04,534.97,Nov,2024,0.0,0.0,0.0,0.0,0.0,0.0,0.0,0.0,0.0,0.0,0.0,0.0,0.0,0.0,0.0,534.97,0.0,0.0,0,30.68,0.48
445,Europe,France,-,Mobile & Tablet,2024-11-05,539.9499999999999,Nov,2024,0.0,0.0,0.0,0.0,0.0,0.0,0.0,0.0,0.0,0.0,0.0,0.0,0.0,0.0,0.0,539.9499999999999,0.0,0.0,0,30.68,0.48
446,Europe,France,-,Mobile & Tablet,2024-11-06,577.86,Nov,2024,0.0,0.0,0.0,0.0,0.0,0.0,0.0,0.0,0.0,0.0,0.0,0.0,0.0,0.0,0.0,577.86,0.0,0.0,1,30.68,0.48
447,Europe,France,-,Mobile & Tablet,2024-11-07,667.1999999999999,Nov,2024,0.0,0.0,0.0,0.0,0.0,0.0,0.0,0.0,0.0,0.0,0.0,0.0,0.0,0.0,0.0,667.1999999999999,0.0,0.0,1,30.68,0.48
448,Europe,France,-,Mobile & Tablet,2024-11-08,462.90000000000003,Nov,2024,0.0,0.0,0.0,0.0,0.0,0.0,0.0,0.0,0.0,0.0,0.0,0.0,0.0,0.0,0.0,462.90000000000003,0.0,0.0,1,30.68,0.48
449,Europe,France,-,Mobile & Tablet,2024-11-09,239.98999999999998,Nov,2024,0.0,0.0,0.0,0.0,0.0,0.0,0.0,0.0,0.0,0.0,0.0,0.0,0.0,0.0,0.0,239.98999999999998,0.0,0.0,1,30.68,0.48
450,Europe,France,-,Mobile & Tablet,2024-11-10,195.39,Nov,2024,0.0,0.0,0.0,0.0,0.0,0.0,0.0,0.0,0.0,0.0,0.0,0.0,0.0,0.0,0.0,195.39,0.0,0.0,1,30.68,0.48
451,Europe,France,-,Mobile & Tablet,2024-11-11,775.98,Nov,2024,0.0,0.0,0.0,0.0,0.0,0.0,0.0,0.0,0.0,0.0,0.0,0.0,0.0,0.0,0.0,775.98,0.0,0.0,0,30.68,0.48
452,Europe,France,-,Mobile & Tablet,2024-11-12,584.6999999999998,Nov,2024,0.0,0.0,0.0,0.0,0.0,0.0,0.0,0.0,0.0,0.0,0.0,0.0,0.0,0.0,0.0,584.6999999999998,0.0,0.0,0,30.68,0.48
453,Europe,France,-,Mobile & Tablet,2024-11-13,643.36,Nov,2024,0.0,0.0,0.0,0.0,0.0,0.0,0.0,0.0,0.0,0.0,0.0,0.0,0.0,0.0,0.0,643.36,0.0,0.0,1,30.68,0.48
454,Europe,France,-,Mobile & Tablet,2024-11-14,718.32,Nov,2024,0.0,0.0,0.0,0.0,0.0,0.0,0.0,0.0,0.0,0.0,0.0,0.0,0.0,0.0,0.0,718.32,0.0,0.0,1,30.68,0.48
455,Europe,France,-,Mobile & Tablet,2024-11-15,574.3499999999999,Nov,2024,0.0,0.0,0.0,0.0,0.0,0.0,0.0,0.0,0.0,0.0,0.0,0.0,0.0,0.0,0.0,574.3499999999999,0.0,0.0,1,30.68,0.48
456,Europe,France,-,Mobile & Tablet,2024-11-16,419.69,Nov,2024,0.0,0.0,0.0,0.0,0.0,0.0,0.0,0.0,0.0,0.0,0.0,0.0,0.0,0.0,0.0,419.69,0.0,0.0,1,30.68,0.48
457,Europe,France,-,Mobile & Tablet,2024-11-17,328.45,Nov,2024,0.0,0.0,0.0,0.0,0.0,0.0,0.0,0.0,0.0,0.0,0.0,0.0,0.0,0.0,0.0,328.45,0.0,0.0,1,30.68,0.48
458,Europe,France,-,Mobile & Tablet,2024-11-18,633.53,Nov,2024,0.0,0.0,0.0,0.0,0.0,0.0,0.0,0.0,0.0,0.0,0.0,0.0,0.0,0.0,0.0,633.53,0.0,0.0,0,30.68,0.48
459,Europe,France,-,Mobile & Tablet,2024-11-19,828.5600000000001,Nov,2024,0.0,0.0,0.0,0.0,0.0,0.0,0.0,0.0,0.0,0.0,0.0,0.0,0.0,0.0,0.0,828.5600000000001,0.0,0.0,0,30.68,0.48
460,Europe,France,-,Mobile & Tablet,2024-11-20,712.39,Nov,2024,0.0,0.0,0.0,0.0,0.0,0.0,0.0,0.0,0.0,0.0,0.0,0.0,0.0,0.0,0.0,712.39,0.0,0.0,1,30.68,0.48
461,Europe,France,-,Mobile & Tablet,2024-11-21,784.45,Nov,2024,0.0,0.0,0.0,0.0,0.0,0.0,0.0,0.0,0.0,0.0,0.0,0.0,0.0,0.0,0.0,784.45,0.0,0.0,1,30.68,0.48
462,Europe,France,-,Mobile & Tablet,2024-11-22,631.29,Nov,2024,0.0,0.0,0.0,0.0,0.0,0.0,0.0,0.0,0.0,0.0,0.0,0.0,0.0,0.0,0.0,631.29,0.0,0.0,1,30.68,0.48
463,Europe,France,-,Mobile & Tablet,2024-11-23,351.52000000000004,Nov,2024,0.0,0.0,0.0,0.0,0.0,0.0,0.0,0.0,0.0,0.0,0.0,0.0,0.0,0.0,0.0,351.52000000000004,0.0,0.0,1,30.68,0.48
464,Europe,France,-,Mobile & Tablet,2024-11-24,412.69,Nov,2024,0.0,0.0,0.0,0.0,0.0,0.0,0.0,0.0,0.0,0.0,0.0,0.0,0.0,0.0,0.0,412.69,0.0,0.0,1,30.68,0.48
465,Europe,France,-,Mobile & Tablet,2024-11-25,753.34,Nov,2024,0.0,0.0,0.0,0.0,0.0,0.0,0.0,0.0,0.0,0.0,0.0,0.0,0.0,0.0,0.0,753.34,0.0,0.0,0,30.68,0.48
466,Europe,France,-,Mobile & Tablet,2024-11-26,781.3,Nov,2024,0.0,0.0,0.0,0.0,0.0,0.0,0.0,0.0,0.0,0.0,0.0,0.0,0.0,0.0,0.0,781.3,0.0,0.0,0,30.68,0.48
467,Europe,France,-,Mobile & Tablet,2024-11-27,924.74,Nov,2024,0.0,0.0,0.0,0.0,0.0,0.0,0.0,0.0,0.0,0.0,0.0,0.0,0.0,0.0,0.0,924.74,0.0,0.0,1,30.68,0.48
468,Europe,France,-,Mobile & Tablet,2024-11-28,1021.29,Nov,2024,0.0,0.0,0.0,0.0,0.0,0.0,0.0,0.0,0.0,0.0,0.0,0.0,0.0,0.0,0.0,1021.29,0.0,0.0,1,30.68,0.48
469,Europe,France,-,Mobile & Tablet,2024-11-29,699.14,Nov,2024,0.0,0.0,0.0,0.0,0.0,0.0,0.0,0.0,0.0,0.0,0.0,0.0,0.0,0.0,0.0,699.14,0.0,0.0,1,30.68,0.48
470,Europe,France,-,Mobile & Tablet,2024-11-30,421.62,Nov,2024,0.0,0.0,0.0,0.0,0.0,0.0,0.0,0.0,0.0,0.0,0.0,0.0,0.0,0.0,0.0,421.62,0.0,0.0,1,30.68,0.48
471,Europe,France,-,Mobile & Tablet,2024-12-01,401.03000000000003,Dec,2024,0.0,0.0,0.0,0.0,0.0,0.0,0.0,0.0,0.0,0.0,0.0,401.03000000000003,0.0,0.0,0.0,0.0,0.0,0.0,1,30.68,0.48
472,Europe,France,-,Mobile & Tablet,2024-12-02,761.9499999999999,Dec,2024,0.0,0.0,0.0,0.0,0.0,0.0,0.0,0.0,0.0,0.0,0.0,761.9499999999999,0.0,0.0,0.0,0.0,0.0,0.0,0,30.68,0.48
473,Europe,France,-,Mobile & Tablet,2024-12-03,931.94,Dec,2024,0.0,0.0,0.0,0.0,0.0,0.0,0.0,0.0,0.0,0.0,0.0,931.94,0.0,0.0,0.0,0.0,0.0,0.0,0,30.68,0.48
474,Europe,France,-,Mobile & Tablet,2024-12-04,891.42,Dec,2024,0.0,0.0,0.0,0.0,0.0,0.0,0.0,0.0,0.0,0.0,0.0,891.42,0.0,0.0,0.0,0.0,0.0,0.0,1,30.68,0.48
475,Europe,France,-,Mobile & Tablet,2024-12-05,957.6800000000002,Dec,2024,0.0,0.0,0.0,0.0,0.0,0.0,0.0,0.0,0.0,0.0,0.0,957.6800000000002,0.0,0.0,0.0,0.0,0.0,0.0,1,30.68,0.48
476,Europe,France,-,Mobile & Tablet,2024-12-06,823.7900000000001,Dec,2024,0.0,0.0,0.0,0.0,0.0,0.0,0.0,0.0,0.0,0.0,0.0,823.7900000000001,0.0,0.0,0.0,0.0,0.0,0.0,1,30.68,0.48
477,Europe,France,-,Mobile & Tablet,2024-12-07,542.05,Dec,2024,0.0,0.0,0.0,0.0,0.0,0.0,0.0,0.0,0.0,0.0,0.0,542.05,0.0,0.0,0.0,0.0,0.0,0.0,1,30.68,0.48
478,Europe,France,-,Mobile & Tablet,2024-12-08,370.5,Dec,2024,0.0,0.0,0.0,0.0,0.0,0.0,0.0,0.0,0.0,0.0,0.0,370.5,0.0,0.0,0.0,0.0,0.0,0.0,1,30.68,0.48
479,Europe,France,-,Mobile & Tablet,2024-12-09,852.45,Dec,2024,0.0,0.0,0.0,0.0,0.0,0.0,0.0,0.0,0.0,0.0,0.0,852.45,0.0,0.0,0.0,0.0,0.0,0.0,0,30.68,0.48
480,Europe,France,-,Mobile & Tablet,2024-12-10,917.05,Dec,2024,0.0,0.0,0.0,0.0,0.0,0.0,0.0,0.0,0.0,0.0,0.0,917.05,0.0,0.0,0.0,0.0,0.0,0.0,0,30.68,0.48
481,Europe,France,-,Mobile & Tablet,2024-12-11,1070.6999999999998,Dec,2024,0.0,0.0,0.0,0.0,0.0,0.0,0.0,0.0,0.0,0.0,0.0,1070.6999999999998,0.0,0.0,0.0,0.0,0.0,0.0,1,30.68,0.48
482,Europe,France,-,Mobile & Tablet,2024-12-12,1253.86,Dec,2024,0.0,0.0,0.0,0.0,0.0,0.0,0.0,0.0,0.0,0.0,0.0,1253.86,0.0,0.0,0.0,0.0,0.0,0.0,1,30.68,0.48
483,Europe,France,-,Mobile & Tablet,2024-12-13,896.52,Dec,2024,0.0,0.0,0.0,0.0,0.0,0.0,0.0,0.0,0.0,0.0,0.0,896.52,0.0,0.0,0.0,0.0,0.0,0.0,1,30.68,0.48
484,Europe,France,-,Mobile & Tablet,2024-12-14,405.65,Dec,2024,0.0,0.0,0.0,0.0,0.0,0.0,0.0,0.0,0.0,0.0,0.0,405.65,0.0,0.0,0.0,0.0,0.0,0.0,1,30.68,0.48
485,Europe,France,-,Mobile & Tablet,2024-12-15,257.23,Dec,2024,0.0,0.0,0.0,0.0,0.0,0.0,0.0,0.0,0.0,0.0,0.0,257.23,0.0,0.0,0.0,0.0,0.0,0.0,1,30.68,0.48
486,Europe,France,-,Mobile & Tablet,2024-12-16,783.91,Dec,2024,0.0,0.0,0.0,0.0,0.0,0.0,0.0,0.0,0.0,0.0,0.0,783.91,0.0,0.0,0.0,0.0,0.0,0.0,0,30.68,0.48
487,Europe,France,-,Mobile & Tablet,2024-12-17,867.19,Dec,2024,0.0,0.0,0.0,0.0,0.0,0.0,0.0,0.0,0.0,0.0,0.0,867.19,0.0,0.0,0.0,0.0,0.0,0.0,0,30.68,0.48
488,Europe,France,-,Mobile & Tablet,2024-12-18,848.6900000000002,Dec,2024,0.0,0.0,0.0,0.0,0.0,0.0,0.0,0.0,0.0,0.0,0.0,848.6900000000002,0.0,0.0,0.0,0.0,0.0,0.0,1,30.68,0.48
489,Europe,France,-,Mobile & Tablet,2024-12-19,949.8599999999999,Dec,2024,0.0,0.0,0.0,0.0,0.0,0.0,0.0,0.0,0.0,0.0,0.0,949.8599999999999,0.0,0.0,0.0,0.0,0.0,0.0,1,30.68,0.48
490,Europe,France,-,Mobile & Tablet,2024-12-20,627.3399999999999,Dec,2024,0.0,0.0,0.0,0.0,0.0,0.0,0.0,0.0,0.0,0.0,0.0,627.3399999999999,0.0,0.0,0.0,0.0,0.0,0.0,1,30.68,0.48
491,Europe,France,-,Mobile & Tablet,2024-12-21,392.62999999999994,Dec,2024,0.0,0.0,0.0,0.0,0.0,0.0,0.0,0.0,0.0,0.0,0.0,392.62999999999994,0.0,0.0,0.0,0.0,0.0,0.0,1,30.68,0.48
492,Europe,France,-,Mobile & Tablet,2024-12-22,129.31,Dec,2024,0.0,0.0,0.0,0.0,0.0,0.0,0.0,0.0,0.0,0.0,0.0,129.31,0.0,0.0,0.0,0.0,0.0,0.0,1,30.68,0.48
493,Europe,France,-,Mobile & Tablet,2024-12-23,390.344081632653,Dec,2024,0.0,0.0,0.0,0.0,0.0,0.0,0.0,0.0,0.0,0.0,0.0,390.344081632653,0.0,0.0,0.0,0.0,0.0,0.0,0,30.68,0.48
494,Europe,France,-,Mobile & Tablet,2024-12-24,390.344081632653,Dec,2024,0.0,0.0,0.0,0.0,0.0,0.0,0.0,0.0,0.0,0.0,0.0,390.344081632653,0.0,0.0,0.0,0.0,0.0,0.0,0,30.68,0.48
495,Europe,France,-,Mobile & Tablet,2024-12-25,49.99000000000001,Dec,2024,0.0,0.0,0.0,0.0,0.0,0.0,0.0,0.0,0.0,0.0,0.0,49.99000000000001,0.0,0.0,0.0,0.0,0.0,0.0,1,30.68,0.48
496,Europe,France,-,Mobile & Tablet,2024-12-26,390.344081632653,Dec,2024,0.0,0.0,0.0,0.0,0.0,0.0,0.0,0.0,0.0,0.0,0.0,390.344081632653,0.0,0.0,0.0,0.0,0.0,0.0,1,30.68,0.48
497,Europe,France,-,Mobile & Tablet,2024-12-27,390.344081632653,Dec,2024,0.0,0.0,0.0,0.0,0.0,0.0,0.0,0.0,0.0,0.0,0.0,390.344081632653,0.0,0.0,0.0,0.0,0.0,0.0,1,30.68,0.48
498,Europe,France,-,Mobile & Tablet,2024-12-28,390.344081632653,Dec,2024,0.0,0.0,0.0,0.0,0.0,0.0,0.0,0.0,0.0,0.0,0.0,390.344081632653,0.0,0.0,0.0,0.0,0.0,0.0,1,30.68,0.48
499,Europe,France,-,Mobile & Tablet,2024-12-29,390.344081632653,Dec,2024,0.0,0.0,0.0,0.0,0.0,0.0,0.0,0.0,0.0,0.0,0.0,390.344081632653,0.0,0.0,0.0,0.0,0.0,0.0,1,30.68,0.48
500,Europe,France,-,Mobile & Tablet,2024-12-30,219.29999999999998,Dec,2024,0.0,0.0,0.0,0.0,0.0,0.0,0.0,0.0,0.0,0.0,0.0,219.29999999999998,0.0,0.0,0.0,0.0,0.0,0.0,0,30.68,0.48
501,Europe,France,-,Mobile & Tablet,2024-12-31,570.14,Dec,2024,0.0,0.0,0.0,0.0,0.0,0.0,0.0,0.0,0.0,0.0,0.0,570.14,0.0,0.0,0.0,0.0,0.0,0.0,0,30.68,0.48
