,Region,Market,device_segment,Ds,OptimalConversionQuantity,OptimalSpendValue,Month,Year,BaseConversionQuantity,BaseSpend,SavedDate
37,France,France,Desktop,2024-06-01,0.0,764.92,Jun,2024,0.0,675.03,2024-06-05
38,France,France,Desktop,2024-06-02,0.0,661.62,Jun,2024,0.0,583.87,2024-06-05
39,France,France,Desktop,2024-06-03,606.0,4095.85,Jun,2024,599.0,3614.52,2024-06-05
40,France,France,Desktop,2024-06-04,666.0,3574.45,Jun,2024,660.0,3154.39,2024-06-05
41,France,France,Desktop,2024-06-05,630.0,2912.84,Jun,2024,625.0,2570.53,2024-06-05
42,France,France,Desktop,2024-06-06,635.0,2961.89,Jun,2024,630.0,2613.82,2024-06-05
43,France,France,Desktop,2024-06-07,515.0,2680.32,Jun,2024,510.0,2365.34,2024-06-05
44,France,France,Desktop,2024-06-08,0.0,835.88,Jun,2024,0.0,737.65,2024-06-05
45,France,France,Desktop,2024-06-09,0.0,670.58,Jun,2024,0.0,591.77,2024-06-05
46,France,France,Desktop,2024-06-10,629.0,3954.92,Jun,2024,622.0,3490.14,2024-06-05
47,France,France,Desktop,2024-06-11,699.0,4179.44,Jun,2024,692.0,3688.28,2024-06-05
48,France,France,Desktop,2024-06-12,669.0,4023.21,Jun,2024,662.0,3550.41,2024-06-05
49,France,France,Desktop,2024-06-13,664.0,3567.25,Jun,2024,658.0,3148.04,2024-06-05
50,France,France,Desktop,2024-06-14,543.0,3473.43,Jun,2024,537.0,3065.24,2024-06-05
51,France,France,Desktop,2024-06-15,0.0,829.46,Jun,2024,0.0,731.98,2024-06-05
52,France,France,Desktop,2024-06-16,0.0,1014.86,Jun,2024,0.0,895.6,2024-06-05
53,France,France,Desktop,2024-06-17,669.0,6430.85,Jun,2024,658.0,5675.11,2024-06-05
54,France,France,Desktop,2024-06-18,718.0,5594.44,Jun,2024,709.0,4937.0,2024-06-05
55,France,France,Desktop,2024-06-19,650.0,3161.32,Jun,2024,645.0,2789.81,2024-06-05
56,France,France,Desktop,2024-06-20,642.0,2833.06,Jun,2024,637.0,2500.13,2024-06-05
57,France,France,Desktop,2024-06-21,514.0,2550.53,Jun,2024,509.0,2250.8,2024-06-05
58,France,France,Desktop,2024-06-22,0.0,552.12,Jun,2024,0.0,487.24,2024-06-05
59,France,France,Desktop,2024-06-23,0.0,499.46,Jun,2024,0.0,440.77,2024-06-05
60,France,France,Desktop,2024-06-24,595.0,3298.53,Jun,2024,590.0,2910.9,2024-06-05
61,France,France,Desktop,2024-06-25,656.0,3428.29,Jun,2024,650.0,3025.41,2024-06-05
62,France,France,Desktop,2024-06-26,617.0,3118.06,Jun,2024,611.0,2751.63,2024-06-05
63,France,France,Desktop,2024-06-27,613.0,3168.17,Jun,2024,608.0,2795.85,2024-06-05
64,France,France,Desktop,2024-06-28,482.0,2720.31,Jun,2024,478.0,2400.63,2024-06-05
65,France,France,Desktop,2024-06-29,0.0,940.37,Jun,2024,0.0,829.86,2024-06-05
66,France,France,Desktop,2024-06-30,0.0,950.05,Jun,2024,0.0,838.4,2024-06-05
67,France,France,Desktop,2024-07-01,591.0,5109.45,Jul,2024,585.0,4667.01,2024-06-05
68,France,France,Desktop,2024-07-02,649.0,4874.61,Jul,2024,643.0,4452.5,2024-06-05
69,France,France,Desktop,2024-07-03,617.0,4856.76,Jul,2024,612.0,4436.2,2024-06-05
70,France,France,Desktop,2024-07-04,577.0,1996.47,Jul,2024,574.0,1823.59,2024-06-05
71,France,France,Desktop,2024-07-05,450.0,1570.94,Jul,2024,448.0,1434.9,2024-06-05
72,France,France,Desktop,2024-07-06,0.0,399.85,Jul,2024,0.0,365.22,2024-06-05
73,France,France,Desktop,2024-07-07,0.0,304.92,Jul,2024,0.0,278.52,2024-06-05
74,France,France,Desktop,2024-07-08,541.0,1784.39,Jul,2024,539.0,1629.87,2024-06-05
75,France,France,Desktop,2024-07-09,612.0,2101.47,Jul,2024,609.0,1919.5,2024-06-05
76,France,France,Desktop,2024-07-10,580.0,1894.17,Jul,2024,578.0,1730.15,2024-06-05
77,France,France,Desktop,2024-07-11,579.0,1638.93,Jul,2024,577.0,1497.01,2024-06-05
78,France,France,Desktop,2024-07-12,447.0,645.17,Jul,2024,446.0,589.3,2024-06-05
79,France,France,Desktop,2024-07-13,0.0,361.99,Jul,2024,0.0,330.64,2024-06-05
80,France,France,Desktop,2024-07-14,0.0,357.27,Jul,2024,0.0,326.34,2024-06-05
81,France,France,Desktop,2024-07-15,555.0,2050.22,Jul,2024,553.0,1872.68,2024-06-05
82,France,France,Desktop,2024-07-16,618.0,1995.51,Jul,2024,616.0,1822.71,2024-06-05
83,France,France,Desktop,2024-07-17,585.0,1863.27,Jul,2024,583.0,1701.92,2024-06-05
84,France,France,Desktop,2024-07-18,581.0,1698.44,Jul,2024,579.0,1551.37,2024-06-05
85,France,France,Desktop,2024-07-19,455.0,1517.91,Jul,2024,454.0,1386.47,2024-06-05
86,France,France,Desktop,2024-07-20,0.0,360.28,Jul,2024,0.0,329.08,2024-06-05
87,France,France,Desktop,2024-07-21,0.0,309.99,Jul,2024,0.0,283.14,2024-06-05
88,France,France,Desktop,2024-07-22,525.0,1664.46,Jul,2024,523.0,1520.33,2024-06-05
89,France,France,Desktop,2024-07-23,584.0,1908.21,Jul,2024,582.0,1742.97,2024-06-05
90,France,France,Desktop,2024-07-24,546.0,2057.12,Jul,2024,543.0,1878.98,2024-06-05
91,France,France,Desktop,2024-07-25,537.0,2221.12,Jul,2024,534.0,2028.79,2024-06-05
92,France,France,Desktop,2024-07-26,413.0,2845.95,Jul,2024,410.0,2599.51,2024-06-05
93,France,France,Desktop,2024-07-27,0.0,902.99,Jul,2024,0.0,824.8,2024-06-05
94,France,France,Desktop,2024-07-28,0.0,590.66,Jul,2024,0.0,539.52,2024-06-05
95,France,France,Desktop,2024-07-29,469.0,3910.58,Jul,2024,464.0,3571.95,2024-06-05
96,France,France,Desktop,2024-07-30,510.0,3396.24,Jul,2024,506.0,3102.15,2024-06-05
97,France,France,Desktop,2024-07-31,449.0,2330.37,Jul,2024,446.0,2128.57,2024-06-05
98,France,France,Desktop,2024-08-01,430.0,2163.0,Aug,2024,428.0,2031.23,2024-06-05
99,France,France,Desktop,2024-08-02,293.0,2157.68,Aug,2024,291.0,2026.23,2024-06-05
100,France,France,Desktop,2024-08-03,0.0,614.27,Aug,2024,0.0,576.85,2024-06-05
101,France,France,Desktop,2024-08-04,0.0,542.99,Aug,2024,0.0,509.91,2024-06-05
102,France,France,Desktop,2024-08-05,341.0,2893.12,Aug,2024,338.0,2716.87,2024-06-05
103,France,France,Desktop,2024-08-06,398.0,3456.43,Aug,2024,395.0,3245.87,2024-06-05
104,France,France,Desktop,2024-08-07,368.0,4421.37,Aug,2024,364.0,4152.03,2024-06-05
105,France,France,Desktop,2024-08-08,322.0,1881.44,Aug,2024,321.0,1766.83,2024-06-05
106,France,France,Desktop,2024-08-09,189.0,1670.38,Aug,2024,188.0,1568.62,2024-06-05
107,France,France,Desktop,2024-08-10,0.0,490.9,Aug,2024,0.0,461.0,2024-06-05
108,France,France,Desktop,2024-08-11,0.0,470.27,Aug,2024,0.0,441.63,2024-06-05
109,France,France,Desktop,2024-08-12,253.0,1600.98,Aug,2024,252.0,1503.45,2024-06-05
110,France,France,Desktop,2024-08-13,310.0,1231.51,Aug,2024,309.0,1156.49,2024-06-05
111,France,France,Desktop,2024-08-14,297.0,2608.65,Aug,2024,295.0,2449.73,2024-06-05
112,France,France,Desktop,2024-08-15,293.0,2211.08,Aug,2024,291.0,2076.38,2024-06-05
113,France,France,Desktop,2024-08-16,172.0,1979.89,Aug,2024,171.0,1859.28,2024-06-05
114,France,France,Desktop,2024-08-17,0.0,752.25,Aug,2024,0.0,706.42,2024-06-05
115,France,France,Desktop,2024-08-18,0.0,712.16,Aug,2024,0.0,668.77,2024-06-05
116,France,France,Desktop,2024-08-19,301.0,3846.8,Aug,2024,298.0,3612.46,2024-06-05
117,France,France,Desktop,2024-08-20,348.0,1826.65,Aug,2024,347.0,1715.37,2024-06-05
118,France,France,Desktop,2024-08-21,326.0,1559.39,Aug,2024,324.0,1464.39,2024-06-05
119,France,France,Desktop,2024-08-22,338.0,1583.51,Aug,2024,337.0,1487.04,2024-06-05
120,France,France,Desktop,2024-08-23,227.0,1277.47,Aug,2024,226.0,1199.65,2024-06-05
121,France,France,Desktop,2024-08-24,0.0,324.22,Aug,2024,0.0,304.47,2024-06-05
122,France,France,Desktop,2024-08-25,0.0,352.17,Aug,2024,0.0,330.72,2024-06-05
123,France,France,Desktop,2024-08-26,361.0,1774.6,Aug,2024,360.0,1666.49,2024-06-05
124,France,France,Desktop,2024-08-27,450.0,2587.46,Aug,2024,448.0,2429.83,2024-06-05
125,France,France,Desktop,2024-08-28,432.0,2411.73,Aug,2024,431.0,2264.81,2024-06-05
126,France,France,Desktop,2024-08-29,451.0,2742.42,Aug,2024,449.0,2575.36,2024-06-05
127,France,France,Desktop,2024-08-30,357.0,3649.42,Aug,2024,354.0,3427.1,2024-06-05
128,France,France,Desktop,2024-08-31,0.0,706.99,Aug,2024,0.0,663.92,2024-06-05
129,France,France,Desktop,2024-09-01,0.0,601.62,Sep,2024,0.0,578.15,2024-06-05
130,France,France,Desktop,2024-09-02,475.0,3306.07,Sep,2024,473.0,3177.09,2024-06-05
131,France,France,Desktop,2024-09-03,547.0,3082.61,Sep,2024,545.0,2962.35,2024-06-05
132,France,France,Desktop,2024-09-04,514.0,2121.48,Sep,2024,513.0,2038.72,2024-06-05
133,France,France,Desktop,2024-09-05,521.0,1886.73,Sep,2024,520.0,1813.12,2024-06-05
134,France,France,Desktop,2024-09-06,406.0,1719.94,Sep,2024,405.0,1652.84,2024-06-05
135,France,France,Desktop,2024-09-07,0.0,368.32,Sep,2024,0.0,353.95,2024-06-05
136,France,France,Desktop,2024-09-08,0.0,421.03,Sep,2024,0.0,404.6,2024-06-05
137,France,France,Desktop,2024-09-09,514.0,2068.07,Sep,2024,513.0,1987.39,2024-06-05
138,France,France,Desktop,2024-09-10,585.0,2288.34,Sep,2024,584.0,2199.07,2024-06-05
139,France,France,Desktop,2024-09-11,558.0,2307.82,Sep,2024,557.0,2217.78,2024-06-05
140,France,France,Desktop,2024-09-12,556.0,1883.81,Sep,2024,555.0,1810.32,2024-06-05
141,France,France,Desktop,2024-09-13,436.0,1742.53,Sep,2024,435.0,1674.55,2024-06-05
142,France,France,Desktop,2024-09-14,0.0,445.35,Sep,2024,0.0,427.97,2024-06-05
143,France,France,Desktop,2024-09-15,0.0,400.15,Sep,2024,0.0,384.54,2024-06-05
144,France,France,Desktop,2024-09-16,527.0,1908.73,Sep,2024,526.0,1834.26,2024-06-05
145,France,France,Desktop,2024-09-17,590.0,1817.96,Sep,2024,589.0,1747.04,2024-06-05
146,France,France,Desktop,2024-09-18,566.0,2256.84,Sep,2024,565.0,2168.8,2024-06-05
147,France,France,Desktop,2024-09-19,567.0,2253.12,Sep,2024,566.0,2165.22,2024-06-05
148,France,France,Desktop,2024-09-20,447.0,2292.27,Sep,2024,446.0,2202.84,2024-06-05
149,France,France,Desktop,2024-09-21,0.0,685.33,Sep,2024,0.0,658.6,2024-06-05
150,France,France,Desktop,2024-09-22,0.0,622.0,Sep,2024,0.0,597.74,2024-06-05
151,France,France,Desktop,2024-09-23,540.0,2747.04,Sep,2024,539.0,2639.87,2024-06-05
152,France,France,Desktop,2024-09-24,606.0,2787.19,Sep,2024,605.0,2678.45,2024-06-05
153,France,France,Desktop,2024-09-25,575.0,2630.62,Sep,2024,574.0,2528.0,2024-06-05
154,France,France,Desktop,2024-09-26,574.0,2394.38,Sep,2024,573.0,2300.97,2024-06-05
155,France,France,Desktop,2024-09-27,462.0,2944.15,Sep,2024,461.0,2829.29,2024-06-05
156,France,France,Desktop,2024-09-28,0.0,927.53,Sep,2024,0.0,891.34,2024-06-05
157,France,France,Desktop,2024-09-29,0.0,827.94,Sep,2024,0.0,795.64,2024-06-05
158,France,France,Desktop,2024-09-30,578.0,4902.86,Sep,2024,575.0,4711.59,2024-06-05
159,France,France,Desktop,2024-10-01,623.0,3195.71,Oct,2024,620.0,2915.56,2024-06-05
160,France,France,Desktop,2024-10-02,604.0,3919.45,Oct,2024,600.0,3575.86,2024-06-05
161,France,France,Desktop,2024-10-03,590.0,2595.06,Oct,2024,588.0,2367.57,2024-06-05
162,France,France,Desktop,2024-10-04,465.0,2008.1,Oct,2024,463.0,1832.06,2024-06-05
163,France,France,Desktop,2024-10-05,0.0,477.44,Oct,2024,0.0,435.59,2024-06-05
164,France,France,Desktop,2024-10-06,0.0,387.08,Oct,2024,0.0,353.14,2024-06-05
165,France,France,Desktop,2024-10-07,561.0,2418.67,Oct,2024,558.0,2206.64,2024-06-05
166,France,France,Desktop,2024-10-08,624.0,2248.53,Oct,2024,622.0,2051.42,2024-06-05
167,France,France,Desktop,2024-10-09,598.0,2519.09,Oct,2024,595.0,2298.26,2024-06-05
168,France,France,Desktop,2024-10-10,608.0,3263.17,Oct,2024,605.0,2977.11,2024-06-05
169,France,France,Desktop,2024-10-11,510.0,5095.25,Oct,2024,505.0,4648.59,2024-06-05
170,France,France,Desktop,2024-10-12,0.0,1535.44,Oct,2024,0.0,1400.83,2024-06-05
171,France,France,Desktop,2024-10-13,0.0,1112.99,Oct,2024,0.0,1015.42,2024-06-05
172,France,France,Desktop,2024-10-14,586.0,4560.46,Oct,2024,581.0,4160.68,2024-06-05
173,France,France,Desktop,2024-10-15,618.0,2099.24,Oct,2024,616.0,1915.22,2024-06-05
174,France,France,Desktop,2024-10-16,583.0,1899.28,Oct,2024,581.0,1732.78,2024-06-05
175,France,France,Desktop,2024-10-17,582.0,1963.48,Oct,2024,580.0,1791.35,2024-06-05
176,France,France,Desktop,2024-10-18,456.0,1755.26,Oct,2024,454.0,1601.39,2024-06-05
177,France,France,Desktop,2024-10-19,0.0,410.1,Oct,2024,0.0,374.15,2024-06-05
178,France,France,Desktop,2024-10-20,0.0,375.68,Oct,2024,0.0,342.75,2024-06-05
179,France,France,Desktop,2024-10-21,533.0,2194.8,Oct,2024,531.0,2002.39,2024-06-05
180,France,France,Desktop,2024-10-22,593.0,2275.13,Oct,2024,591.0,2075.69,2024-06-05
181,France,France,Desktop,2024-10-23,555.0,2101.21,Oct,2024,553.0,1917.01,2024-06-05
182,France,France,Desktop,2024-10-24,554.0,2413.92,Oct,2024,551.0,2202.31,2024-06-05
183,France,France,Desktop,2024-10-25,427.0,2364.29,Oct,2024,425.0,2157.03,2024-06-05
184,France,France,Desktop,2024-10-26,0.0,694.29,Oct,2024,0.0,633.42,2024-06-05
185,France,France,Desktop,2024-10-27,0.0,615.15,Oct,2024,0.0,561.23,2024-06-05
186,France,France,Desktop,2024-10-28,501.0,2977.29,Oct,2024,498.0,2716.29,2024-06-05
187,France,France,Desktop,2024-10-29,554.0,2567.73,Oct,2024,551.0,2342.64,2024-06-05
188,France,France,Desktop,2024-10-30,498.0,973.63,Oct,2024,497.0,888.28,2024-06-05
189,France,France,Desktop,2024-10-31,516.0,2931.62,Oct,2024,513.0,2674.62,2024-06-05
190,France,France,Desktop,2024-11-01,378.0,1949.23,Nov,2024,379.0,2029.65,2024-06-05
191,France,France,Desktop,2024-11-02,0.0,574.55,Nov,2024,0.0,598.26,2024-06-05
192,France,France,Desktop,2024-11-03,0.0,585.85,Nov,2024,0.0,610.02,2024-06-05
193,France,France,Desktop,2024-11-04,457.0,2813.91,Nov,2024,458.0,2930.01,2024-06-05
194,France,France,Desktop,2024-11-05,516.0,2780.69,Nov,2024,517.0,2895.42,2024-06-05
195,France,France,Desktop,2024-11-06,478.0,2529.32,Nov,2024,480.0,2633.67,2024-06-05
196,France,France,Desktop,2024-11-07,476.0,2613.05,Nov,2024,477.0,2720.85,2024-06-05
197,France,France,Desktop,2024-11-08,375.0,4581.96,Nov,2024,377.0,4771.0,2024-06-05
198,France,France,Desktop,2024-11-09,0.0,1551.34,Nov,2024,0.0,1615.34,2024-06-05
199,France,France,Desktop,2024-11-10,0.0,1173.65,Nov,2024,0.0,1222.08,2024-06-05
200,France,France,Desktop,2024-11-11,459.0,5032.89,Nov,2024,462.0,5240.53,2024-06-05
201,France,France,Desktop,2024-11-12,516.0,4422.9,Nov,2024,518.0,4605.37,2024-06-05
202,France,France,Desktop,2024-11-13,466.0,2747.89,Nov,2024,468.0,2861.26,2024-06-05
203,France,France,Desktop,2024-11-14,467.0,2697.75,Nov,2024,468.0,2809.05,2024-06-05
204,France,France,Desktop,2024-11-15,342.0,2194.91,Nov,2024,343.0,2285.47,2024-06-05
205,France,France,Desktop,2024-11-16,0.0,757.86,Nov,2024,0.0,789.13,2024-06-05
206,France,France,Desktop,2024-11-17,0.0,652.59,Nov,2024,0.0,679.51,2024-06-05
207,France,France,Desktop,2024-11-18,449.0,3411.19,Nov,2024,451.0,3551.93,2024-06-05
208,France,France,Desktop,2024-11-19,517.0,3402.9,Nov,2024,519.0,3543.29,2024-06-05
209,France,France,Desktop,2024-11-20,492.0,3395.0,Nov,2024,493.0,3535.07,2024-06-05
210,France,France,Desktop,2024-11-21,492.0,2941.95,Nov,2024,493.0,3063.33,2024-06-05
211,France,France,Desktop,2024-11-22,376.0,2898.34,Nov,2024,378.0,3017.91,2024-06-05
212,France,France,Desktop,2024-11-23,0.0,750.46,Nov,2024,0.0,781.42,2024-06-05
213,France,France,Desktop,2024-11-24,0.0,824.57,Nov,2024,0.0,858.59,2024-06-05
214,France,France,Desktop,2024-11-25,492.0,4086.39,Nov,2024,494.0,4254.98,2024-06-05
215,France,France,Desktop,2024-11-26,559.0,3826.73,Nov,2024,561.0,3984.61,2024-06-05
216,France,France,Desktop,2024-11-27,535.0,3820.06,Nov,2024,536.0,3977.67,2024-06-05
217,France,France,Desktop,2024-11-28,538.0,3562.25,Nov,2024,539.0,3709.22,2024-06-05
218,France,France,Desktop,2024-11-29,418.0,3177.64,Nov,2024,420.0,3308.75,2024-06-05
219,France,France,Desktop,2024-11-30,0.0,908.96,Nov,2024,0.0,946.46,2024-06-05
220,France,France,Desktop,2024-12-01,0.0,809.93,Dec,2024,0.0,926.74,2024-06-05
221,France,France,Desktop,2024-12-02,519.0,3502.91,Dec,2024,524.0,4008.1,2024-06-05
222,France,France,Desktop,2024-12-03,594.0,4249.76,Dec,2024,600.0,4862.67,2024-06-05
223,France,France,Desktop,2024-12-04,599.0,7352.09,Dec,2024,611.0,8412.41,2024-06-05
224,France,France,Desktop,2024-12-05,587.0,6187.75,Dec,2024,597.0,7080.15,2024-06-05
225,France,France,Desktop,2024-12-06,455.0,5147.0,Dec,2024,463.0,5889.31,2024-06-05
226,France,France,Desktop,2024-12-07,0.0,1077.0,Dec,2024,0.0,1232.33,2024-06-05
227,France,France,Desktop,2024-12-08,0.0,891.89,Dec,2024,0.0,1020.52,2024-06-05
228,France,France,Desktop,2024-12-09,535.0,5426.2,Dec,2024,543.0,6208.77,2024-06-05
229,France,France,Desktop,2024-12-10,593.0,5359.12,Dec,2024,601.0,6132.02,2024-06-05
230,France,France,Desktop,2024-12-11,569.0,6512.81,Dec,2024,580.0,7452.09,2024-06-05
231,France,France,Desktop,2024-12-12,563.0,6608.71,Dec,2024,574.0,7561.83,2024-06-05
232,France,France,Desktop,2024-12-13,431.0,6271.58,Dec,2024,441.0,7176.07,2024-06-05
233,France,France,Desktop,2024-12-14,0.0,1464.68,Dec,2024,0.0,1675.92,2024-06-05
234,France,France,Desktop,2024-12-15,0.0,1248.61,Dec,2024,0.0,1428.69,2024-06-05
235,France,France,Desktop,2024-12-16,493.0,6890.69,Dec,2024,504.0,7884.47,2024-06-05
236,France,France,Desktop,2024-12-17,526.0,5049.91,Dec,2024,534.0,5778.21,2024-06-05
237,France,France,Desktop,2024-12-18,470.0,3668.18,Dec,2024,476.0,4197.21,2024-06-05
238,France,France,Desktop,2024-12-19,456.0,3427.35,Dec,2024,461.0,3921.64,2024-06-05
239,France,France,Desktop,2024-12-20,342.0,5139.01,Dec,2024,350.0,5880.16,2024-06-05
240,France,France,Desktop,2024-12-21,0.0,1134.59,Dec,2024,0.0,1298.22,2024-06-05
241,France,France,Desktop,2024-12-22,0.0,379.23,Dec,2024,0.0,433.93,2024-06-05
242,France,France,Desktop,2024-12-23,360.0,1949.9,Dec,2024,363.0,2231.12,2024-06-05
243,France,France,Desktop,2024-12-24,414.0,1949.9,Dec,2024,417.0,2231.12,2024-06-05
244,France,France,Desktop,2024-12-25,360.0,612.99,Dec,2024,361.0,701.39,2024-06-05
245,France,France,Desktop,2024-12-26,366.0,1949.9,Dec,2024,369.0,2231.12,2024-06-05
246,France,France,Desktop,2024-12-27,239.0,1949.9,Dec,2024,242.0,2231.12,2024-06-05
247,France,France,Desktop,2024-12-28,0.0,1949.9,Dec,2024,0.0,2231.12,2024-06-05
248,France,France,Desktop,2024-12-29,0.0,1949.9,Dec,2024,0.0,2231.12,2024-06-05
249,France,France,Desktop,2024-12-30,292.0,328.31,Dec,2024,292.0,375.66,2024-06-05
250,France,France,Desktop,2024-12-31,366.0,1465.11,Dec,2024,368.0,1676.41,2024-06-05
288,France,France,Mobile & Tablet,2024-06-01,9.0,156.19,Jun,2024,9.0,177.24,2024-06-05
289,France,France,Mobile & Tablet,2024-06-02,12.0,103.62,Jun,2024,12.0,117.58,2024-06-05
290,France,France,Mobile & Tablet,2024-06-03,24.0,239.59,Jun,2024,25.0,271.88,2024-06-05
291,France,France,Mobile & Tablet,2024-06-04,23.0,262.09,Jun,2024,23.0,297.41,2024-06-05
292,France,France,Mobile & Tablet,2024-06-05,23.0,284.22,Jun,2024,23.0,322.53,2024-06-05
293,France,France,Mobile & Tablet,2024-06-06,21.0,241.03,Jun,2024,21.0,273.52,2024-06-05
294,France,France,Mobile & Tablet,2024-06-07,18.0,216.87,Jun,2024,18.0,246.11,2024-06-05
295,France,France,Mobile & Tablet,2024-06-08,11.0,134.32,Jun,2024,12.0,152.42,2024-06-05
296,France,France,Mobile & Tablet,2024-06-09,14.0,93.19,Jun,2024,14.0,105.75,2024-06-05
297,France,France,Mobile & Tablet,2024-06-10,27.0,308.19,Jun,2024,28.0,349.73,2024-06-05
298,France,France,Mobile & Tablet,2024-06-11,26.0,287.44,Jun,2024,26.0,326.18,2024-06-05
299,France,France,Mobile & Tablet,2024-06-12,25.0,251.35,Jun,2024,25.0,285.23,2024-06-05
300,France,France,Mobile & Tablet,2024-06-13,23.0,230.97,Jun,2024,23.0,262.1,2024-06-05
301,France,France,Mobile & Tablet,2024-06-14,20.0,244.81,Jun,2024,20.0,277.81,2024-06-05
302,France,France,Mobile & Tablet,2024-06-15,13.0,152.96,Jun,2024,13.0,173.57,2024-06-05
303,France,France,Mobile & Tablet,2024-06-16,16.0,108.39,Jun,2024,16.0,122.99,2024-06-05
304,France,France,Mobile & Tablet,2024-06-17,28.0,262.36,Jun,2024,28.0,297.72,2024-06-05
305,France,France,Mobile & Tablet,2024-06-18,26.0,229.33,Jun,2024,26.0,260.24,2024-06-05
306,France,France,Mobile & Tablet,2024-06-19,25.0,173.47,Jun,2024,25.0,196.85,2024-06-05
307,France,France,Mobile & Tablet,2024-06-20,22.0,147.11,Jun,2024,22.0,166.93,2024-06-05
308,France,France,Mobile & Tablet,2024-06-21,19.0,126.46,Jun,2024,19.0,143.5,2024-06-05
309,France,France,Mobile & Tablet,2024-06-22,12.0,80.54,Jun,2024,12.0,91.4,2024-06-05
310,France,France,Mobile & Tablet,2024-06-23,14.0,56.19,Jun,2024,14.0,63.76,2024-06-05
311,France,France,Mobile & Tablet,2024-06-24,26.0,205.2,Jun,2024,26.0,232.86,2024-06-05
312,France,France,Mobile & Tablet,2024-06-25,24.0,182.65,Jun,2024,24.0,207.27,2024-06-05
313,France,France,Mobile & Tablet,2024-06-26,22.0,190.28,Jun,2024,22.0,215.93,2024-06-05
314,France,France,Mobile & Tablet,2024-06-27,19.0,193.26,Jun,2024,19.0,219.3,2024-06-05
315,France,France,Mobile & Tablet,2024-06-28,16.0,174.52,Jun,2024,16.0,198.05,2024-06-05
316,France,France,Mobile & Tablet,2024-06-29,8.0,143.1,Jun,2024,8.0,162.38,2024-06-05
317,France,France,Mobile & Tablet,2024-06-30,10.0,133.77,Jun,2024,10.0,151.8,2024-06-05
318,France,France,Mobile & Tablet,2024-07-01,23.0,346.41,Jul,2024,23.0,386.77,2024-06-05
319,France,France,Mobile & Tablet,2024-07-02,21.0,349.51,Jul,2024,21.0,390.23,2024-06-05
320,France,France,Mobile & Tablet,2024-07-03,19.0,353.15,Jul,2024,19.0,394.29,2024-06-05
321,France,France,Mobile & Tablet,2024-07-04,17.0,266.1,Jul,2024,17.0,297.1,2024-06-05
322,France,France,Mobile & Tablet,2024-07-05,13.0,192.04,Jul,2024,13.0,214.41,2024-06-05
323,France,France,Mobile & Tablet,2024-07-06,6.0,77.36,Jul,2024,6.0,86.37,2024-06-05
324,France,France,Mobile & Tablet,2024-07-07,9.0,62.59,Jul,2024,9.0,69.88,2024-06-05
325,France,France,Mobile & Tablet,2024-07-08,21.0,191.56,Jul,2024,21.0,213.87,2024-06-05
326,France,France,Mobile & Tablet,2024-07-09,19.0,211.78,Jul,2024,19.0,236.45,2024-06-05
327,France,France,Mobile & Tablet,2024-07-10,18.0,250.69,Jul,2024,18.0,279.9,2024-06-05
328,France,France,Mobile & Tablet,2024-07-11,16.0,268.65,Jul,2024,16.0,299.94,2024-06-05
329,France,France,Mobile & Tablet,2024-07-12,13.0,157.35,Jul,2024,13.0,175.68,2024-06-05
330,France,France,Mobile & Tablet,2024-07-13,6.0,177.09,Jul,2024,6.0,197.72,2024-06-05
331,France,France,Mobile & Tablet,2024-07-14,0.0,128.86,Jul,2024,0.0,143.87,2024-06-05
332,France,France,Mobile & Tablet,2024-07-15,22.0,314.18,Jul,2024,22.0,350.78,2024-06-05
333,France,France,Mobile & Tablet,2024-07-16,20.0,312.04,Jul,2024,20.0,348.39,2024-06-05
334,France,France,Mobile & Tablet,2024-07-17,19.0,324.04,Jul,2024,20.0,361.79,2024-06-05
335,France,France,Mobile & Tablet,2024-07-18,17.0,253.15,Jul,2024,17.0,282.64,2024-06-05
336,France,France,Mobile & Tablet,2024-07-19,14.0,216.94,Jul,2024,14.0,242.21,2024-06-05
337,France,France,Mobile & Tablet,2024-07-20,7.0,139.05,Jul,2024,7.0,155.25,2024-06-05
338,France,France,Mobile & Tablet,2024-07-21,10.0,65.8,Jul,2024,10.0,73.47,2024-06-05
339,France,France,Mobile & Tablet,2024-07-22,22.0,205.61,Jul,2024,22.0,229.57,2024-06-05
340,France,France,Mobile & Tablet,2024-07-23,20.0,251.44,Jul,2024,20.0,280.73,2024-06-05
341,France,France,Mobile & Tablet,2024-07-24,19.0,301.86,Jul,2024,19.0,337.02,2024-06-05
342,France,France,Mobile & Tablet,2024-07-25,17.0,289.66,Jul,2024,17.0,323.4,2024-06-05
343,France,France,Mobile & Tablet,2024-07-26,13.0,313.42,Jul,2024,14.0,349.93,2024-06-05
344,France,France,Mobile & Tablet,2024-07-27,6.0,174.75,Jul,2024,6.0,195.11,2024-06-05
345,France,France,Mobile & Tablet,2024-07-28,8.0,119.55,Jul,2024,8.0,133.47,2024-06-05
346,France,France,Mobile & Tablet,2024-07-29,20.0,352.24,Jul,2024,21.0,393.27,2024-06-05
347,France,France,Mobile & Tablet,2024-07-30,18.0,340.38,Jul,2024,19.0,380.03,2024-06-05
348,France,France,Mobile & Tablet,2024-07-31,17.0,291.57,Jul,2024,17.0,325.53,2024-06-05
349,France,France,Mobile & Tablet,2024-08-01,14.0,287.56,Aug,2024,14.0,316.37,2024-06-05
350,France,France,Mobile & Tablet,2024-08-02,11.0,280.24,Aug,2024,11.0,308.32,2024-06-05
351,France,France,Mobile & Tablet,2024-08-03,3.0,147.22,Aug,2024,3.0,161.97,2024-06-05
352,France,France,Mobile & Tablet,2024-08-04,5.0,115.18,Aug,2024,5.0,126.72,2024-06-05
353,France,France,Mobile & Tablet,2024-08-05,18.0,366.44,Aug,2024,18.0,403.15,2024-06-05
354,France,France,Mobile & Tablet,2024-08-06,16.0,412.56,Aug,2024,16.0,453.89,2024-06-05
355,France,France,Mobile & Tablet,2024-08-07,14.0,405.09,Aug,2024,15.0,445.67,2024-06-05
356,France,France,Mobile & Tablet,2024-08-08,12.0,315.8,Aug,2024,12.0,347.44,2024-06-05
357,France,France,Mobile & Tablet,2024-08-09,9.0,301.5,Aug,2024,9.0,331.71,2024-06-05
358,France,France,Mobile & Tablet,2024-08-10,1.0,174.34,Aug,2024,1.0,191.81,2024-06-05
359,France,France,Mobile & Tablet,2024-08-11,4.0,132.77,Aug,2024,4.0,146.07,2024-06-05
360,France,France,Mobile & Tablet,2024-08-12,16.0,326.29,Aug,2024,17.0,358.98,2024-06-05
361,France,France,Mobile & Tablet,2024-08-13,15.0,192.39,Aug,2024,15.0,211.67,2024-06-05
362,France,France,Mobile & Tablet,2024-08-14,14.0,313.17,Aug,2024,14.0,344.55,2024-06-05
363,France,France,Mobile & Tablet,2024-08-15,4.0,359.82,Aug,2024,4.0,395.87,2024-06-05
364,France,France,Mobile & Tablet,2024-08-16,9.0,330.24,Aug,2024,9.0,363.32,2024-06-05
365,France,France,Mobile & Tablet,2024-08-17,2.0,183.85,Aug,2024,2.0,202.27,2024-06-05
366,France,France,Mobile & Tablet,2024-08-18,5.0,111.52,Aug,2024,5.0,122.7,2024-06-05
367,France,France,Mobile & Tablet,2024-08-19,18.0,347.95,Aug,2024,19.0,382.81,2024-06-05
368,France,France,Mobile & Tablet,2024-08-20,17.0,265.87,Aug,2024,17.0,292.51,2024-06-05
369,France,France,Mobile & Tablet,2024-08-21,16.0,255.89,Aug,2024,17.0,281.53,2024-06-05
370,France,France,Mobile & Tablet,2024-08-22,15.0,252.44,Aug,2024,15.0,277.73,2024-06-05
371,France,France,Mobile & Tablet,2024-08-23,12.0,233.22,Aug,2024,12.0,256.58,2024-06-05
372,France,France,Mobile & Tablet,2024-08-24,5.0,115.25,Aug,2024,5.0,126.79,2024-06-05
373,France,France,Mobile & Tablet,2024-08-25,8.0,80.1,Aug,2024,8.0,88.12,2024-06-05
374,France,France,Mobile & Tablet,2024-08-26,21.0,234.51,Aug,2024,21.0,258.01,2024-06-05
375,France,France,Mobile & Tablet,2024-08-27,20.0,277.3,Aug,2024,20.0,305.09,2024-06-05
376,France,France,Mobile & Tablet,2024-08-28,19.0,263.8,Aug,2024,19.0,290.23,2024-06-05
377,France,France,Mobile & Tablet,2024-08-29,17.0,313.52,Aug,2024,17.0,344.93,2024-06-05
378,France,France,Mobile & Tablet,2024-08-30,14.0,333.79,Aug,2024,14.0,367.23,2024-06-05
379,France,France,Mobile & Tablet,2024-08-31,7.0,208.87,Aug,2024,7.0,229.8,2024-06-05
380,France,France,Mobile & Tablet,2024-09-01,10.0,138.5,Sep,2024,10.0,146.4,2024-06-05
381,France,France,Mobile & Tablet,2024-09-02,22.0,424.31,Sep,2024,23.0,448.5,2024-06-05
382,France,France,Mobile & Tablet,2024-09-03,21.0,417.77,Sep,2024,21.0,441.6,2024-06-05
383,France,France,Mobile & Tablet,2024-09-04,20.0,357.75,Sep,2024,20.0,378.15,2024-06-05
384,France,France,Mobile & Tablet,2024-09-05,17.0,288.88,Sep,2024,17.0,305.35,2024-06-05
385,France,France,Mobile & Tablet,2024-09-06,14.0,254.04,Sep,2024,14.0,268.53,2024-06-05
386,France,France,Mobile & Tablet,2024-09-07,6.0,143.33,Sep,2024,6.0,151.51,2024-06-05
387,France,France,Mobile & Tablet,2024-09-08,9.0,100.72,Sep,2024,9.0,106.46,2024-06-05
388,France,France,Mobile & Tablet,2024-09-09,21.0,275.59,Sep,2024,21.0,291.31,2024-06-05
389,France,France,Mobile & Tablet,2024-09-10,20.0,288.59,Sep,2024,20.0,305.05,2024-06-05
390,France,France,Mobile & Tablet,2024-09-11,18.0,330.68,Sep,2024,19.0,349.54,2024-06-05
391,France,France,Mobile & Tablet,2024-09-12,16.0,299.19,Sep,2024,16.0,316.25,2024-06-05
392,France,France,Mobile & Tablet,2024-09-13,13.0,271.62,Sep,2024,13.0,287.1,2024-06-05
393,France,France,Mobile & Tablet,2024-09-14,6.0,145.23,Sep,2024,6.0,153.51,2024-06-05
394,France,France,Mobile & Tablet,2024-09-15,8.0,132.94,Sep,2024,8.0,140.52,2024-06-05
395,France,France,Mobile & Tablet,2024-09-16,21.0,262.9,Sep,2024,21.0,277.89,2024-06-05
396,France,France,Mobile & Tablet,2024-09-17,20.0,311.83,Sep,2024,20.0,329.61,2024-06-05
397,France,France,Mobile & Tablet,2024-09-18,19.0,312.12,Sep,2024,19.0,329.91,2024-06-05
398,France,France,Mobile & Tablet,2024-09-19,17.0,349.78,Sep,2024,17.0,369.73,2024-06-05
399,France,France,Mobile & Tablet,2024-09-20,14.0,335.18,Sep,2024,14.0,354.3,2024-06-05
400,France,France,Mobile & Tablet,2024-09-21,7.0,196.87,Sep,2024,7.0,208.1,2024-06-05
401,France,France,Mobile & Tablet,2024-09-22,10.0,127.83,Sep,2024,10.0,135.12,2024-06-05
402,France,France,Mobile & Tablet,2024-09-23,23.0,311.13,Sep,2024,23.0,328.87,2024-06-05
403,France,France,Mobile & Tablet,2024-09-24,22.0,373.13,Sep,2024,23.0,394.4,2024-06-05
404,France,France,Mobile & Tablet,2024-09-25,22.0,302.87,Sep,2024,22.0,320.14,2024-06-05
405,France,France,Mobile & Tablet,2024-09-26,20.0,428.53,Sep,2024,20.0,452.96,2024-06-05
406,France,France,Mobile & Tablet,2024-09-27,18.0,400.26,Sep,2024,18.0,423.08,2024-06-05
407,France,France,Mobile & Tablet,2024-09-28,11.0,203.25,Sep,2024,11.0,214.84,2024-06-05
408,France,France,Mobile & Tablet,2024-09-29,14.0,150.27,Sep,2024,14.0,158.84,2024-06-05
409,France,France,Mobile & Tablet,2024-09-30,28.0,525.38,Sep,2024,28.0,555.33,2024-06-05
410,France,France,Mobile & Tablet,2024-10-01,26.0,440.77,Oct,2024,26.0,474.63,2024-06-05
411,France,France,Mobile & Tablet,2024-10-02,25.0,365.16,Oct,2024,25.0,393.21,2024-06-05
412,France,France,Mobile & Tablet,2024-10-03,24.0,398.7,Oct,2024,24.0,429.33,2024-06-05
413,France,France,Mobile & Tablet,2024-10-04,21.0,423.13,Oct,2024,21.0,455.64,2024-06-05
414,France,France,Mobile & Tablet,2024-10-05,14.0,183.27,Oct,2024,14.0,197.35,2024-06-05
415,France,France,Mobile & Tablet,2024-10-06,16.0,93.18,Oct,2024,16.0,100.34,2024-06-05
416,France,France,Mobile & Tablet,2024-10-07,29.0,296.12,Oct,2024,29.0,318.88,2024-06-05
417,France,France,Mobile & Tablet,2024-10-08,28.0,305.65,Oct,2024,28.0,329.14,2024-06-05
418,France,France,Mobile & Tablet,2024-10-09,27.0,251.49,Oct,2024,27.0,270.82,2024-06-05
419,France,France,Mobile & Tablet,2024-10-10,24.0,307.98,Oct,2024,24.0,331.64,2024-06-05
420,France,France,Mobile & Tablet,2024-10-11,21.0,253.75,Oct,2024,21.0,273.25,2024-06-05
421,France,France,Mobile & Tablet,2024-10-12,14.0,141.01,Oct,2024,14.0,151.84,2024-06-05
422,France,France,Mobile & Tablet,2024-10-13,16.0,89.79,Oct,2024,16.0,96.69,2024-06-05
423,France,France,Mobile & Tablet,2024-10-14,29.0,309.79,Oct,2024,29.0,333.59,2024-06-05
424,France,France,Mobile & Tablet,2024-10-15,27.0,279.9,Oct,2024,27.0,301.41,2024-06-05
425,France,France,Mobile & Tablet,2024-10-16,25.0,273.53,Oct,2024,26.0,294.55,2024-06-05
426,France,France,Mobile & Tablet,2024-10-17,23.0,241.22,Oct,2024,23.0,259.76,2024-06-05
427,France,France,Mobile & Tablet,2024-10-18,20.0,178.81,Oct,2024,20.0,192.55,2024-06-05
428,France,France,Mobile & Tablet,2024-10-19,12.0,127.97,Oct,2024,12.0,137.81,2024-06-05
429,France,France,Mobile & Tablet,2024-10-20,15.0,84.05,Oct,2024,15.0,90.51,2024-06-05
430,France,France,Mobile & Tablet,2024-10-21,27.0,203.85,Oct,2024,27.0,219.51,2024-06-05
431,France,France,Mobile & Tablet,2024-10-22,25.0,278.32,Oct,2024,25.0,299.71,2024-06-05
432,France,France,Mobile & Tablet,2024-10-23,24.0,266.48,Oct,2024,24.0,286.95,2024-06-05
433,France,France,Mobile & Tablet,2024-10-24,22.0,323.29,Oct,2024,22.0,348.13,2024-06-05
434,France,France,Mobile & Tablet,2024-10-25,18.0,301.03,Oct,2024,18.0,324.16,2024-06-05
435,France,France,Mobile & Tablet,2024-10-26,11.0,201.38,Oct,2024,11.0,216.85,2024-06-05
436,France,France,Mobile & Tablet,2024-10-27,14.0,142.75,Oct,2024,14.0,153.72,2024-06-05
437,France,France,Mobile & Tablet,2024-10-28,26.0,281.16,Oct,2024,26.0,302.76,2024-06-05
438,France,France,Mobile & Tablet,2024-10-29,24.0,324.22,Oct,2024,24.0,349.13,2024-06-05
439,France,France,Mobile & Tablet,2024-10-30,23.0,228.13,Oct,2024,23.0,245.65,2024-06-05
440,France,France,Mobile & Tablet,2024-10-31,21.0,343.26,Oct,2024,21.0,369.63,2024-06-05
441,France,France,Mobile & Tablet,2024-11-01,18.0,282.82,Nov,2024,18.0,320.59,2024-06-05
442,France,France,Mobile & Tablet,2024-11-02,11.0,181.25,Nov,2024,11.0,205.45,2024-06-05
443,France,France,Mobile & Tablet,2024-11-03,13.0,154.96,Nov,2024,13.0,175.65,2024-06-05
444,France,France,Mobile & Tablet,2024-11-04,26.0,362.21,Nov,2024,26.0,410.57,2024-06-05
445,France,France,Mobile & Tablet,2024-11-05,24.0,365.58,Nov,2024,24.0,414.4,2024-06-05
446,France,France,Mobile & Tablet,2024-11-06,23.0,391.25,Nov,2024,23.0,443.49,2024-06-05
447,France,France,Mobile & Tablet,2024-11-07,21.0,451.73,Nov,2024,21.0,512.06,2024-06-05
448,France,France,Mobile & Tablet,2024-11-08,18.0,313.41,Nov,2024,18.0,355.26,2024-06-05
449,France,France,Mobile & Tablet,2024-11-09,10.0,162.49,Nov,2024,11.0,184.19,2024-06-05
450,France,France,Mobile & Tablet,2024-11-10,13.0,132.29,Nov,2024,13.0,149.96,2024-06-05
451,France,France,Mobile & Tablet,2024-11-11,25.0,525.38,Nov,2024,25.0,595.54,2024-06-05
452,France,France,Mobile & Tablet,2024-11-12,24.0,395.88,Nov,2024,24.0,448.74,2024-06-05
453,France,France,Mobile & Tablet,2024-11-13,23.0,435.59,Nov,2024,23.0,493.76,2024-06-05
454,France,France,Mobile & Tablet,2024-11-14,21.0,486.35,Nov,2024,21.0,551.29,2024-06-05
455,France,France,Mobile & Tablet,2024-11-15,17.0,388.87,Nov,2024,17.0,440.8,2024-06-05
456,France,France,Mobile & Tablet,2024-11-16,10.0,284.16,Nov,2024,10.0,322.1,2024-06-05
457,France,France,Mobile & Tablet,2024-11-17,12.0,222.38,Nov,2024,12.0,252.08,2024-06-05
458,France,France,Mobile & Tablet,2024-11-18,25.0,428.94,Nov,2024,25.0,486.22,2024-06-05
459,France,France,Mobile & Tablet,2024-11-19,24.0,560.98,Nov,2024,24.0,635.9,2024-06-05
460,France,France,Mobile & Tablet,2024-11-20,22.0,482.33,Nov,2024,23.0,546.74,2024-06-05
461,France,France,Mobile & Tablet,2024-11-21,20.0,531.12,Nov,2024,21.0,602.04,2024-06-05
462,France,France,Mobile & Tablet,2024-11-22,17.0,427.42,Nov,2024,17.0,484.5,2024-06-05
463,France,France,Mobile & Tablet,2024-11-23,10.0,238.0,Nov,2024,10.0,269.78,2024-06-05
464,France,France,Mobile & Tablet,2024-11-24,13.0,279.42,Nov,2024,13.0,316.73,2024-06-05
465,France,France,Mobile & Tablet,2024-11-25,26.0,510.06,Nov,2024,26.0,578.17,2024-06-05
466,France,France,Mobile & Tablet,2024-11-26,25.0,528.99,Nov,2024,25.0,599.63,2024-06-05
467,France,France,Mobile & Tablet,2024-11-27,25.0,626.1,Nov,2024,25.0,709.71,2024-06-05
468,France,France,Mobile & Tablet,2024-11-28,23.0,691.47,Nov,2024,24.0,783.81,2024-06-05
469,France,France,Mobile & Tablet,2024-11-29,20.0,473.36,Nov,2024,20.0,536.57,2024-06-05
470,France,France,Mobile & Tablet,2024-11-30,13.0,285.46,Nov,2024,13.0,323.58,2024-06-05
471,France,France,Mobile & Tablet,2024-12-01,16.0,244.42,Dec,2024,16.0,307.78,2024-06-05
472,France,France,Mobile & Tablet,2024-12-02,30.0,464.39,Dec,2024,30.0,584.77,2024-06-05
473,France,France,Mobile & Tablet,2024-12-03,29.0,568.0,Dec,2024,29.0,715.24,2024-06-05
474,France,France,Mobile & Tablet,2024-12-04,28.0,543.3,Dec,2024,29.0,684.14,2024-06-05
475,France,France,Mobile & Tablet,2024-12-05,27.0,583.69,Dec,2024,28.0,734.99,2024-06-05
476,France,France,Mobile & Tablet,2024-12-06,24.0,502.08,Dec,2024,25.0,632.24,2024-06-05
477,France,France,Mobile & Tablet,2024-12-07,17.0,330.37,Dec,2024,18.0,416.01,2024-06-05
478,France,France,Mobile & Tablet,2024-12-08,21.0,225.81,Dec,2024,21.0,284.35,2024-06-05
479,France,France,Mobile & Tablet,2024-12-09,34.0,519.55,Dec,2024,34.0,654.23,2024-06-05
480,France,France,Mobile & Tablet,2024-12-10,33.0,558.92,Dec,2024,33.0,703.81,2024-06-05
481,France,France,Mobile & Tablet,2024-12-11,32.0,652.57,Dec,2024,33.0,821.73,2024-06-05
482,France,France,Mobile & Tablet,2024-12-12,31.0,764.2,Dec,2024,32.0,962.3,2024-06-05
483,France,France,Mobile & Tablet,2024-12-13,27.0,546.41,Dec,2024,28.0,688.05,2024-06-05
484,France,France,Mobile & Tablet,2024-12-14,20.0,247.24,Dec,2024,20.0,311.32,2024-06-05
485,France,France,Mobile & Tablet,2024-12-15,22.0,156.78,Dec,2024,22.0,197.42,2024-06-05
486,France,France,Mobile & Tablet,2024-12-16,35.0,477.78,Dec,2024,35.0,601.63,2024-06-05
487,France,France,Mobile & Tablet,2024-12-17,33.0,528.53,Dec,2024,33.0,665.54,2024-06-05
488,France,France,Mobile & Tablet,2024-12-18,31.0,517.26,Dec,2024,32.0,651.35,2024-06-05
489,France,France,Mobile & Tablet,2024-12-19,29.0,578.92,Dec,2024,30.0,728.99,2024-06-05
490,France,France,Mobile & Tablet,2024-12-20,25.0,382.35,Dec,2024,25.0,481.47,2024-06-05
491,France,France,Mobile & Tablet,2024-12-21,17.0,239.3,Dec,2024,17.0,301.33,2024-06-05
492,France,France,Mobile & Tablet,2024-12-22,18.0,78.81,Dec,2024,19.0,99.24,2024-06-05
493,France,France,Mobile & Tablet,2024-12-23,30.0,237.91,Dec,2024,30.0,299.58,2024-06-05
494,France,France,Mobile & Tablet,2024-12-24,28.0,237.91,Dec,2024,28.0,299.58,2024-06-05
495,France,France,Mobile & Tablet,2024-12-25,22.0,30.47,Dec,2024,22.0,38.37,2024-06-05
496,France,France,Mobile & Tablet,2024-12-26,23.0,237.91,Dec,2024,23.0,299.58,2024-06-05
497,France,France,Mobile & Tablet,2024-12-27,18.0,237.91,Dec,2024,19.0,299.58,2024-06-05
498,France,France,Mobile & Tablet,2024-12-28,11.0,237.91,Dec,2024,11.0,299.58,2024-06-05
499,France,France,Mobile & Tablet,2024-12-29,12.0,237.91,Dec,2024,12.0,299.58,2024-06-05
500,France,France,Mobile & Tablet,2024-12-30,24.0,133.66,Dec,2024,24.0,168.31,2024-06-05
501,France,France,Mobile & Tablet,2024-12-31,22.0,347.49,Dec,2024,22.0,437.57,2024-06-05
