,region,market,funnel,account_type,ds,X,Month,Year,UK_Desktop_-_Apr_2024,UK_Desktop_-_Aug_2024,UK_Desktop_-_Dec_2024,UK_Desktop_-_Jul_2024,UK_Desktop_-_Jun_2024,UK_Desktop_-_May_2024,UK_Desktop_-_Nov_2024,UK_Desktop_-_Oct_2024,UK_Desktop_-_Sep_2024,UK_Mobile_&_Tablet_-_Apr_2024,UK_Mobile_&_Tablet_-_Aug_2024,UK_Mobile_&_Tablet_-_Dec_2024,UK_Mobile_&_Tablet_-_Jul_2024,UK_Mobile_&_Tablet_-_Jun_2024,UK_Mobile_&_Tablet_-_May_2024,UK_Mobile_&_Tablet_-_Nov_2024,UK_Mobile_&_Tablet_-_Oct_2024,UK_Mobile_&_Tablet_-_Sep_2024,Weekend,AOV,ROAS
0,EMEA,UK,-,Desktop,2024-04-25,4131.43,Apr,2024,4131.43,0.0,0.0,0.0,0.0,0.0,0.0,0.0,0.0,0.0,0.0,0.0,0.0,0.0,0.0,0.0,0.0,0.0,1,23.28,1.98
1,EMEA,UK,-,Desktop,2024-04-26,10975.789999999999,Apr,2024,10975.789999999999,0.0,0.0,0.0,0.0,0.0,0.0,0.0,0.0,0.0,0.0,0.0,0.0,0.0,0.0,0.0,0.0,0.0,1,23.28,1.98
2,EMEA,UK,-,Desktop,2024-04-27,969.9700000000001,Apr,2024,969.9700000000001,0.0,0.0,0.0,0.0,0.0,0.0,0.0,0.0,0.0,0.0,0.0,0.0,0.0,0.0,0.0,0.0,0.0,1,23.28,1.98
3,EMEA,UK,-,Desktop,2024-04-28,834.15,Apr,2024,834.15,0.0,0.0,0.0,0.0,0.0,0.0,0.0,0.0,0.0,0.0,0.0,0.0,0.0,0.0,0.0,0.0,0.0,1,23.28,1.98
4,EMEA,UK,-,Desktop,2024-04-29,2319.64,Apr,2024,2319.64,0.0,0.0,0.0,0.0,0.0,0.0,0.0,0.0,0.0,0.0,0.0,0.0,0.0,0.0,0.0,0.0,0.0,0,23.28,1.98
5,EMEA,UK,-,Desktop,2024-04-30,4920.88,Apr,2024,4920.88,0.0,0.0,0.0,0.0,0.0,0.0,0.0,0.0,0.0,0.0,0.0,0.0,0.0,0.0,0.0,0.0,0.0,0,23.28,1.98
6,EMEA,UK,-,Desktop,2024-05-01,4341.63,May,2024,0.0,0.0,0.0,0.0,0.0,4341.63,0.0,0.0,0.0,0.0,0.0,0.0,0.0,0.0,0.0,0.0,0.0,0.0,1,23.28,1.98
7,EMEA,UK,-,Desktop,2024-05-02,4217.62,May,2024,0.0,0.0,0.0,0.0,0.0,4217.62,0.0,0.0,0.0,0.0,0.0,0.0,0.0,0.0,0.0,0.0,0.0,0.0,1,23.28,1.98
8,EMEA,UK,-,Desktop,2024-05-03,3732.3700000000003,May,2024,0.0,0.0,0.0,0.0,0.0,3732.3700000000003,0.0,0.0,0.0,0.0,0.0,0.0,0.0,0.0,0.0,0.0,0.0,0.0,1,23.28,1.98
9,EMEA,UK,-,Desktop,2024-05-04,851.0,May,2024,0.0,0.0,0.0,0.0,0.0,851.0,0.0,0.0,0.0,0.0,0.0,0.0,0.0,0.0,0.0,0.0,0.0,0.0,1,23.28,1.98
10,EMEA,UK,-,Desktop,2024-05-05,584.54,May,2024,0.0,0.0,0.0,0.0,0.0,584.54,0.0,0.0,0.0,0.0,0.0,0.0,0.0,0.0,0.0,0.0,0.0,0.0,1,23.28,1.98
11,EMEA,UK,-,Desktop,2024-05-06,1782.6499999999996,May,2024,0.0,0.0,0.0,0.0,0.0,1782.6499999999996,0.0,0.0,0.0,0.0,0.0,0.0,0.0,0.0,0.0,0.0,0.0,0.0,0,23.28,1.98
12,EMEA,UK,-,Desktop,2024-05-07,4472.029999999999,May,2024,0.0,0.0,0.0,0.0,0.0,4472.029999999999,0.0,0.0,0.0,0.0,0.0,0.0,0.0,0.0,0.0,0.0,0.0,0.0,0,23.28,1.98
13,EMEA,UK,-,Desktop,2024-05-08,3733.3700000000003,May,2024,0.0,0.0,0.0,0.0,0.0,3733.3700000000003,0.0,0.0,0.0,0.0,0.0,0.0,0.0,0.0,0.0,0.0,0.0,0.0,1,23.28,1.98
14,EMEA,UK,-,Desktop,2024-05-09,2713.43,May,2024,0.0,0.0,0.0,0.0,0.0,2713.43,0.0,0.0,0.0,0.0,0.0,0.0,0.0,0.0,0.0,0.0,0.0,0.0,1,23.28,1.98
15,EMEA,UK,-,Desktop,2024-05-10,2497.2000000000003,May,2024,0.0,0.0,0.0,0.0,0.0,2497.2000000000003,0.0,0.0,0.0,0.0,0.0,0.0,0.0,0.0,0.0,0.0,0.0,0.0,1,23.28,1.98
16,EMEA,UK,-,Desktop,2024-05-11,464.36,May,2024,0.0,0.0,0.0,0.0,0.0,464.36,0.0,0.0,0.0,0.0,0.0,0.0,0.0,0.0,0.0,0.0,0.0,0.0,1,23.28,1.98
17,EMEA,UK,-,Desktop,2024-05-12,685.7700000000001,May,2024,0.0,0.0,0.0,0.0,0.0,685.7700000000001,0.0,0.0,0.0,0.0,0.0,0.0,0.0,0.0,0.0,0.0,0.0,0.0,1,23.28,1.98
18,EMEA,UK,-,Desktop,2024-05-13,3626.32,May,2024,0.0,0.0,0.0,0.0,0.0,3626.32,0.0,0.0,0.0,0.0,0.0,0.0,0.0,0.0,0.0,0.0,0.0,0.0,0,23.28,1.98
19,EMEA,UK,-,Desktop,2024-05-14,3181.9299999999994,May,2024,0.0,0.0,0.0,0.0,0.0,3181.9299999999994,0.0,0.0,0.0,0.0,0.0,0.0,0.0,0.0,0.0,0.0,0.0,0.0,0,23.28,1.98
20,EMEA,UK,-,Desktop,2024-05-15,3620.0900000000006,May,2024,0.0,0.0,0.0,0.0,0.0,3620.0900000000006,0.0,0.0,0.0,0.0,0.0,0.0,0.0,0.0,0.0,0.0,0.0,0.0,1,23.28,1.98
21,EMEA,UK,-,Desktop,2024-05-16,3397.74,May,2024,0.0,0.0,0.0,0.0,0.0,3397.74,0.0,0.0,0.0,0.0,0.0,0.0,0.0,0.0,0.0,0.0,0.0,0.0,1,23.28,1.98
22,EMEA,UK,-,Desktop,2024-05-17,3104.5599999999995,May,2024,0.0,0.0,0.0,0.0,0.0,3104.5599999999995,0.0,0.0,0.0,0.0,0.0,0.0,0.0,0.0,0.0,0.0,0.0,0.0,1,23.28,1.98
23,EMEA,UK,-,Desktop,2024-05-18,654.5600000000001,May,2024,0.0,0.0,0.0,0.0,0.0,654.5600000000001,0.0,0.0,0.0,0.0,0.0,0.0,0.0,0.0,0.0,0.0,0.0,0.0,1,23.28,1.98
24,EMEA,UK,-,Desktop,2024-05-19,757.6299999999999,May,2024,0.0,0.0,0.0,0.0,0.0,757.6299999999999,0.0,0.0,0.0,0.0,0.0,0.0,0.0,0.0,0.0,0.0,0.0,0.0,1,23.28,1.98
25,EMEA,UK,-,Desktop,2024-05-20,4026.18,May,2024,0.0,0.0,0.0,0.0,0.0,4026.18,0.0,0.0,0.0,0.0,0.0,0.0,0.0,0.0,0.0,0.0,0.0,0.0,0,23.28,1.98
26,EMEA,UK,-,Desktop,2024-05-21,3861.13,May,2024,0.0,0.0,0.0,0.0,0.0,3861.13,0.0,0.0,0.0,0.0,0.0,0.0,0.0,0.0,0.0,0.0,0.0,0.0,0,23.28,1.98
27,EMEA,UK,-,Desktop,2024-05-22,3406.4800000000005,May,2024,0.0,0.0,0.0,0.0,0.0,3406.4800000000005,0.0,0.0,0.0,0.0,0.0,0.0,0.0,0.0,0.0,0.0,0.0,0.0,1,23.28,1.98
28,EMEA,UK,-,Desktop,2024-05-23,2905.3,May,2024,0.0,0.0,0.0,0.0,0.0,2905.3,0.0,0.0,0.0,0.0,0.0,0.0,0.0,0.0,0.0,0.0,0.0,0.0,1,23.28,1.98
29,EMEA,UK,-,Desktop,2024-05-24,2126.1200000000003,May,2024,0.0,0.0,0.0,0.0,0.0,2126.1200000000003,0.0,0.0,0.0,0.0,0.0,0.0,0.0,0.0,0.0,0.0,0.0,0.0,1,23.28,1.98
30,EMEA,UK,-,Desktop,2024-05-25,111.57,May,2024,0.0,0.0,0.0,0.0,0.0,111.57,0.0,0.0,0.0,0.0,0.0,0.0,0.0,0.0,0.0,0.0,0.0,0.0,1,23.28,1.98
31,EMEA,UK,-,Desktop,2024-05-26,86.56,May,2024,0.0,0.0,0.0,0.0,0.0,86.56,0.0,0.0,0.0,0.0,0.0,0.0,0.0,0.0,0.0,0.0,0.0,0.0,1,23.28,1.98
32,EMEA,UK,-,Desktop,2024-05-27,142.29999999999998,May,2024,0.0,0.0,0.0,0.0,0.0,142.29999999999998,0.0,0.0,0.0,0.0,0.0,0.0,0.0,0.0,0.0,0.0,0.0,0.0,0,23.28,1.98
33,EMEA,UK,-,Desktop,2024-05-28,829.3600000000001,May,2024,0.0,0.0,0.0,0.0,0.0,829.3600000000001,0.0,0.0,0.0,0.0,0.0,0.0,0.0,0.0,0.0,0.0,0.0,0.0,0,23.28,1.98
34,EMEA,UK,-,Desktop,2024-05-29,2310.58,May,2024,0.0,0.0,0.0,0.0,0.0,2310.58,0.0,0.0,0.0,0.0,0.0,0.0,0.0,0.0,0.0,0.0,0.0,0.0,1,23.28,1.98
35,EMEA,UK,-,Desktop,2024-05-30,5424.699999999999,May,2024,0.0,0.0,0.0,0.0,0.0,5424.699999999999,0.0,0.0,0.0,0.0,0.0,0.0,0.0,0.0,0.0,0.0,0.0,0.0,1,23.28,1.98
36,EMEA,UK,-,Desktop,2024-05-31,4005.8000000000006,May,2024,0.0,0.0,0.0,0.0,0.0,4005.8000000000006,0.0,0.0,0.0,0.0,0.0,0.0,0.0,0.0,0.0,0.0,0.0,0.0,1,23.28,1.98
37,EMEA,UK,-,Desktop,2024-06-01,755.6400000000002,Jun,2024,0.0,0.0,0.0,0.0,755.6400000000002,0.0,0.0,0.0,0.0,0.0,0.0,0.0,0.0,0.0,0.0,0.0,0.0,0.0,1,23.28,1.98
38,EMEA,UK,-,Desktop,2024-06-02,854.4900000000001,Jun,2024,0.0,0.0,0.0,0.0,854.4900000000001,0.0,0.0,0.0,0.0,0.0,0.0,0.0,0.0,0.0,0.0,0.0,0.0,0.0,1,23.28,1.98
39,EMEA,UK,-,Desktop,2024-06-03,4413.81,Jun,2024,0.0,0.0,0.0,0.0,4413.81,0.0,0.0,0.0,0.0,0.0,0.0,0.0,0.0,0.0,0.0,0.0,0.0,0.0,0,23.28,1.98
40,EMEA,UK,-,Desktop,2024-06-04,3865.42,Jun,2024,0.0,0.0,0.0,0.0,3865.42,0.0,0.0,0.0,0.0,0.0,0.0,0.0,0.0,0.0,0.0,0.0,0.0,0.0,0,23.28,1.98
41,EMEA,UK,-,Desktop,2024-06-05,3467.9,Jun,2024,0.0,0.0,0.0,0.0,3467.9,0.0,0.0,0.0,0.0,0.0,0.0,0.0,0.0,0.0,0.0,0.0,0.0,0.0,1,23.28,1.98
42,EMEA,UK,-,Desktop,2024-06-06,3373.4700000000003,Jun,2024,0.0,0.0,0.0,0.0,3373.4700000000003,0.0,0.0,0.0,0.0,0.0,0.0,0.0,0.0,0.0,0.0,0.0,0.0,0.0,1,23.28,1.98
43,EMEA,UK,-,Desktop,2024-06-07,4112.97,Jun,2024,0.0,0.0,0.0,0.0,4112.97,0.0,0.0,0.0,0.0,0.0,0.0,0.0,0.0,0.0,0.0,0.0,0.0,0.0,1,23.28,1.98
44,EMEA,UK,-,Desktop,2024-06-08,1007.54,Jun,2024,0.0,0.0,0.0,0.0,1007.54,0.0,0.0,0.0,0.0,0.0,0.0,0.0,0.0,0.0,0.0,0.0,0.0,0.0,1,23.28,1.98
45,EMEA,UK,-,Desktop,2024-06-09,1165.1000000000001,Jun,2024,0.0,0.0,0.0,0.0,1165.1000000000001,0.0,0.0,0.0,0.0,0.0,0.0,0.0,0.0,0.0,0.0,0.0,0.0,0.0,1,23.28,1.98
46,EMEA,UK,-,Desktop,2024-06-10,6187.440000000001,Jun,2024,0.0,0.0,0.0,0.0,6187.440000000001,0.0,0.0,0.0,0.0,0.0,0.0,0.0,0.0,0.0,0.0,0.0,0.0,0.0,0,23.28,1.98
47,EMEA,UK,-,Desktop,2024-06-11,3320.9700000000007,Jun,2024,0.0,0.0,0.0,0.0,3320.9700000000007,0.0,0.0,0.0,0.0,0.0,0.0,0.0,0.0,0.0,0.0,0.0,0.0,0.0,0,23.28,1.98
48,EMEA,UK,-,Desktop,2024-06-12,3032.2200000000003,Jun,2024,0.0,0.0,0.0,0.0,3032.2200000000003,0.0,0.0,0.0,0.0,0.0,0.0,0.0,0.0,0.0,0.0,0.0,0.0,0.0,1,23.28,1.98
49,EMEA,UK,-,Desktop,2024-06-13,3199.5099999999998,Jun,2024,0.0,0.0,0.0,0.0,3199.5099999999998,0.0,0.0,0.0,0.0,0.0,0.0,0.0,0.0,0.0,0.0,0.0,0.0,0.0,1,23.28,1.98
50,EMEA,UK,-,Desktop,2024-06-14,2591.0899999999997,Jun,2024,0.0,0.0,0.0,0.0,2591.0899999999997,0.0,0.0,0.0,0.0,0.0,0.0,0.0,0.0,0.0,0.0,0.0,0.0,0.0,1,23.28,1.98
51,EMEA,UK,-,Desktop,2024-06-15,832.3700000000001,Jun,2024,0.0,0.0,0.0,0.0,832.3700000000001,0.0,0.0,0.0,0.0,0.0,0.0,0.0,0.0,0.0,0.0,0.0,0.0,0.0,1,23.28,1.98
52,EMEA,UK,-,Desktop,2024-06-16,1178.1,Jun,2024,0.0,0.0,0.0,0.0,1178.1,0.0,0.0,0.0,0.0,0.0,0.0,0.0,0.0,0.0,0.0,0.0,0.0,0.0,1,23.28,1.98
53,EMEA,UK,-,Desktop,2024-06-17,7818.89,Jun,2024,0.0,0.0,0.0,0.0,7818.89,0.0,0.0,0.0,0.0,0.0,0.0,0.0,0.0,0.0,0.0,0.0,0.0,0.0,0,23.28,1.98
54,EMEA,UK,-,Desktop,2024-06-18,5686.71,Jun,2024,0.0,0.0,0.0,0.0,5686.71,0.0,0.0,0.0,0.0,0.0,0.0,0.0,0.0,0.0,0.0,0.0,0.0,0.0,0,23.28,1.98
55,EMEA,UK,-,Desktop,2024-06-19,2068.52,Jun,2024,0.0,0.0,0.0,0.0,2068.52,0.0,0.0,0.0,0.0,0.0,0.0,0.0,0.0,0.0,0.0,0.0,0.0,0.0,1,23.28,1.98
56,EMEA,UK,-,Desktop,2024-06-20,1826.1900000000003,Jun,2024,0.0,0.0,0.0,0.0,1826.1900000000003,0.0,0.0,0.0,0.0,0.0,0.0,0.0,0.0,0.0,0.0,0.0,0.0,0.0,1,23.28,1.98
57,EMEA,UK,-,Desktop,2024-06-21,1739.88,Jun,2024,0.0,0.0,0.0,0.0,1739.88,0.0,0.0,0.0,0.0,0.0,0.0,0.0,0.0,0.0,0.0,0.0,0.0,0.0,1,23.28,1.98
58,EMEA,UK,-,Desktop,2024-06-22,387.38,Jun,2024,0.0,0.0,0.0,0.0,387.38,0.0,0.0,0.0,0.0,0.0,0.0,0.0,0.0,0.0,0.0,0.0,0.0,0.0,1,23.28,1.98
59,EMEA,UK,-,Desktop,2024-06-23,424.9899999999999,Jun,2024,0.0,0.0,0.0,0.0,424.9899999999999,0.0,0.0,0.0,0.0,0.0,0.0,0.0,0.0,0.0,0.0,0.0,0.0,0.0,1,23.28,1.98
60,EMEA,UK,-,Desktop,2024-06-24,2391.16,Jun,2024,0.0,0.0,0.0,0.0,2391.16,0.0,0.0,0.0,0.0,0.0,0.0,0.0,0.0,0.0,0.0,0.0,0.0,0.0,0,23.28,1.98
61,EMEA,UK,-,Desktop,2024-06-25,2052.13,Jun,2024,0.0,0.0,0.0,0.0,2052.13,0.0,0.0,0.0,0.0,0.0,0.0,0.0,0.0,0.0,0.0,0.0,0.0,0.0,0,23.28,1.98
62,EMEA,UK,-,Desktop,2024-06-26,2217.67,Jun,2024,0.0,0.0,0.0,0.0,2217.67,0.0,0.0,0.0,0.0,0.0,0.0,0.0,0.0,0.0,0.0,0.0,0.0,0.0,1,23.28,1.98
63,EMEA,UK,-,Desktop,2024-06-27,2030.56,Jun,2024,0.0,0.0,0.0,0.0,2030.56,0.0,0.0,0.0,0.0,0.0,0.0,0.0,0.0,0.0,0.0,0.0,0.0,0.0,1,23.28,1.98
64,EMEA,UK,-,Desktop,2024-06-28,1580.47,Jun,2024,0.0,0.0,0.0,0.0,1580.47,0.0,0.0,0.0,0.0,0.0,0.0,0.0,0.0,0.0,0.0,0.0,0.0,0.0,1,23.28,1.98
65,EMEA,UK,-,Desktop,2024-06-29,376.8299999999999,Jun,2024,0.0,0.0,0.0,0.0,376.8299999999999,0.0,0.0,0.0,0.0,0.0,0.0,0.0,0.0,0.0,0.0,0.0,0.0,0.0,1,23.28,1.98
66,EMEA,UK,-,Desktop,2024-06-30,438.13,Jun,2024,0.0,0.0,0.0,0.0,438.13,0.0,0.0,0.0,0.0,0.0,0.0,0.0,0.0,0.0,0.0,0.0,0.0,0.0,1,23.28,1.98
67,EMEA,UK,-,Desktop,2024-07-01,2419.33,Jul,2024,0.0,0.0,0.0,2419.33,0.0,0.0,0.0,0.0,0.0,0.0,0.0,0.0,0.0,0.0,0.0,0.0,0.0,0.0,0,23.28,1.98
68,EMEA,UK,-,Desktop,2024-07-02,2174.34,Jul,2024,0.0,0.0,0.0,2174.34,0.0,0.0,0.0,0.0,0.0,0.0,0.0,0.0,0.0,0.0,0.0,0.0,0.0,0.0,0,23.28,1.98
69,EMEA,UK,-,Desktop,2024-07-03,2451.4700000000003,Jul,2024,0.0,0.0,0.0,2451.4700000000003,0.0,0.0,0.0,0.0,0.0,0.0,0.0,0.0,0.0,0.0,0.0,0.0,0.0,0.0,1,23.28,1.98
70,EMEA,UK,-,Desktop,2024-07-04,2415.2000000000003,Jul,2024,0.0,0.0,0.0,2415.2000000000003,0.0,0.0,0.0,0.0,0.0,0.0,0.0,0.0,0.0,0.0,0.0,0.0,0.0,0.0,1,23.28,1.98
71,EMEA,UK,-,Desktop,2024-07-05,2231.06,Jul,2024,0.0,0.0,0.0,2231.06,0.0,0.0,0.0,0.0,0.0,0.0,0.0,0.0,0.0,0.0,0.0,0.0,0.0,0.0,1,23.28,1.98
72,EMEA,UK,-,Desktop,2024-07-06,434.26000000000005,Jul,2024,0.0,0.0,0.0,434.26000000000005,0.0,0.0,0.0,0.0,0.0,0.0,0.0,0.0,0.0,0.0,0.0,0.0,0.0,0.0,1,23.28,1.98
73,EMEA,UK,-,Desktop,2024-07-07,508.09000000000003,Jul,2024,0.0,0.0,0.0,508.09000000000003,0.0,0.0,0.0,0.0,0.0,0.0,0.0,0.0,0.0,0.0,0.0,0.0,0.0,0.0,1,23.28,1.98
74,EMEA,UK,-,Desktop,2024-07-08,2773.1499999999996,Jul,2024,0.0,0.0,0.0,2773.1499999999996,0.0,0.0,0.0,0.0,0.0,0.0,0.0,0.0,0.0,0.0,0.0,0.0,0.0,0.0,0,23.28,1.98
75,EMEA,UK,-,Desktop,2024-07-09,2255.2,Jul,2024,0.0,0.0,0.0,2255.2,0.0,0.0,0.0,0.0,0.0,0.0,0.0,0.0,0.0,0.0,0.0,0.0,0.0,0.0,0,23.28,1.98
76,EMEA,UK,-,Desktop,2024-07-10,2283.0299999999993,Jul,2024,0.0,0.0,0.0,2283.0299999999993,0.0,0.0,0.0,0.0,0.0,0.0,0.0,0.0,0.0,0.0,0.0,0.0,0.0,0.0,1,23.28,1.98
77,EMEA,UK,-,Desktop,2024-07-11,1810.9500000000003,Jul,2024,0.0,0.0,0.0,1810.9500000000003,0.0,0.0,0.0,0.0,0.0,0.0,0.0,0.0,0.0,0.0,0.0,0.0,0.0,0.0,1,23.28,1.98
78,EMEA,UK,-,Desktop,2024-07-12,1654.28,Jul,2024,0.0,0.0,0.0,1654.28,0.0,0.0,0.0,0.0,0.0,0.0,0.0,0.0,0.0,0.0,0.0,0.0,0.0,0.0,1,23.28,1.98
79,EMEA,UK,-,Desktop,2024-07-13,818.4399999999999,Jul,2024,0.0,0.0,0.0,818.4399999999999,0.0,0.0,0.0,0.0,0.0,0.0,0.0,0.0,0.0,0.0,0.0,0.0,0.0,0.0,1,23.28,1.98
80,EMEA,UK,-,Desktop,2024-07-14,1133.46,Jul,2024,0.0,0.0,0.0,1133.46,0.0,0.0,0.0,0.0,0.0,0.0,0.0,0.0,0.0,0.0,0.0,0.0,0.0,0.0,1,23.28,1.98
81,EMEA,UK,-,Desktop,2024-07-15,5005.9400000000005,Jul,2024,0.0,0.0,0.0,5005.9400000000005,0.0,0.0,0.0,0.0,0.0,0.0,0.0,0.0,0.0,0.0,0.0,0.0,0.0,0.0,0,23.28,1.98
82,EMEA,UK,-,Desktop,2024-07-16,5049.0599999999995,Jul,2024,0.0,0.0,0.0,5049.0599999999995,0.0,0.0,0.0,0.0,0.0,0.0,0.0,0.0,0.0,0.0,0.0,0.0,0.0,0.0,0,23.28,1.98
83,EMEA,UK,-,Desktop,2024-07-17,4149.59,Jul,2024,0.0,0.0,0.0,4149.59,0.0,0.0,0.0,0.0,0.0,0.0,0.0,0.0,0.0,0.0,0.0,0.0,0.0,0.0,1,23.28,1.98
84,EMEA,UK,-,Desktop,2024-07-18,1722.57,Jul,2024,0.0,0.0,0.0,1722.57,0.0,0.0,0.0,0.0,0.0,0.0,0.0,0.0,0.0,0.0,0.0,0.0,0.0,0.0,1,23.28,1.98
85,EMEA,UK,-,Desktop,2024-07-19,1396.9199999999996,Jul,2024,0.0,0.0,0.0,1396.9199999999996,0.0,0.0,0.0,0.0,0.0,0.0,0.0,0.0,0.0,0.0,0.0,0.0,0.0,0.0,1,23.28,1.98
86,EMEA,UK,-,Desktop,2024-07-20,365.62,Jul,2024,0.0,0.0,0.0,365.62,0.0,0.0,0.0,0.0,0.0,0.0,0.0,0.0,0.0,0.0,0.0,0.0,0.0,0.0,1,23.28,1.98
87,EMEA,UK,-,Desktop,2024-07-21,360.7699999999999,Jul,2024,0.0,0.0,0.0,360.7699999999999,0.0,0.0,0.0,0.0,0.0,0.0,0.0,0.0,0.0,0.0,0.0,0.0,0.0,0.0,1,23.28,1.98
88,EMEA,UK,-,Desktop,2024-07-22,2599.77,Jul,2024,0.0,0.0,0.0,2599.77,0.0,0.0,0.0,0.0,0.0,0.0,0.0,0.0,0.0,0.0,0.0,0.0,0.0,0.0,0,23.28,1.98
89,EMEA,UK,-,Desktop,2024-07-23,2999.6499999999996,Jul,2024,0.0,0.0,0.0,2999.6499999999996,0.0,0.0,0.0,0.0,0.0,0.0,0.0,0.0,0.0,0.0,0.0,0.0,0.0,0.0,0,23.28,1.98
90,EMEA,UK,-,Desktop,2024-07-24,4035.2899999999995,Jul,2024,0.0,0.0,0.0,4035.2899999999995,0.0,0.0,0.0,0.0,0.0,0.0,0.0,0.0,0.0,0.0,0.0,0.0,0.0,0.0,1,23.28,1.98
91,EMEA,UK,-,Desktop,2024-07-25,4053.15,Jul,2024,0.0,0.0,0.0,4053.15,0.0,0.0,0.0,0.0,0.0,0.0,0.0,0.0,0.0,0.0,0.0,0.0,0.0,0.0,1,23.28,1.98
92,EMEA,UK,-,Desktop,2024-07-26,4517.75,Jul,2024,0.0,0.0,0.0,4517.75,0.0,0.0,0.0,0.0,0.0,0.0,0.0,0.0,0.0,0.0,0.0,0.0,0.0,0.0,1,23.28,1.98
93,EMEA,UK,-,Desktop,2024-07-27,1428.78,Jul,2024,0.0,0.0,0.0,1428.78,0.0,0.0,0.0,0.0,0.0,0.0,0.0,0.0,0.0,0.0,0.0,0.0,0.0,0.0,1,23.28,1.98
94,EMEA,UK,-,Desktop,2024-07-28,1483.3800000000003,Jul,2024,0.0,0.0,0.0,1483.3800000000003,0.0,0.0,0.0,0.0,0.0,0.0,0.0,0.0,0.0,0.0,0.0,0.0,0.0,0.0,1,23.28,1.98
95,EMEA,UK,-,Desktop,2024-07-29,7286.240000000002,Jul,2024,0.0,0.0,0.0,7286.240000000002,0.0,0.0,0.0,0.0,0.0,0.0,0.0,0.0,0.0,0.0,0.0,0.0,0.0,0.0,0,23.28,1.98
96,EMEA,UK,-,Desktop,2024-07-30,6214.850000000001,Jul,2024,0.0,0.0,0.0,6214.850000000001,0.0,0.0,0.0,0.0,0.0,0.0,0.0,0.0,0.0,0.0,0.0,0.0,0.0,0.0,0,23.28,1.98
97,EMEA,UK,-,Desktop,2024-07-31,3007.1,Jul,2024,0.0,0.0,0.0,3007.1,0.0,0.0,0.0,0.0,0.0,0.0,0.0,0.0,0.0,0.0,0.0,0.0,0.0,0.0,1,23.28,1.98
98,EMEA,UK,-,Desktop,2024-08-01,2524.1,Aug,2024,0.0,2524.1,0.0,0.0,0.0,0.0,0.0,0.0,0.0,0.0,0.0,0.0,0.0,0.0,0.0,0.0,0.0,0.0,1,23.28,1.98
99,EMEA,UK,-,Desktop,2024-08-02,3207.5600000000004,Aug,2024,0.0,3207.5600000000004,0.0,0.0,0.0,0.0,0.0,0.0,0.0,0.0,0.0,0.0,0.0,0.0,0.0,0.0,0.0,0.0,1,23.28,1.98
100,EMEA,UK,-,Desktop,2024-08-03,994.4399999999999,Aug,2024,0.0,994.4399999999999,0.0,0.0,0.0,0.0,0.0,0.0,0.0,0.0,0.0,0.0,0.0,0.0,0.0,0.0,0.0,0.0,1,23.28,1.98
101,EMEA,UK,-,Desktop,2024-08-04,1048.1999999999998,Aug,2024,0.0,1048.1999999999998,0.0,0.0,0.0,0.0,0.0,0.0,0.0,0.0,0.0,0.0,0.0,0.0,0.0,0.0,0.0,0.0,1,23.28,1.98
102,EMEA,UK,-,Desktop,2024-08-05,4843.0,Aug,2024,0.0,4843.0,0.0,0.0,0.0,0.0,0.0,0.0,0.0,0.0,0.0,0.0,0.0,0.0,0.0,0.0,0.0,0.0,0,23.28,1.98
103,EMEA,UK,-,Desktop,2024-08-06,4758.460000000001,Aug,2024,0.0,4758.460000000001,0.0,0.0,0.0,0.0,0.0,0.0,0.0,0.0,0.0,0.0,0.0,0.0,0.0,0.0,0.0,0.0,0,23.28,1.98
104,EMEA,UK,-,Desktop,2024-08-07,3514.1500000000005,Aug,2024,0.0,3514.1500000000005,0.0,0.0,0.0,0.0,0.0,0.0,0.0,0.0,0.0,0.0,0.0,0.0,0.0,0.0,0.0,0.0,1,23.28,1.98
105,EMEA,UK,-,Desktop,2024-08-08,2233.81,Aug,2024,0.0,2233.81,0.0,0.0,0.0,0.0,0.0,0.0,0.0,0.0,0.0,0.0,0.0,0.0,0.0,0.0,0.0,0.0,1,23.28,1.98
106,EMEA,UK,-,Desktop,2024-08-09,1755.25,Aug,2024,0.0,1755.25,0.0,0.0,0.0,0.0,0.0,0.0,0.0,0.0,0.0,0.0,0.0,0.0,0.0,0.0,0.0,0.0,1,23.28,1.98
107,EMEA,UK,-,Desktop,2024-08-10,507.94000000000005,Aug,2024,0.0,507.94000000000005,0.0,0.0,0.0,0.0,0.0,0.0,0.0,0.0,0.0,0.0,0.0,0.0,0.0,0.0,0.0,0.0,1,23.28,1.98
108,EMEA,UK,-,Desktop,2024-08-11,556.2099999999999,Aug,2024,0.0,556.2099999999999,0.0,0.0,0.0,0.0,0.0,0.0,0.0,0.0,0.0,0.0,0.0,0.0,0.0,0.0,0.0,0.0,1,23.28,1.98
109,EMEA,UK,-,Desktop,2024-08-12,2491.81,Aug,2024,0.0,2491.81,0.0,0.0,0.0,0.0,0.0,0.0,0.0,0.0,0.0,0.0,0.0,0.0,0.0,0.0,0.0,0.0,0,23.28,1.98
110,EMEA,UK,-,Desktop,2024-08-13,3895.5699999999997,Aug,2024,0.0,3895.5699999999997,0.0,0.0,0.0,0.0,0.0,0.0,0.0,0.0,0.0,0.0,0.0,0.0,0.0,0.0,0.0,0.0,0,23.28,1.98
111,EMEA,UK,-,Desktop,2024-08-14,5090.75,Aug,2024,0.0,5090.75,0.0,0.0,0.0,0.0,0.0,0.0,0.0,0.0,0.0,0.0,0.0,0.0,0.0,0.0,0.0,0.0,1,23.28,1.98
112,EMEA,UK,-,Desktop,2024-08-15,4768.780000000001,Aug,2024,0.0,4768.780000000001,0.0,0.0,0.0,0.0,0.0,0.0,0.0,0.0,0.0,0.0,0.0,0.0,0.0,0.0,0.0,0.0,1,23.28,1.98
113,EMEA,UK,-,Desktop,2024-08-16,4392.140000000001,Aug,2024,0.0,4392.140000000001,0.0,0.0,0.0,0.0,0.0,0.0,0.0,0.0,0.0,0.0,0.0,0.0,0.0,0.0,0.0,0.0,1,23.28,1.98
114,EMEA,UK,-,Desktop,2024-08-17,1184.96,Aug,2024,0.0,1184.96,0.0,0.0,0.0,0.0,0.0,0.0,0.0,0.0,0.0,0.0,0.0,0.0,0.0,0.0,0.0,0.0,1,23.28,1.98
115,EMEA,UK,-,Desktop,2024-08-18,1224.53,Aug,2024,0.0,1224.53,0.0,0.0,0.0,0.0,0.0,0.0,0.0,0.0,0.0,0.0,0.0,0.0,0.0,0.0,0.0,0.0,1,23.28,1.98
116,EMEA,UK,-,Desktop,2024-08-19,4990.37,Aug,2024,0.0,4990.37,0.0,0.0,0.0,0.0,0.0,0.0,0.0,0.0,0.0,0.0,0.0,0.0,0.0,0.0,0.0,0.0,0,23.28,1.98
117,EMEA,UK,-,Desktop,2024-08-20,2572.62,Aug,2024,0.0,2572.62,0.0,0.0,0.0,0.0,0.0,0.0,0.0,0.0,0.0,0.0,0.0,0.0,0.0,0.0,0.0,0.0,0,23.28,1.98
118,EMEA,UK,-,Desktop,2024-08-21,2669.21,Aug,2024,0.0,2669.21,0.0,0.0,0.0,0.0,0.0,0.0,0.0,0.0,0.0,0.0,0.0,0.0,0.0,0.0,0.0,0.0,1,23.28,1.98
119,EMEA,UK,-,Desktop,2024-08-22,2289.1299999999997,Aug,2024,0.0,2289.1299999999997,0.0,0.0,0.0,0.0,0.0,0.0,0.0,0.0,0.0,0.0,0.0,0.0,0.0,0.0,0.0,0.0,1,23.28,1.98
120,EMEA,UK,-,Desktop,2024-08-23,1694.4199999999998,Aug,2024,0.0,1694.4199999999998,0.0,0.0,0.0,0.0,0.0,0.0,0.0,0.0,0.0,0.0,0.0,0.0,0.0,0.0,0.0,0.0,1,23.28,1.98
121,EMEA,UK,-,Desktop,2024-08-24,505.9599999999999,Aug,2024,0.0,505.9599999999999,0.0,0.0,0.0,0.0,0.0,0.0,0.0,0.0,0.0,0.0,0.0,0.0,0.0,0.0,0.0,0.0,1,23.28,1.98
122,EMEA,UK,-,Desktop,2024-08-25,429.49999999999994,Aug,2024,0.0,429.49999999999994,0.0,0.0,0.0,0.0,0.0,0.0,0.0,0.0,0.0,0.0,0.0,0.0,0.0,0.0,0.0,0.0,1,23.28,1.98
123,EMEA,UK,-,Desktop,2024-08-26,1233.4199999999998,Aug,2024,0.0,1233.4199999999998,0.0,0.0,0.0,0.0,0.0,0.0,0.0,0.0,0.0,0.0,0.0,0.0,0.0,0.0,0.0,0.0,0,23.28,1.98
124,EMEA,UK,-,Desktop,2024-08-27,5865.03,Aug,2024,0.0,5865.03,0.0,0.0,0.0,0.0,0.0,0.0,0.0,0.0,0.0,0.0,0.0,0.0,0.0,0.0,0.0,0.0,0,23.28,1.98
125,EMEA,UK,-,Desktop,2024-08-28,6005.419999999999,Aug,2024,0.0,6005.419999999999,0.0,0.0,0.0,0.0,0.0,0.0,0.0,0.0,0.0,0.0,0.0,0.0,0.0,0.0,0.0,0.0,1,23.28,1.98
126,EMEA,UK,-,Desktop,2024-08-29,6990.429999999999,Aug,2024,0.0,6990.429999999999,0.0,0.0,0.0,0.0,0.0,0.0,0.0,0.0,0.0,0.0,0.0,0.0,0.0,0.0,0.0,0.0,1,23.28,1.98
127,EMEA,UK,-,Desktop,2024-08-30,5373.28,Aug,2024,0.0,5373.28,0.0,0.0,0.0,0.0,0.0,0.0,0.0,0.0,0.0,0.0,0.0,0.0,0.0,0.0,0.0,0.0,1,23.28,1.98
128,EMEA,UK,-,Desktop,2024-08-31,1012.34,Aug,2024,0.0,1012.34,0.0,0.0,0.0,0.0,0.0,0.0,0.0,0.0,0.0,0.0,0.0,0.0,0.0,0.0,0.0,0.0,1,23.28,1.98
129,EMEA,UK,-,Desktop,2024-09-01,849.2800000000001,Sep,2024,0.0,0.0,0.0,0.0,0.0,0.0,0.0,0.0,849.2800000000001,0.0,0.0,0.0,0.0,0.0,0.0,0.0,0.0,0.0,1,23.28,1.98
130,EMEA,UK,-,Desktop,2024-09-02,4040.41,Sep,2024,0.0,0.0,0.0,0.0,0.0,0.0,0.0,0.0,4040.41,0.0,0.0,0.0,0.0,0.0,0.0,0.0,0.0,0.0,0,23.28,1.98
131,EMEA,UK,-,Desktop,2024-09-03,4021.6,Sep,2024,0.0,0.0,0.0,0.0,0.0,0.0,0.0,0.0,4021.6,0.0,0.0,0.0,0.0,0.0,0.0,0.0,0.0,0.0,0,23.28,1.98
132,EMEA,UK,-,Desktop,2024-09-04,3752.42,Sep,2024,0.0,0.0,0.0,0.0,0.0,0.0,0.0,0.0,3752.42,0.0,0.0,0.0,0.0,0.0,0.0,0.0,0.0,0.0,1,23.28,1.98
133,EMEA,UK,-,Desktop,2024-09-05,3309.120000000001,Sep,2024,0.0,0.0,0.0,0.0,0.0,0.0,0.0,0.0,3309.120000000001,0.0,0.0,0.0,0.0,0.0,0.0,0.0,0.0,0.0,1,23.28,1.98
134,EMEA,UK,-,Desktop,2024-09-06,2985.84,Sep,2024,0.0,0.0,0.0,0.0,0.0,0.0,0.0,0.0,2985.84,0.0,0.0,0.0,0.0,0.0,0.0,0.0,0.0,0.0,1,23.28,1.98
135,EMEA,UK,-,Desktop,2024-09-07,725.0600000000001,Sep,2024,0.0,0.0,0.0,0.0,0.0,0.0,0.0,0.0,725.0600000000001,0.0,0.0,0.0,0.0,0.0,0.0,0.0,0.0,0.0,1,23.28,1.98
136,EMEA,UK,-,Desktop,2024-09-08,888.8199999999999,Sep,2024,0.0,0.0,0.0,0.0,0.0,0.0,0.0,0.0,888.8199999999999,0.0,0.0,0.0,0.0,0.0,0.0,0.0,0.0,0.0,1,23.28,1.98
137,EMEA,UK,-,Desktop,2024-09-09,4530.860000000001,Sep,2024,0.0,0.0,0.0,0.0,0.0,0.0,0.0,0.0,4530.860000000001,0.0,0.0,0.0,0.0,0.0,0.0,0.0,0.0,0.0,0,23.28,1.98
138,EMEA,UK,-,Desktop,2024-09-10,4174.35,Sep,2024,0.0,0.0,0.0,0.0,0.0,0.0,0.0,0.0,4174.35,0.0,0.0,0.0,0.0,0.0,0.0,0.0,0.0,0.0,0,23.28,1.98
139,EMEA,UK,-,Desktop,2024-09-11,4379.72,Sep,2024,0.0,0.0,0.0,0.0,0.0,0.0,0.0,0.0,4379.72,0.0,0.0,0.0,0.0,0.0,0.0,0.0,0.0,0.0,1,23.28,1.98
140,EMEA,UK,-,Desktop,2024-09-12,3673.67,Sep,2024,0.0,0.0,0.0,0.0,0.0,0.0,0.0,0.0,3673.67,0.0,0.0,0.0,0.0,0.0,0.0,0.0,0.0,0.0,1,23.28,1.98
141,EMEA,UK,-,Desktop,2024-09-13,2674.49,Sep,2024,0.0,0.0,0.0,0.0,0.0,0.0,0.0,0.0,2674.49,0.0,0.0,0.0,0.0,0.0,0.0,0.0,0.0,0.0,1,23.28,1.98
142,EMEA,UK,-,Desktop,2024-09-14,627.6,Sep,2024,0.0,0.0,0.0,0.0,0.0,0.0,0.0,0.0,627.6,0.0,0.0,0.0,0.0,0.0,0.0,0.0,0.0,0.0,1,23.28,1.98
143,EMEA,UK,-,Desktop,2024-09-15,992.2300000000001,Sep,2024,0.0,0.0,0.0,0.0,0.0,0.0,0.0,0.0,992.2300000000001,0.0,0.0,0.0,0.0,0.0,0.0,0.0,0.0,0.0,1,23.28,1.98
144,EMEA,UK,-,Desktop,2024-09-16,4362.34,Sep,2024,0.0,0.0,0.0,0.0,0.0,0.0,0.0,0.0,4362.34,0.0,0.0,0.0,0.0,0.0,0.0,0.0,0.0,0.0,0,23.28,1.98
145,EMEA,UK,-,Desktop,2024-09-17,4209.34,Sep,2024,0.0,0.0,0.0,0.0,0.0,0.0,0.0,0.0,4209.34,0.0,0.0,0.0,0.0,0.0,0.0,0.0,0.0,0.0,0,23.28,1.98
146,EMEA,UK,-,Desktop,2024-09-18,4327.33,Sep,2024,0.0,0.0,0.0,0.0,0.0,0.0,0.0,0.0,4327.33,0.0,0.0,0.0,0.0,0.0,0.0,0.0,0.0,0.0,1,23.28,1.98
147,EMEA,UK,-,Desktop,2024-09-19,3798.3599999999997,Sep,2024,0.0,0.0,0.0,0.0,0.0,0.0,0.0,0.0,3798.3599999999997,0.0,0.0,0.0,0.0,0.0,0.0,0.0,0.0,0.0,1,23.28,1.98
148,EMEA,UK,-,Desktop,2024-09-20,3012.9099999999994,Sep,2024,0.0,0.0,0.0,0.0,0.0,0.0,0.0,0.0,3012.9099999999994,0.0,0.0,0.0,0.0,0.0,0.0,0.0,0.0,0.0,1,23.28,1.98
149,EMEA,UK,-,Desktop,2024-09-21,705.92,Sep,2024,0.0,0.0,0.0,0.0,0.0,0.0,0.0,0.0,705.92,0.0,0.0,0.0,0.0,0.0,0.0,0.0,0.0,0.0,1,23.28,1.98
150,EMEA,UK,-,Desktop,2024-09-22,779.27,Sep,2024,0.0,0.0,0.0,0.0,0.0,0.0,0.0,0.0,779.27,0.0,0.0,0.0,0.0,0.0,0.0,0.0,0.0,0.0,1,23.28,1.98
151,EMEA,UK,-,Desktop,2024-09-23,3933.7300000000005,Sep,2024,0.0,0.0,0.0,0.0,0.0,0.0,0.0,0.0,3933.7300000000005,0.0,0.0,0.0,0.0,0.0,0.0,0.0,0.0,0.0,0,23.28,1.98
152,EMEA,UK,-,Desktop,2024-09-24,3909.6099999999997,Sep,2024,0.0,0.0,0.0,0.0,0.0,0.0,0.0,0.0,3909.6099999999997,0.0,0.0,0.0,0.0,0.0,0.0,0.0,0.0,0.0,0,23.28,1.98
153,EMEA,UK,-,Desktop,2024-09-25,4112.54,Sep,2024,0.0,0.0,0.0,0.0,0.0,0.0,0.0,0.0,4112.54,0.0,0.0,0.0,0.0,0.0,0.0,0.0,0.0,0.0,1,23.28,1.98
154,EMEA,UK,-,Desktop,2024-09-26,5311.82,Sep,2024,0.0,0.0,0.0,0.0,0.0,0.0,0.0,0.0,5311.82,0.0,0.0,0.0,0.0,0.0,0.0,0.0,0.0,0.0,1,23.28,1.98
155,EMEA,UK,-,Desktop,2024-09-27,3997.61,Sep,2024,0.0,0.0,0.0,0.0,0.0,0.0,0.0,0.0,3997.61,0.0,0.0,0.0,0.0,0.0,0.0,0.0,0.0,0.0,1,23.28,1.98
156,EMEA,UK,-,Desktop,2024-09-28,303.95000000000005,Sep,2024,0.0,0.0,0.0,0.0,0.0,0.0,0.0,0.0,303.95000000000005,0.0,0.0,0.0,0.0,0.0,0.0,0.0,0.0,0.0,1,23.28,1.98
157,EMEA,UK,-,Desktop,2024-09-29,2355.6499999999996,Sep,2024,0.0,0.0,0.0,0.0,0.0,0.0,0.0,0.0,2355.6499999999996,0.0,0.0,0.0,0.0,0.0,0.0,0.0,0.0,0.0,1,23.28,1.98
158,EMEA,UK,-,Desktop,2024-09-30,9619.969999999998,Sep,2024,0.0,0.0,0.0,0.0,0.0,0.0,0.0,0.0,9619.969999999998,0.0,0.0,0.0,0.0,0.0,0.0,0.0,0.0,0.0,0,23.28,1.98
159,EMEA,UK,-,Desktop,2024-10-01,5346.829999999999,Oct,2024,0.0,0.0,0.0,0.0,0.0,0.0,0.0,5346.829999999999,0.0,0.0,0.0,0.0,0.0,0.0,0.0,0.0,0.0,0.0,0,23.28,1.98
160,EMEA,UK,-,Desktop,2024-10-02,5678.860000000001,Oct,2024,0.0,0.0,0.0,0.0,0.0,0.0,0.0,5678.860000000001,0.0,0.0,0.0,0.0,0.0,0.0,0.0,0.0,0.0,0.0,1,23.28,1.98
161,EMEA,UK,-,Desktop,2024-10-03,4766.42,Oct,2024,0.0,0.0,0.0,0.0,0.0,0.0,0.0,4766.42,0.0,0.0,0.0,0.0,0.0,0.0,0.0,0.0,0.0,0.0,1,23.28,1.98
162,EMEA,UK,-,Desktop,2024-10-04,4226.92,Oct,2024,0.0,0.0,0.0,0.0,0.0,0.0,0.0,4226.92,0.0,0.0,0.0,0.0,0.0,0.0,0.0,0.0,0.0,0.0,1,23.28,1.98
163,EMEA,UK,-,Desktop,2024-10-05,1091.35,Oct,2024,0.0,0.0,0.0,0.0,0.0,0.0,0.0,1091.35,0.0,0.0,0.0,0.0,0.0,0.0,0.0,0.0,0.0,0.0,1,23.28,1.98
164,EMEA,UK,-,Desktop,2024-10-06,1243.28,Oct,2024,0.0,0.0,0.0,0.0,0.0,0.0,0.0,1243.28,0.0,0.0,0.0,0.0,0.0,0.0,0.0,0.0,0.0,0.0,1,23.28,1.98
165,EMEA,UK,-,Desktop,2024-10-07,4995.5599999999995,Oct,2024,0.0,0.0,0.0,0.0,0.0,0.0,0.0,4995.5599999999995,0.0,0.0,0.0,0.0,0.0,0.0,0.0,0.0,0.0,0.0,0,23.28,1.98
166,EMEA,UK,-,Desktop,2024-10-08,4847.1100000000015,Oct,2024,0.0,0.0,0.0,0.0,0.0,0.0,0.0,4847.1100000000015,0.0,0.0,0.0,0.0,0.0,0.0,0.0,0.0,0.0,0.0,0,23.28,1.98
167,EMEA,UK,-,Desktop,2024-10-09,6774.209999999999,Oct,2024,0.0,0.0,0.0,0.0,0.0,0.0,0.0,6774.209999999999,0.0,0.0,0.0,0.0,0.0,0.0,0.0,0.0,0.0,0.0,1,23.28,1.98
168,EMEA,UK,-,Desktop,2024-10-10,7313.380000000003,Oct,2024,0.0,0.0,0.0,0.0,0.0,0.0,0.0,7313.380000000003,0.0,0.0,0.0,0.0,0.0,0.0,0.0,0.0,0.0,0.0,1,23.28,1.98
169,EMEA,UK,-,Desktop,2024-10-11,7805.810000000001,Oct,2024,0.0,0.0,0.0,0.0,0.0,0.0,0.0,7805.810000000001,0.0,0.0,0.0,0.0,0.0,0.0,0.0,0.0,0.0,0.0,1,23.28,1.98
170,EMEA,UK,-,Desktop,2024-10-12,2621.82,Oct,2024,0.0,0.0,0.0,0.0,0.0,0.0,0.0,2621.82,0.0,0.0,0.0,0.0,0.0,0.0,0.0,0.0,0.0,0.0,1,23.28,1.98
171,EMEA,UK,-,Desktop,2024-10-13,2645.3799999999997,Oct,2024,0.0,0.0,0.0,0.0,0.0,0.0,0.0,2645.3799999999997,0.0,0.0,0.0,0.0,0.0,0.0,0.0,0.0,0.0,0.0,1,23.28,1.98
172,EMEA,UK,-,Desktop,2024-10-14,7921.29,Oct,2024,0.0,0.0,0.0,0.0,0.0,0.0,0.0,7921.29,0.0,0.0,0.0,0.0,0.0,0.0,0.0,0.0,0.0,0.0,0,23.28,1.98
173,EMEA,UK,-,Desktop,2024-10-15,4202.22,Oct,2024,0.0,0.0,0.0,0.0,0.0,0.0,0.0,4202.22,0.0,0.0,0.0,0.0,0.0,0.0,0.0,0.0,0.0,0.0,0,23.28,1.98
174,EMEA,UK,-,Desktop,2024-10-16,3696.0499999999993,Oct,2024,0.0,0.0,0.0,0.0,0.0,0.0,0.0,3696.0499999999993,0.0,0.0,0.0,0.0,0.0,0.0,0.0,0.0,0.0,0.0,1,23.28,1.98
175,EMEA,UK,-,Desktop,2024-10-17,3354.26,Oct,2024,0.0,0.0,0.0,0.0,0.0,0.0,0.0,3354.26,0.0,0.0,0.0,0.0,0.0,0.0,0.0,0.0,0.0,0.0,1,23.28,1.98
176,EMEA,UK,-,Desktop,2024-10-18,2901.3399999999997,Oct,2024,0.0,0.0,0.0,0.0,0.0,0.0,0.0,2901.3399999999997,0.0,0.0,0.0,0.0,0.0,0.0,0.0,0.0,0.0,0.0,1,23.28,1.98
177,EMEA,UK,-,Desktop,2024-10-19,847.7299999999999,Oct,2024,0.0,0.0,0.0,0.0,0.0,0.0,0.0,847.7299999999999,0.0,0.0,0.0,0.0,0.0,0.0,0.0,0.0,0.0,0.0,1,23.28,1.98
178,EMEA,UK,-,Desktop,2024-10-20,984.6300000000001,Oct,2024,0.0,0.0,0.0,0.0,0.0,0.0,0.0,984.6300000000001,0.0,0.0,0.0,0.0,0.0,0.0,0.0,0.0,0.0,0.0,1,23.28,1.98
179,EMEA,UK,-,Desktop,2024-10-21,3726.4900000000007,Oct,2024,0.0,0.0,0.0,0.0,0.0,0.0,0.0,3726.4900000000007,0.0,0.0,0.0,0.0,0.0,0.0,0.0,0.0,0.0,0.0,0,23.28,1.98
180,EMEA,UK,-,Desktop,2024-10-22,4062.9399999999996,Oct,2024,0.0,0.0,0.0,0.0,0.0,0.0,0.0,4062.9399999999996,0.0,0.0,0.0,0.0,0.0,0.0,0.0,0.0,0.0,0.0,0,23.28,1.98
181,EMEA,UK,-,Desktop,2024-10-23,3864.6999999999994,Oct,2024,0.0,0.0,0.0,0.0,0.0,0.0,0.0,3864.6999999999994,0.0,0.0,0.0,0.0,0.0,0.0,0.0,0.0,0.0,0.0,1,23.28,1.98
182,EMEA,UK,-,Desktop,2024-10-24,3293.59,Oct,2024,0.0,0.0,0.0,0.0,0.0,0.0,0.0,3293.59,0.0,0.0,0.0,0.0,0.0,0.0,0.0,0.0,0.0,0.0,1,23.28,1.98
183,EMEA,UK,-,Desktop,2024-10-25,3088.19,Oct,2024,0.0,0.0,0.0,0.0,0.0,0.0,0.0,3088.19,0.0,0.0,0.0,0.0,0.0,0.0,0.0,0.0,0.0,0.0,1,23.28,1.98
184,EMEA,UK,-,Desktop,2024-10-26,816.15,Oct,2024,0.0,0.0,0.0,0.0,0.0,0.0,0.0,816.15,0.0,0.0,0.0,0.0,0.0,0.0,0.0,0.0,0.0,0.0,1,23.28,1.98
185,EMEA,UK,-,Desktop,2024-10-27,1101.3300000000002,Oct,2024,0.0,0.0,0.0,0.0,0.0,0.0,0.0,1101.3300000000002,0.0,0.0,0.0,0.0,0.0,0.0,0.0,0.0,0.0,0.0,1,23.28,1.98
186,EMEA,UK,-,Desktop,2024-10-28,5019.5599999999995,Oct,2024,0.0,0.0,0.0,0.0,0.0,0.0,0.0,5019.5599999999995,0.0,0.0,0.0,0.0,0.0,0.0,0.0,0.0,0.0,0.0,0,23.28,1.98
187,EMEA,UK,-,Desktop,2024-10-29,5659.66,Oct,2024,0.0,0.0,0.0,0.0,0.0,0.0,0.0,5659.66,0.0,0.0,0.0,0.0,0.0,0.0,0.0,0.0,0.0,0.0,0,23.28,1.98
188,EMEA,UK,-,Desktop,2024-10-30,5812.820000000001,Oct,2024,0.0,0.0,0.0,0.0,0.0,0.0,0.0,5812.820000000001,0.0,0.0,0.0,0.0,0.0,0.0,0.0,0.0,0.0,0.0,1,23.28,1.98
189,EMEA,UK,-,Desktop,2024-10-31,5873.839999999998,Oct,2024,0.0,0.0,0.0,0.0,0.0,0.0,0.0,5873.839999999998,0.0,0.0,0.0,0.0,0.0,0.0,0.0,0.0,0.0,0.0,1,23.28,1.98
190,EMEA,UK,-,Desktop,2024-11-01,4479.110000000001,Nov,2024,0.0,0.0,0.0,0.0,0.0,0.0,4479.110000000001,0.0,0.0,0.0,0.0,0.0,0.0,0.0,0.0,0.0,0.0,0.0,1,23.28,1.98
191,EMEA,UK,-,Desktop,2024-11-02,1099.43,Nov,2024,0.0,0.0,0.0,0.0,0.0,0.0,1099.43,0.0,0.0,0.0,0.0,0.0,0.0,0.0,0.0,0.0,0.0,0.0,1,23.28,1.98
192,EMEA,UK,-,Desktop,2024-11-03,1344.0900000000001,Nov,2024,0.0,0.0,0.0,0.0,0.0,0.0,1344.0900000000001,0.0,0.0,0.0,0.0,0.0,0.0,0.0,0.0,0.0,0.0,0.0,1,23.28,1.98
193,EMEA,UK,-,Desktop,2024-11-04,7933.79,Nov,2024,0.0,0.0,0.0,0.0,0.0,0.0,7933.79,0.0,0.0,0.0,0.0,0.0,0.0,0.0,0.0,0.0,0.0,0.0,0,23.28,1.98
194,EMEA,UK,-,Desktop,2024-11-05,6900.179999999999,Nov,2024,0.0,0.0,0.0,0.0,0.0,0.0,6900.179999999999,0.0,0.0,0.0,0.0,0.0,0.0,0.0,0.0,0.0,0.0,0.0,0,23.28,1.98
195,EMEA,UK,-,Desktop,2024-11-06,6803.27,Nov,2024,0.0,0.0,0.0,0.0,0.0,0.0,6803.27,0.0,0.0,0.0,0.0,0.0,0.0,0.0,0.0,0.0,0.0,0.0,1,23.28,1.98
196,EMEA,UK,-,Desktop,2024-11-07,6851.55,Nov,2024,0.0,0.0,0.0,0.0,0.0,0.0,6851.55,0.0,0.0,0.0,0.0,0.0,0.0,0.0,0.0,0.0,0.0,0.0,1,23.28,1.98
197,EMEA,UK,-,Desktop,2024-11-08,7217.790000000001,Nov,2024,0.0,0.0,0.0,0.0,0.0,0.0,7217.790000000001,0.0,0.0,0.0,0.0,0.0,0.0,0.0,0.0,0.0,0.0,0.0,1,23.28,1.98
198,EMEA,UK,-,Desktop,2024-11-09,1899.3600000000001,Nov,2024,0.0,0.0,0.0,0.0,0.0,0.0,1899.3600000000001,0.0,0.0,0.0,0.0,0.0,0.0,0.0,0.0,0.0,0.0,0.0,1,23.28,1.98
199,EMEA,UK,-,Desktop,2024-11-10,2259.3700000000003,Nov,2024,0.0,0.0,0.0,0.0,0.0,0.0,2259.3700000000003,0.0,0.0,0.0,0.0,0.0,0.0,0.0,0.0,0.0,0.0,0.0,1,23.28,1.98
200,EMEA,UK,-,Desktop,2024-11-11,9478.37,Nov,2024,0.0,0.0,0.0,0.0,0.0,0.0,9478.37,0.0,0.0,0.0,0.0,0.0,0.0,0.0,0.0,0.0,0.0,0.0,0,23.28,1.98
201,EMEA,UK,-,Desktop,2024-11-12,6568.62,Nov,2024,0.0,0.0,0.0,0.0,0.0,0.0,6568.62,0.0,0.0,0.0,0.0,0.0,0.0,0.0,0.0,0.0,0.0,0.0,0,23.28,1.98
202,EMEA,UK,-,Desktop,2024-11-13,4934.169999999999,Nov,2024,0.0,0.0,0.0,0.0,0.0,0.0,4934.169999999999,0.0,0.0,0.0,0.0,0.0,0.0,0.0,0.0,0.0,0.0,0.0,1,23.28,1.98
203,EMEA,UK,-,Desktop,2024-11-14,5208.030000000001,Nov,2024,0.0,0.0,0.0,0.0,0.0,0.0,5208.030000000001,0.0,0.0,0.0,0.0,0.0,0.0,0.0,0.0,0.0,0.0,0.0,1,23.28,1.98
204,EMEA,UK,-,Desktop,2024-11-15,4510.26,Nov,2024,0.0,0.0,0.0,0.0,0.0,0.0,4510.26,0.0,0.0,0.0,0.0,0.0,0.0,0.0,0.0,0.0,0.0,0.0,1,23.28,1.98
205,EMEA,UK,-,Desktop,2024-11-16,1238.15,Nov,2024,0.0,0.0,0.0,0.0,0.0,0.0,1238.15,0.0,0.0,0.0,0.0,0.0,0.0,0.0,0.0,0.0,0.0,0.0,1,23.28,1.98
206,EMEA,UK,-,Desktop,2024-11-17,1463.7899999999997,Nov,2024,0.0,0.0,0.0,0.0,0.0,0.0,1463.7899999999997,0.0,0.0,0.0,0.0,0.0,0.0,0.0,0.0,0.0,0.0,0.0,1,23.28,1.98
207,EMEA,UK,-,Desktop,2024-11-18,5686.629999999999,Nov,2024,0.0,0.0,0.0,0.0,0.0,0.0,5686.629999999999,0.0,0.0,0.0,0.0,0.0,0.0,0.0,0.0,0.0,0.0,0.0,0,23.28,1.98
208,EMEA,UK,-,Desktop,2024-11-19,5378.28,Nov,2024,0.0,0.0,0.0,0.0,0.0,0.0,5378.28,0.0,0.0,0.0,0.0,0.0,0.0,0.0,0.0,0.0,0.0,0.0,0,23.28,1.98
209,EMEA,UK,-,Desktop,2024-11-20,4711.55,Nov,2024,0.0,0.0,0.0,0.0,0.0,0.0,4711.55,0.0,0.0,0.0,0.0,0.0,0.0,0.0,0.0,0.0,0.0,0.0,1,23.28,1.98
210,EMEA,UK,-,Desktop,2024-11-21,4522.29,Nov,2024,0.0,0.0,0.0,0.0,0.0,0.0,4522.29,0.0,0.0,0.0,0.0,0.0,0.0,0.0,0.0,0.0,0.0,0.0,1,23.28,1.98
211,EMEA,UK,-,Desktop,2024-11-22,3984.0899999999997,Nov,2024,0.0,0.0,0.0,0.0,0.0,0.0,3984.0899999999997,0.0,0.0,0.0,0.0,0.0,0.0,0.0,0.0,0.0,0.0,0.0,1,23.28,1.98
212,EMEA,UK,-,Desktop,2024-11-23,1287.74,Nov,2024,0.0,0.0,0.0,0.0,0.0,0.0,1287.74,0.0,0.0,0.0,0.0,0.0,0.0,0.0,0.0,0.0,0.0,0.0,1,23.28,1.98
213,EMEA,UK,-,Desktop,2024-11-24,1523.8999999999999,Nov,2024,0.0,0.0,0.0,0.0,0.0,0.0,1523.8999999999999,0.0,0.0,0.0,0.0,0.0,0.0,0.0,0.0,0.0,0.0,0.0,1,23.28,1.98
214,EMEA,UK,-,Desktop,2024-11-25,5677.969999999999,Nov,2024,0.0,0.0,0.0,0.0,0.0,0.0,5677.969999999999,0.0,0.0,0.0,0.0,0.0,0.0,0.0,0.0,0.0,0.0,0.0,0,23.28,1.98
215,EMEA,UK,-,Desktop,2024-11-26,4996.210000000001,Nov,2024,0.0,0.0,0.0,0.0,0.0,0.0,4996.210000000001,0.0,0.0,0.0,0.0,0.0,0.0,0.0,0.0,0.0,0.0,0.0,0,23.28,1.98
216,EMEA,UK,-,Desktop,2024-11-27,6166.959999999999,Nov,2024,0.0,0.0,0.0,0.0,0.0,0.0,6166.959999999999,0.0,0.0,0.0,0.0,0.0,0.0,0.0,0.0,0.0,0.0,0.0,1,23.28,1.98
217,EMEA,UK,-,Desktop,2024-11-28,3970.59,Nov,2024,0.0,0.0,0.0,0.0,0.0,0.0,3970.59,0.0,0.0,0.0,0.0,0.0,0.0,0.0,0.0,0.0,0.0,0.0,1,23.28,1.98
218,EMEA,UK,-,Desktop,2024-11-29,6785.31,Nov,2024,0.0,0.0,0.0,0.0,0.0,0.0,6785.31,0.0,0.0,0.0,0.0,0.0,0.0,0.0,0.0,0.0,0.0,0.0,1,23.28,1.98
219,EMEA,UK,-,Desktop,2024-11-30,2632.7199999999993,Nov,2024,0.0,0.0,0.0,0.0,0.0,0.0,2632.7199999999993,0.0,0.0,0.0,0.0,0.0,0.0,0.0,0.0,0.0,0.0,0.0,1,23.28,1.98
220,EMEA,UK,-,Desktop,2024-12-01,3210.42,Dec,2024,0.0,0.0,3210.42,0.0,0.0,0.0,0.0,0.0,0.0,0.0,0.0,0.0,0.0,0.0,0.0,0.0,0.0,0.0,1,23.28,1.98
221,EMEA,UK,-,Desktop,2024-12-02,11183.94,Dec,2024,0.0,0.0,11183.94,0.0,0.0,0.0,0.0,0.0,0.0,0.0,0.0,0.0,0.0,0.0,0.0,0.0,0.0,0.0,0,23.28,1.98
222,EMEA,UK,-,Desktop,2024-12-03,10666.650000000001,Dec,2024,0.0,0.0,10666.650000000001,0.0,0.0,0.0,0.0,0.0,0.0,0.0,0.0,0.0,0.0,0.0,0.0,0.0,0.0,0.0,0,23.28,1.98
223,EMEA,UK,-,Desktop,2024-12-04,8801.71,Dec,2024,0.0,0.0,8801.71,0.0,0.0,0.0,0.0,0.0,0.0,0.0,0.0,0.0,0.0,0.0,0.0,0.0,0.0,0.0,1,23.28,1.98
224,EMEA,UK,-,Desktop,2024-12-05,6168.67,Dec,2024,0.0,0.0,6168.67,0.0,0.0,0.0,0.0,0.0,0.0,0.0,0.0,0.0,0.0,0.0,0.0,0.0,0.0,0.0,1,23.28,1.98
225,EMEA,UK,-,Desktop,2024-12-06,5437.64,Dec,2024,0.0,0.0,5437.64,0.0,0.0,0.0,0.0,0.0,0.0,0.0,0.0,0.0,0.0,0.0,0.0,0.0,0.0,0.0,1,23.28,1.98
226,EMEA,UK,-,Desktop,2024-12-07,1689.61,Dec,2024,0.0,0.0,1689.61,0.0,0.0,0.0,0.0,0.0,0.0,0.0,0.0,0.0,0.0,0.0,0.0,0.0,0.0,0.0,1,23.28,1.98
227,EMEA,UK,-,Desktop,2024-12-08,1837.0999999999995,Dec,2024,0.0,0.0,1837.0999999999995,0.0,0.0,0.0,0.0,0.0,0.0,0.0,0.0,0.0,0.0,0.0,0.0,0.0,0.0,0.0,1,23.28,1.98
228,EMEA,UK,-,Desktop,2024-12-09,7070.530000000001,Dec,2024,0.0,0.0,7070.530000000001,0.0,0.0,0.0,0.0,0.0,0.0,0.0,0.0,0.0,0.0,0.0,0.0,0.0,0.0,0.0,0,23.28,1.98
229,EMEA,UK,-,Desktop,2024-12-10,8066.46,Dec,2024,0.0,0.0,8066.46,0.0,0.0,0.0,0.0,0.0,0.0,0.0,0.0,0.0,0.0,0.0,0.0,0.0,0.0,0.0,0,23.28,1.98
230,EMEA,UK,-,Desktop,2024-12-11,7805.86,Dec,2024,0.0,0.0,7805.86,0.0,0.0,0.0,0.0,0.0,0.0,0.0,0.0,0.0,0.0,0.0,0.0,0.0,0.0,0.0,1,23.28,1.98
231,EMEA,UK,-,Desktop,2024-12-12,7792.620000000001,Dec,2024,0.0,0.0,7792.620000000001,0.0,0.0,0.0,0.0,0.0,0.0,0.0,0.0,0.0,0.0,0.0,0.0,0.0,0.0,0.0,1,23.28,1.98
232,EMEA,UK,-,Desktop,2024-12-13,7530.96,Dec,2024,0.0,0.0,7530.96,0.0,0.0,0.0,0.0,0.0,0.0,0.0,0.0,0.0,0.0,0.0,0.0,0.0,0.0,0.0,1,23.28,1.98
233,EMEA,UK,-,Desktop,2024-12-14,1705.09,Dec,2024,0.0,0.0,1705.09,0.0,0.0,0.0,0.0,0.0,0.0,0.0,0.0,0.0,0.0,0.0,0.0,0.0,0.0,0.0,1,23.28,1.98
234,EMEA,UK,-,Desktop,2024-12-15,1767.1099999999997,Dec,2024,0.0,0.0,1767.1099999999997,0.0,0.0,0.0,0.0,0.0,0.0,0.0,0.0,0.0,0.0,0.0,0.0,0.0,0.0,0.0,1,23.28,1.98
235,EMEA,UK,-,Desktop,2024-12-16,8319.650000000001,Dec,2024,0.0,0.0,8319.650000000001,0.0,0.0,0.0,0.0,0.0,0.0,0.0,0.0,0.0,0.0,0.0,0.0,0.0,0.0,0.0,0,23.28,1.98
236,EMEA,UK,-,Desktop,2024-12-17,7021.049999999999,Dec,2024,0.0,0.0,7021.049999999999,0.0,0.0,0.0,0.0,0.0,0.0,0.0,0.0,0.0,0.0,0.0,0.0,0.0,0.0,0.0,0,23.28,1.98
237,EMEA,UK,-,Desktop,2024-12-18,6120.4,Dec,2024,0.0,0.0,6120.4,0.0,0.0,0.0,0.0,0.0,0.0,0.0,0.0,0.0,0.0,0.0,0.0,0.0,0.0,0.0,1,23.28,1.98
238,EMEA,UK,-,Desktop,2024-12-19,3470.26,Dec,2024,0.0,0.0,3470.26,0.0,0.0,0.0,0.0,0.0,0.0,0.0,0.0,0.0,0.0,0.0,0.0,0.0,0.0,0.0,1,23.28,1.98
239,EMEA,UK,-,Desktop,2024-12-20,4947.049999999999,Dec,2024,0.0,0.0,4947.049999999999,0.0,0.0,0.0,0.0,0.0,0.0,0.0,0.0,0.0,0.0,0.0,0.0,0.0,0.0,0.0,1,23.28,1.98
240,EMEA,UK,-,Desktop,2024-12-21,713.8300000000002,Dec,2024,0.0,0.0,713.8300000000002,0.0,0.0,0.0,0.0,0.0,0.0,0.0,0.0,0.0,0.0,0.0,0.0,0.0,0.0,0.0,1,23.28,1.98
241,EMEA,UK,-,Desktop,2024-12-22,235.35999999999999,Dec,2024,0.0,0.0,235.35999999999999,0.0,0.0,0.0,0.0,0.0,0.0,0.0,0.0,0.0,0.0,0.0,0.0,0.0,0.0,0.0,1,23.28,1.98
242,EMEA,UK,-,Desktop,2024-12-23,3407.2792244897955,Dec,2024,0.0,0.0,3407.2792244897955,0.0,0.0,0.0,0.0,0.0,0.0,0.0,0.0,0.0,0.0,0.0,0.0,0.0,0.0,0.0,0,23.28,1.98
243,EMEA,UK,-,Desktop,2024-12-24,3407.2792244897955,Dec,2024,0.0,0.0,3407.2792244897955,0.0,0.0,0.0,0.0,0.0,0.0,0.0,0.0,0.0,0.0,0.0,0.0,0.0,0.0,0.0,0,23.28,1.98
244,EMEA,UK,-,Desktop,2024-12-25,1517.2200000000003,Dec,2024,0.0,0.0,1517.2200000000003,0.0,0.0,0.0,0.0,0.0,0.0,0.0,0.0,0.0,0.0,0.0,0.0,0.0,0.0,0.0,1,23.28,1.98
245,EMEA,UK,-,Desktop,2024-12-26,3407.2792244897955,Dec,2024,0.0,0.0,3407.2792244897955,0.0,0.0,0.0,0.0,0.0,0.0,0.0,0.0,0.0,0.0,0.0,0.0,0.0,0.0,0.0,1,23.28,1.98
246,EMEA,UK,-,Desktop,2024-12-27,3407.2792244897955,Dec,2024,0.0,0.0,3407.2792244897955,0.0,0.0,0.0,0.0,0.0,0.0,0.0,0.0,0.0,0.0,0.0,0.0,0.0,0.0,0.0,1,23.28,1.98
247,EMEA,UK,-,Desktop,2024-12-28,3407.2792244897955,Dec,2024,0.0,0.0,3407.2792244897955,0.0,0.0,0.0,0.0,0.0,0.0,0.0,0.0,0.0,0.0,0.0,0.0,0.0,0.0,0.0,1,23.28,1.98
248,EMEA,UK,-,Desktop,2024-12-29,3407.2792244897955,Dec,2024,0.0,0.0,3407.2792244897955,0.0,0.0,0.0,0.0,0.0,0.0,0.0,0.0,0.0,0.0,0.0,0.0,0.0,0.0,0.0,1,23.28,1.98
249,EMEA,UK,-,Desktop,2024-12-30,562.0999999999999,Dec,2024,0.0,0.0,562.0999999999999,0.0,0.0,0.0,0.0,0.0,0.0,0.0,0.0,0.0,0.0,0.0,0.0,0.0,0.0,0.0,0,23.28,1.98
250,EMEA,UK,-,Desktop,2024-12-31,3813.24,Dec,2024,0.0,0.0,3813.24,0.0,0.0,0.0,0.0,0.0,0.0,0.0,0.0,0.0,0.0,0.0,0.0,0.0,0.0,0.0,0,23.28,1.98
251,EMEA,UK,-,Mobile & Tablet,2024-04-25,1078.82,Apr,2024,0.0,0.0,0.0,0.0,0.0,0.0,0.0,0.0,0.0,1078.82,0.0,0.0,0.0,0.0,0.0,0.0,0.0,0.0,1,21.9,0.85
252,EMEA,UK,-,Mobile & Tablet,2024-04-26,1323.5300000000002,Apr,2024,0.0,0.0,0.0,0.0,0.0,0.0,0.0,0.0,0.0,1323.5300000000002,0.0,0.0,0.0,0.0,0.0,0.0,0.0,0.0,1,21.9,0.85
253,EMEA,UK,-,Mobile & Tablet,2024-04-27,437.22,Apr,2024,0.0,0.0,0.0,0.0,0.0,0.0,0.0,0.0,0.0,437.22,0.0,0.0,0.0,0.0,0.0,0.0,0.0,0.0,1,21.9,0.85
254,EMEA,UK,-,Mobile & Tablet,2024-04-28,311.92,Apr,2024,0.0,0.0,0.0,0.0,0.0,0.0,0.0,0.0,0.0,311.92,0.0,0.0,0.0,0.0,0.0,0.0,0.0,0.0,1,21.9,0.85
255,EMEA,UK,-,Mobile & Tablet,2024-04-29,562.5500000000001,Apr,2024,0.0,0.0,0.0,0.0,0.0,0.0,0.0,0.0,0.0,562.5500000000001,0.0,0.0,0.0,0.0,0.0,0.0,0.0,0.0,0,21.9,0.85
256,EMEA,UK,-,Mobile & Tablet,2024-04-30,857.27,Apr,2024,0.0,0.0,0.0,0.0,0.0,0.0,0.0,0.0,0.0,857.27,0.0,0.0,0.0,0.0,0.0,0.0,0.0,0.0,0,21.9,0.85
257,EMEA,UK,-,Mobile & Tablet,2024-05-01,686.05,May,2024,0.0,0.0,0.0,0.0,0.0,0.0,0.0,0.0,0.0,0.0,0.0,0.0,0.0,0.0,686.05,0.0,0.0,0.0,1,21.9,0.85
258,EMEA,UK,-,Mobile & Tablet,2024-05-02,526.67,May,2024,0.0,0.0,0.0,0.0,0.0,0.0,0.0,0.0,0.0,0.0,0.0,0.0,0.0,0.0,526.67,0.0,0.0,0.0,1,21.9,0.85
259,EMEA,UK,-,Mobile & Tablet,2024-05-03,674.2900000000001,May,2024,0.0,0.0,0.0,0.0,0.0,0.0,0.0,0.0,0.0,0.0,0.0,0.0,0.0,0.0,674.2900000000001,0.0,0.0,0.0,1,21.9,0.85
260,EMEA,UK,-,Mobile & Tablet,2024-05-04,428.43,May,2024,0.0,0.0,0.0,0.0,0.0,0.0,0.0,0.0,0.0,0.0,0.0,0.0,0.0,0.0,428.43,0.0,0.0,0.0,1,21.9,0.85
261,EMEA,UK,-,Mobile & Tablet,2024-05-05,387.59000000000003,May,2024,0.0,0.0,0.0,0.0,0.0,0.0,0.0,0.0,0.0,0.0,0.0,0.0,0.0,0.0,387.59000000000003,0.0,0.0,0.0,1,21.9,0.85
262,EMEA,UK,-,Mobile & Tablet,2024-05-06,468.4,May,2024,0.0,0.0,0.0,0.0,0.0,0.0,0.0,0.0,0.0,0.0,0.0,0.0,0.0,0.0,468.4,0.0,0.0,0.0,0,21.9,0.85
263,EMEA,UK,-,Mobile & Tablet,2024-05-07,729.5400000000001,May,2024,0.0,0.0,0.0,0.0,0.0,0.0,0.0,0.0,0.0,0.0,0.0,0.0,0.0,0.0,729.5400000000001,0.0,0.0,0.0,0,21.9,0.85
264,EMEA,UK,-,Mobile & Tablet,2024-05-08,584.3699999999999,May,2024,0.0,0.0,0.0,0.0,0.0,0.0,0.0,0.0,0.0,0.0,0.0,0.0,0.0,0.0,584.3699999999999,0.0,0.0,0.0,1,21.9,0.85
265,EMEA,UK,-,Mobile & Tablet,2024-05-09,473.79,May,2024,0.0,0.0,0.0,0.0,0.0,0.0,0.0,0.0,0.0,0.0,0.0,0.0,0.0,0.0,473.79,0.0,0.0,0.0,1,21.9,0.85
266,EMEA,UK,-,Mobile & Tablet,2024-05-10,439.82000000000005,May,2024,0.0,0.0,0.0,0.0,0.0,0.0,0.0,0.0,0.0,0.0,0.0,0.0,0.0,0.0,439.82000000000005,0.0,0.0,0.0,1,21.9,0.85
267,EMEA,UK,-,Mobile & Tablet,2024-05-11,212.22000000000003,May,2024,0.0,0.0,0.0,0.0,0.0,0.0,0.0,0.0,0.0,0.0,0.0,0.0,0.0,0.0,212.22000000000003,0.0,0.0,0.0,1,21.9,0.85
268,EMEA,UK,-,Mobile & Tablet,2024-05-12,273.22999999999996,May,2024,0.0,0.0,0.0,0.0,0.0,0.0,0.0,0.0,0.0,0.0,0.0,0.0,0.0,0.0,273.22999999999996,0.0,0.0,0.0,1,21.9,0.85
269,EMEA,UK,-,Mobile & Tablet,2024-05-13,614.47,May,2024,0.0,0.0,0.0,0.0,0.0,0.0,0.0,0.0,0.0,0.0,0.0,0.0,0.0,0.0,614.47,0.0,0.0,0.0,0,21.9,0.85
270,EMEA,UK,-,Mobile & Tablet,2024-05-14,587.05,May,2024,0.0,0.0,0.0,0.0,0.0,0.0,0.0,0.0,0.0,0.0,0.0,0.0,0.0,0.0,587.05,0.0,0.0,0.0,0,21.9,0.85
271,EMEA,UK,-,Mobile & Tablet,2024-05-15,662.35,May,2024,0.0,0.0,0.0,0.0,0.0,0.0,0.0,0.0,0.0,0.0,0.0,0.0,0.0,0.0,662.35,0.0,0.0,0.0,1,21.9,0.85
272,EMEA,UK,-,Mobile & Tablet,2024-05-16,590.19,May,2024,0.0,0.0,0.0,0.0,0.0,0.0,0.0,0.0,0.0,0.0,0.0,0.0,0.0,0.0,590.19,0.0,0.0,0.0,1,21.9,0.85
273,EMEA,UK,-,Mobile & Tablet,2024-05-17,558.0899999999999,May,2024,0.0,0.0,0.0,0.0,0.0,0.0,0.0,0.0,0.0,0.0,0.0,0.0,0.0,0.0,558.0899999999999,0.0,0.0,0.0,1,21.9,0.85
274,EMEA,UK,-,Mobile & Tablet,2024-05-18,343.94,May,2024,0.0,0.0,0.0,0.0,0.0,0.0,0.0,0.0,0.0,0.0,0.0,0.0,0.0,0.0,343.94,0.0,0.0,0.0,1,21.9,0.85
275,EMEA,UK,-,Mobile & Tablet,2024-05-19,388.01000000000005,May,2024,0.0,0.0,0.0,0.0,0.0,0.0,0.0,0.0,0.0,0.0,0.0,0.0,0.0,0.0,388.01000000000005,0.0,0.0,0.0,1,21.9,0.85
276,EMEA,UK,-,Mobile & Tablet,2024-05-20,1026.46,May,2024,0.0,0.0,0.0,0.0,0.0,0.0,0.0,0.0,0.0,0.0,0.0,0.0,0.0,0.0,1026.46,0.0,0.0,0.0,0,21.9,0.85
277,EMEA,UK,-,Mobile & Tablet,2024-05-21,855.02,May,2024,0.0,0.0,0.0,0.0,0.0,0.0,0.0,0.0,0.0,0.0,0.0,0.0,0.0,0.0,855.02,0.0,0.0,0.0,0,21.9,0.85
278,EMEA,UK,-,Mobile & Tablet,2024-05-22,779.05,May,2024,0.0,0.0,0.0,0.0,0.0,0.0,0.0,0.0,0.0,0.0,0.0,0.0,0.0,0.0,779.05,0.0,0.0,0.0,1,21.9,0.85
279,EMEA,UK,-,Mobile & Tablet,2024-05-23,626.55,May,2024,0.0,0.0,0.0,0.0,0.0,0.0,0.0,0.0,0.0,0.0,0.0,0.0,0.0,0.0,626.55,0.0,0.0,0.0,1,21.9,0.85
280,EMEA,UK,-,Mobile & Tablet,2024-05-24,351.88000000000005,May,2024,0.0,0.0,0.0,0.0,0.0,0.0,0.0,0.0,0.0,0.0,0.0,0.0,0.0,0.0,351.88000000000005,0.0,0.0,0.0,1,21.9,0.85
281,EMEA,UK,-,Mobile & Tablet,2024-05-25,20.64,May,2024,0.0,0.0,0.0,0.0,0.0,0.0,0.0,0.0,0.0,0.0,0.0,0.0,0.0,0.0,20.64,0.0,0.0,0.0,1,21.9,0.85
282,EMEA,UK,-,Mobile & Tablet,2024-05-26,3.2600000000000002,May,2024,0.0,0.0,0.0,0.0,0.0,0.0,0.0,0.0,0.0,0.0,0.0,0.0,0.0,0.0,3.2600000000000002,0.0,0.0,0.0,1,21.9,0.85
283,EMEA,UK,-,Mobile & Tablet,2024-05-27,7.970000000000001,May,2024,0.0,0.0,0.0,0.0,0.0,0.0,0.0,0.0,0.0,0.0,0.0,0.0,0.0,0.0,7.970000000000001,0.0,0.0,0.0,0,21.9,0.85
284,EMEA,UK,-,Mobile & Tablet,2024-05-28,190.37,May,2024,0.0,0.0,0.0,0.0,0.0,0.0,0.0,0.0,0.0,0.0,0.0,0.0,0.0,0.0,190.37,0.0,0.0,0.0,0,21.9,0.85
285,EMEA,UK,-,Mobile & Tablet,2024-05-29,555.8499999999999,May,2024,0.0,0.0,0.0,0.0,0.0,0.0,0.0,0.0,0.0,0.0,0.0,0.0,0.0,0.0,555.8499999999999,0.0,0.0,0.0,1,21.9,0.85
286,EMEA,UK,-,Mobile & Tablet,2024-05-30,818.68,May,2024,0.0,0.0,0.0,0.0,0.0,0.0,0.0,0.0,0.0,0.0,0.0,0.0,0.0,0.0,818.68,0.0,0.0,0.0,1,21.9,0.85
287,EMEA,UK,-,Mobile & Tablet,2024-05-31,822.6999999999998,May,2024,0.0,0.0,0.0,0.0,0.0,0.0,0.0,0.0,0.0,0.0,0.0,0.0,0.0,0.0,822.6999999999998,0.0,0.0,0.0,1,21.9,0.85
288,EMEA,UK,-,Mobile & Tablet,2024-06-01,441.76,Jun,2024,0.0,0.0,0.0,0.0,0.0,0.0,0.0,0.0,0.0,0.0,0.0,0.0,0.0,441.76,0.0,0.0,0.0,0.0,1,21.9,0.85
289,EMEA,UK,-,Mobile & Tablet,2024-06-02,416.38000000000005,Jun,2024,0.0,0.0,0.0,0.0,0.0,0.0,0.0,0.0,0.0,0.0,0.0,0.0,0.0,416.38000000000005,0.0,0.0,0.0,0.0,1,21.9,0.85
290,EMEA,UK,-,Mobile & Tablet,2024-06-03,877.8699999999999,Jun,2024,0.0,0.0,0.0,0.0,0.0,0.0,0.0,0.0,0.0,0.0,0.0,0.0,0.0,877.8699999999999,0.0,0.0,0.0,0.0,0,21.9,0.85
291,EMEA,UK,-,Mobile & Tablet,2024-06-04,901.17,Jun,2024,0.0,0.0,0.0,0.0,0.0,0.0,0.0,0.0,0.0,0.0,0.0,0.0,0.0,901.17,0.0,0.0,0.0,0.0,0,21.9,0.85
292,EMEA,UK,-,Mobile & Tablet,2024-06-05,441.35,Jun,2024,0.0,0.0,0.0,0.0,0.0,0.0,0.0,0.0,0.0,0.0,0.0,0.0,0.0,441.35,0.0,0.0,0.0,0.0,1,21.9,0.85
293,EMEA,UK,-,Mobile & Tablet,2024-06-06,424.81999999999994,Jun,2024,0.0,0.0,0.0,0.0,0.0,0.0,0.0,0.0,0.0,0.0,0.0,0.0,0.0,424.81999999999994,0.0,0.0,0.0,0.0,1,21.9,0.85
294,EMEA,UK,-,Mobile & Tablet,2024-06-07,538.5500000000001,Jun,2024,0.0,0.0,0.0,0.0,0.0,0.0,0.0,0.0,0.0,0.0,0.0,0.0,0.0,538.5500000000001,0.0,0.0,0.0,0.0,1,21.9,0.85
295,EMEA,UK,-,Mobile & Tablet,2024-06-08,327.32000000000005,Jun,2024,0.0,0.0,0.0,0.0,0.0,0.0,0.0,0.0,0.0,0.0,0.0,0.0,0.0,327.32000000000005,0.0,0.0,0.0,0.0,1,21.9,0.85
296,EMEA,UK,-,Mobile & Tablet,2024-06-09,370.17999999999995,Jun,2024,0.0,0.0,0.0,0.0,0.0,0.0,0.0,0.0,0.0,0.0,0.0,0.0,0.0,370.17999999999995,0.0,0.0,0.0,0.0,1,21.9,0.85
297,EMEA,UK,-,Mobile & Tablet,2024-06-10,790.09,Jun,2024,0.0,0.0,0.0,0.0,0.0,0.0,0.0,0.0,0.0,0.0,0.0,0.0,0.0,790.09,0.0,0.0,0.0,0.0,0,21.9,0.85
298,EMEA,UK,-,Mobile & Tablet,2024-06-11,349.2099999999999,Jun,2024,0.0,0.0,0.0,0.0,0.0,0.0,0.0,0.0,0.0,0.0,0.0,0.0,0.0,349.2099999999999,0.0,0.0,0.0,0.0,0,21.9,0.85
299,EMEA,UK,-,Mobile & Tablet,2024-06-12,424.95000000000005,Jun,2024,0.0,0.0,0.0,0.0,0.0,0.0,0.0,0.0,0.0,0.0,0.0,0.0,0.0,424.95000000000005,0.0,0.0,0.0,0.0,1,21.9,0.85
300,EMEA,UK,-,Mobile & Tablet,2024-06-13,283.95,Jun,2024,0.0,0.0,0.0,0.0,0.0,0.0,0.0,0.0,0.0,0.0,0.0,0.0,0.0,283.95,0.0,0.0,0.0,0.0,1,21.9,0.85
301,EMEA,UK,-,Mobile & Tablet,2024-06-14,371.37000000000006,Jun,2024,0.0,0.0,0.0,0.0,0.0,0.0,0.0,0.0,0.0,0.0,0.0,0.0,0.0,371.37000000000006,0.0,0.0,0.0,0.0,1,21.9,0.85
302,EMEA,UK,-,Mobile & Tablet,2024-06-15,232.23000000000002,Jun,2024,0.0,0.0,0.0,0.0,0.0,0.0,0.0,0.0,0.0,0.0,0.0,0.0,0.0,232.23000000000002,0.0,0.0,0.0,0.0,1,21.9,0.85
303,EMEA,UK,-,Mobile & Tablet,2024-06-16,226.54,Jun,2024,0.0,0.0,0.0,0.0,0.0,0.0,0.0,0.0,0.0,0.0,0.0,0.0,0.0,226.54,0.0,0.0,0.0,0.0,1,21.9,0.85
304,EMEA,UK,-,Mobile & Tablet,2024-06-17,607.51,Jun,2024,0.0,0.0,0.0,0.0,0.0,0.0,0.0,0.0,0.0,0.0,0.0,0.0,0.0,607.51,0.0,0.0,0.0,0.0,0,21.9,0.85
305,EMEA,UK,-,Mobile & Tablet,2024-06-18,518.6,Jun,2024,0.0,0.0,0.0,0.0,0.0,0.0,0.0,0.0,0.0,0.0,0.0,0.0,0.0,518.6,0.0,0.0,0.0,0.0,0,21.9,0.85
306,EMEA,UK,-,Mobile & Tablet,2024-06-19,472.78999999999996,Jun,2024,0.0,0.0,0.0,0.0,0.0,0.0,0.0,0.0,0.0,0.0,0.0,0.0,0.0,472.78999999999996,0.0,0.0,0.0,0.0,1,21.9,0.85
307,EMEA,UK,-,Mobile & Tablet,2024-06-20,448.73999999999995,Jun,2024,0.0,0.0,0.0,0.0,0.0,0.0,0.0,0.0,0.0,0.0,0.0,0.0,0.0,448.73999999999995,0.0,0.0,0.0,0.0,1,21.9,0.85
308,EMEA,UK,-,Mobile & Tablet,2024-06-21,462.45,Jun,2024,0.0,0.0,0.0,0.0,0.0,0.0,0.0,0.0,0.0,0.0,0.0,0.0,0.0,462.45,0.0,0.0,0.0,0.0,1,21.9,0.85
309,EMEA,UK,-,Mobile & Tablet,2024-06-22,215.05999999999997,Jun,2024,0.0,0.0,0.0,0.0,0.0,0.0,0.0,0.0,0.0,0.0,0.0,0.0,0.0,215.05999999999997,0.0,0.0,0.0,0.0,1,21.9,0.85
310,EMEA,UK,-,Mobile & Tablet,2024-06-23,201.14,Jun,2024,0.0,0.0,0.0,0.0,0.0,0.0,0.0,0.0,0.0,0.0,0.0,0.0,0.0,201.14,0.0,0.0,0.0,0.0,1,21.9,0.85
311,EMEA,UK,-,Mobile & Tablet,2024-06-24,516.46,Jun,2024,0.0,0.0,0.0,0.0,0.0,0.0,0.0,0.0,0.0,0.0,0.0,0.0,0.0,516.46,0.0,0.0,0.0,0.0,0,21.9,0.85
312,EMEA,UK,-,Mobile & Tablet,2024-06-25,383.81000000000006,Jun,2024,0.0,0.0,0.0,0.0,0.0,0.0,0.0,0.0,0.0,0.0,0.0,0.0,0.0,383.81000000000006,0.0,0.0,0.0,0.0,0,21.9,0.85
313,EMEA,UK,-,Mobile & Tablet,2024-06-26,425.79999999999995,Jun,2024,0.0,0.0,0.0,0.0,0.0,0.0,0.0,0.0,0.0,0.0,0.0,0.0,0.0,425.79999999999995,0.0,0.0,0.0,0.0,1,21.9,0.85
314,EMEA,UK,-,Mobile & Tablet,2024-06-27,413.63,Jun,2024,0.0,0.0,0.0,0.0,0.0,0.0,0.0,0.0,0.0,0.0,0.0,0.0,0.0,413.63,0.0,0.0,0.0,0.0,1,21.9,0.85
315,EMEA,UK,-,Mobile & Tablet,2024-06-28,376.49,Jun,2024,0.0,0.0,0.0,0.0,0.0,0.0,0.0,0.0,0.0,0.0,0.0,0.0,0.0,376.49,0.0,0.0,0.0,0.0,1,21.9,0.85
316,EMEA,UK,-,Mobile & Tablet,2024-06-29,212.69,Jun,2024,0.0,0.0,0.0,0.0,0.0,0.0,0.0,0.0,0.0,0.0,0.0,0.0,0.0,212.69,0.0,0.0,0.0,0.0,1,21.9,0.85
317,EMEA,UK,-,Mobile & Tablet,2024-06-30,227.94,Jun,2024,0.0,0.0,0.0,0.0,0.0,0.0,0.0,0.0,0.0,0.0,0.0,0.0,0.0,227.94,0.0,0.0,0.0,0.0,1,21.9,0.85
318,EMEA,UK,-,Mobile & Tablet,2024-07-01,471.87,Jul,2024,0.0,0.0,0.0,0.0,0.0,0.0,0.0,0.0,0.0,0.0,0.0,0.0,471.87,0.0,0.0,0.0,0.0,0.0,0,21.9,0.85
319,EMEA,UK,-,Mobile & Tablet,2024-07-02,554.62,Jul,2024,0.0,0.0,0.0,0.0,0.0,0.0,0.0,0.0,0.0,0.0,0.0,0.0,554.62,0.0,0.0,0.0,0.0,0.0,0,21.9,0.85
320,EMEA,UK,-,Mobile & Tablet,2024-07-03,633.3000000000001,Jul,2024,0.0,0.0,0.0,0.0,0.0,0.0,0.0,0.0,0.0,0.0,0.0,0.0,633.3000000000001,0.0,0.0,0.0,0.0,0.0,1,21.9,0.85
321,EMEA,UK,-,Mobile & Tablet,2024-07-04,691.71,Jul,2024,0.0,0.0,0.0,0.0,0.0,0.0,0.0,0.0,0.0,0.0,0.0,0.0,691.71,0.0,0.0,0.0,0.0,0.0,1,21.9,0.85
322,EMEA,UK,-,Mobile & Tablet,2024-07-05,639.2000000000002,Jul,2024,0.0,0.0,0.0,0.0,0.0,0.0,0.0,0.0,0.0,0.0,0.0,0.0,639.2000000000002,0.0,0.0,0.0,0.0,0.0,1,21.9,0.85
323,EMEA,UK,-,Mobile & Tablet,2024-07-06,352.16999999999996,Jul,2024,0.0,0.0,0.0,0.0,0.0,0.0,0.0,0.0,0.0,0.0,0.0,0.0,352.16999999999996,0.0,0.0,0.0,0.0,0.0,1,21.9,0.85
324,EMEA,UK,-,Mobile & Tablet,2024-07-07,292.02000000000004,Jul,2024,0.0,0.0,0.0,0.0,0.0,0.0,0.0,0.0,0.0,0.0,0.0,0.0,292.02000000000004,0.0,0.0,0.0,0.0,0.0,1,21.9,0.85
325,EMEA,UK,-,Mobile & Tablet,2024-07-08,706.38,Jul,2024,0.0,0.0,0.0,0.0,0.0,0.0,0.0,0.0,0.0,0.0,0.0,0.0,706.38,0.0,0.0,0.0,0.0,0.0,0,21.9,0.85
326,EMEA,UK,-,Mobile & Tablet,2024-07-09,520.16,Jul,2024,0.0,0.0,0.0,0.0,0.0,0.0,0.0,0.0,0.0,0.0,0.0,0.0,520.16,0.0,0.0,0.0,0.0,0.0,0,21.9,0.85
327,EMEA,UK,-,Mobile & Tablet,2024-07-10,424.2099999999999,Jul,2024,0.0,0.0,0.0,0.0,0.0,0.0,0.0,0.0,0.0,0.0,0.0,0.0,424.2099999999999,0.0,0.0,0.0,0.0,0.0,1,21.9,0.85
328,EMEA,UK,-,Mobile & Tablet,2024-07-11,310.20000000000005,Jul,2024,0.0,0.0,0.0,0.0,0.0,0.0,0.0,0.0,0.0,0.0,0.0,0.0,310.20000000000005,0.0,0.0,0.0,0.0,0.0,1,21.9,0.85
329,EMEA,UK,-,Mobile & Tablet,2024-07-12,406.24,Jul,2024,0.0,0.0,0.0,0.0,0.0,0.0,0.0,0.0,0.0,0.0,0.0,0.0,406.24,0.0,0.0,0.0,0.0,0.0,1,21.9,0.85
330,EMEA,UK,-,Mobile & Tablet,2024-07-13,228.46,Jul,2024,0.0,0.0,0.0,0.0,0.0,0.0,0.0,0.0,0.0,0.0,0.0,0.0,228.46,0.0,0.0,0.0,0.0,0.0,1,21.9,0.85
331,EMEA,UK,-,Mobile & Tablet,2024-07-14,364.0199999999999,Jul,2024,0.0,0.0,0.0,0.0,0.0,0.0,0.0,0.0,0.0,0.0,0.0,0.0,364.0199999999999,0.0,0.0,0.0,0.0,0.0,1,21.9,0.85
332,EMEA,UK,-,Mobile & Tablet,2024-07-15,1206.4899999999998,Jul,2024,0.0,0.0,0.0,0.0,0.0,0.0,0.0,0.0,0.0,0.0,0.0,0.0,1206.4899999999998,0.0,0.0,0.0,0.0,0.0,0,21.9,0.85
333,EMEA,UK,-,Mobile & Tablet,2024-07-16,1506.45,Jul,2024,0.0,0.0,0.0,0.0,0.0,0.0,0.0,0.0,0.0,0.0,0.0,0.0,1506.45,0.0,0.0,0.0,0.0,0.0,0,21.9,0.85
334,EMEA,UK,-,Mobile & Tablet,2024-07-17,1228.58,Jul,2024,0.0,0.0,0.0,0.0,0.0,0.0,0.0,0.0,0.0,0.0,0.0,0.0,1228.58,0.0,0.0,0.0,0.0,0.0,1,21.9,0.85
335,EMEA,UK,-,Mobile & Tablet,2024-07-18,448.04,Jul,2024,0.0,0.0,0.0,0.0,0.0,0.0,0.0,0.0,0.0,0.0,0.0,0.0,448.04,0.0,0.0,0.0,0.0,0.0,1,21.9,0.85
336,EMEA,UK,-,Mobile & Tablet,2024-07-19,596.3100000000001,Jul,2024,0.0,0.0,0.0,0.0,0.0,0.0,0.0,0.0,0.0,0.0,0.0,0.0,596.3100000000001,0.0,0.0,0.0,0.0,0.0,1,21.9,0.85
337,EMEA,UK,-,Mobile & Tablet,2024-07-20,373.19,Jul,2024,0.0,0.0,0.0,0.0,0.0,0.0,0.0,0.0,0.0,0.0,0.0,0.0,373.19,0.0,0.0,0.0,0.0,0.0,1,21.9,0.85
338,EMEA,UK,-,Mobile & Tablet,2024-07-21,357.93,Jul,2024,0.0,0.0,0.0,0.0,0.0,0.0,0.0,0.0,0.0,0.0,0.0,0.0,357.93,0.0,0.0,0.0,0.0,0.0,1,21.9,0.85
339,EMEA,UK,-,Mobile & Tablet,2024-07-22,873.3899999999999,Jul,2024,0.0,0.0,0.0,0.0,0.0,0.0,0.0,0.0,0.0,0.0,0.0,0.0,873.3899999999999,0.0,0.0,0.0,0.0,0.0,0,21.9,0.85
340,EMEA,UK,-,Mobile & Tablet,2024-07-23,1164.81,Jul,2024,0.0,0.0,0.0,0.0,0.0,0.0,0.0,0.0,0.0,0.0,0.0,0.0,1164.81,0.0,0.0,0.0,0.0,0.0,0,21.9,0.85
341,EMEA,UK,-,Mobile & Tablet,2024-07-24,1395.3600000000001,Jul,2024,0.0,0.0,0.0,0.0,0.0,0.0,0.0,0.0,0.0,0.0,0.0,0.0,1395.3600000000001,0.0,0.0,0.0,0.0,0.0,1,21.9,0.85
342,EMEA,UK,-,Mobile & Tablet,2024-07-25,1096.1399999999999,Jul,2024,0.0,0.0,0.0,0.0,0.0,0.0,0.0,0.0,0.0,0.0,0.0,0.0,1096.1399999999999,0.0,0.0,0.0,0.0,0.0,1,21.9,0.85
343,EMEA,UK,-,Mobile & Tablet,2024-07-26,1348.01,Jul,2024,0.0,0.0,0.0,0.0,0.0,0.0,0.0,0.0,0.0,0.0,0.0,0.0,1348.01,0.0,0.0,0.0,0.0,0.0,1,21.9,0.85
344,EMEA,UK,-,Mobile & Tablet,2024-07-27,687.51,Jul,2024,0.0,0.0,0.0,0.0,0.0,0.0,0.0,0.0,0.0,0.0,0.0,0.0,687.51,0.0,0.0,0.0,0.0,0.0,1,21.9,0.85
345,EMEA,UK,-,Mobile & Tablet,2024-07-28,552.3400000000001,Jul,2024,0.0,0.0,0.0,0.0,0.0,0.0,0.0,0.0,0.0,0.0,0.0,0.0,552.3400000000001,0.0,0.0,0.0,0.0,0.0,1,21.9,0.85
346,EMEA,UK,-,Mobile & Tablet,2024-07-29,1654.4999999999998,Jul,2024,0.0,0.0,0.0,0.0,0.0,0.0,0.0,0.0,0.0,0.0,0.0,0.0,1654.4999999999998,0.0,0.0,0.0,0.0,0.0,0,21.9,0.85
347,EMEA,UK,-,Mobile & Tablet,2024-07-30,1743.24,Jul,2024,0.0,0.0,0.0,0.0,0.0,0.0,0.0,0.0,0.0,0.0,0.0,0.0,1743.24,0.0,0.0,0.0,0.0,0.0,0,21.9,0.85
348,EMEA,UK,-,Mobile & Tablet,2024-07-31,1011.5799999999999,Jul,2024,0.0,0.0,0.0,0.0,0.0,0.0,0.0,0.0,0.0,0.0,0.0,0.0,1011.5799999999999,0.0,0.0,0.0,0.0,0.0,1,21.9,0.85
349,EMEA,UK,-,Mobile & Tablet,2024-08-01,909.0600000000001,Aug,2024,0.0,0.0,0.0,0.0,0.0,0.0,0.0,0.0,0.0,0.0,909.0600000000001,0.0,0.0,0.0,0.0,0.0,0.0,0.0,1,21.9,0.85
350,EMEA,UK,-,Mobile & Tablet,2024-08-02,1023.67,Aug,2024,0.0,0.0,0.0,0.0,0.0,0.0,0.0,0.0,0.0,0.0,1023.67,0.0,0.0,0.0,0.0,0.0,0.0,0.0,1,21.9,0.85
351,EMEA,UK,-,Mobile & Tablet,2024-08-03,594.61,Aug,2024,0.0,0.0,0.0,0.0,0.0,0.0,0.0,0.0,0.0,0.0,594.61,0.0,0.0,0.0,0.0,0.0,0.0,0.0,1,21.9,0.85
352,EMEA,UK,-,Mobile & Tablet,2024-08-04,508.08000000000004,Aug,2024,0.0,0.0,0.0,0.0,0.0,0.0,0.0,0.0,0.0,0.0,508.08000000000004,0.0,0.0,0.0,0.0,0.0,0.0,0.0,1,21.9,0.85
353,EMEA,UK,-,Mobile & Tablet,2024-08-05,2305.65,Aug,2024,0.0,0.0,0.0,0.0,0.0,0.0,0.0,0.0,0.0,0.0,2305.65,0.0,0.0,0.0,0.0,0.0,0.0,0.0,0,21.9,0.85
354,EMEA,UK,-,Mobile & Tablet,2024-08-06,1655.9500000000003,Aug,2024,0.0,0.0,0.0,0.0,0.0,0.0,0.0,0.0,0.0,0.0,1655.9500000000003,0.0,0.0,0.0,0.0,0.0,0.0,0.0,0,21.9,0.85
355,EMEA,UK,-,Mobile & Tablet,2024-08-07,720.3799999999999,Aug,2024,0.0,0.0,0.0,0.0,0.0,0.0,0.0,0.0,0.0,0.0,720.3799999999999,0.0,0.0,0.0,0.0,0.0,0.0,0.0,1,21.9,0.85
356,EMEA,UK,-,Mobile & Tablet,2024-08-08,429.00000000000006,Aug,2024,0.0,0.0,0.0,0.0,0.0,0.0,0.0,0.0,0.0,0.0,429.00000000000006,0.0,0.0,0.0,0.0,0.0,0.0,0.0,1,21.9,0.85
357,EMEA,UK,-,Mobile & Tablet,2024-08-09,483.69999999999993,Aug,2024,0.0,0.0,0.0,0.0,0.0,0.0,0.0,0.0,0.0,0.0,483.69999999999993,0.0,0.0,0.0,0.0,0.0,0.0,0.0,1,21.9,0.85
358,EMEA,UK,-,Mobile & Tablet,2024-08-10,253.61,Aug,2024,0.0,0.0,0.0,0.0,0.0,0.0,0.0,0.0,0.0,0.0,253.61,0.0,0.0,0.0,0.0,0.0,0.0,0.0,1,21.9,0.85
359,EMEA,UK,-,Mobile & Tablet,2024-08-11,248.7,Aug,2024,0.0,0.0,0.0,0.0,0.0,0.0,0.0,0.0,0.0,0.0,248.7,0.0,0.0,0.0,0.0,0.0,0.0,0.0,1,21.9,0.85
360,EMEA,UK,-,Mobile & Tablet,2024-08-12,575.88,Aug,2024,0.0,0.0,0.0,0.0,0.0,0.0,0.0,0.0,0.0,0.0,575.88,0.0,0.0,0.0,0.0,0.0,0.0,0.0,0,21.9,0.85
361,EMEA,UK,-,Mobile & Tablet,2024-08-13,667.9100000000001,Aug,2024,0.0,0.0,0.0,0.0,0.0,0.0,0.0,0.0,0.0,0.0,667.9100000000001,0.0,0.0,0.0,0.0,0.0,0.0,0.0,0,21.9,0.85
362,EMEA,UK,-,Mobile & Tablet,2024-08-14,829.0899999999999,Aug,2024,0.0,0.0,0.0,0.0,0.0,0.0,0.0,0.0,0.0,0.0,829.0899999999999,0.0,0.0,0.0,0.0,0.0,0.0,0.0,1,21.9,0.85
363,EMEA,UK,-,Mobile & Tablet,2024-08-15,845.3100000000002,Aug,2024,0.0,0.0,0.0,0.0,0.0,0.0,0.0,0.0,0.0,0.0,845.3100000000002,0.0,0.0,0.0,0.0,0.0,0.0,0.0,1,21.9,0.85
364,EMEA,UK,-,Mobile & Tablet,2024-08-16,760.4699999999999,Aug,2024,0.0,0.0,0.0,0.0,0.0,0.0,0.0,0.0,0.0,0.0,760.4699999999999,0.0,0.0,0.0,0.0,0.0,0.0,0.0,1,21.9,0.85
365,EMEA,UK,-,Mobile & Tablet,2024-08-17,422.33000000000004,Aug,2024,0.0,0.0,0.0,0.0,0.0,0.0,0.0,0.0,0.0,0.0,422.33000000000004,0.0,0.0,0.0,0.0,0.0,0.0,0.0,1,21.9,0.85
366,EMEA,UK,-,Mobile & Tablet,2024-08-18,391.5,Aug,2024,0.0,0.0,0.0,0.0,0.0,0.0,0.0,0.0,0.0,0.0,391.5,0.0,0.0,0.0,0.0,0.0,0.0,0.0,1,21.9,0.85
367,EMEA,UK,-,Mobile & Tablet,2024-08-19,792.26,Aug,2024,0.0,0.0,0.0,0.0,0.0,0.0,0.0,0.0,0.0,0.0,792.26,0.0,0.0,0.0,0.0,0.0,0.0,0.0,0,21.9,0.85
368,EMEA,UK,-,Mobile & Tablet,2024-08-20,404.1299999999998,Aug,2024,0.0,0.0,0.0,0.0,0.0,0.0,0.0,0.0,0.0,0.0,404.1299999999998,0.0,0.0,0.0,0.0,0.0,0.0,0.0,0,21.9,0.85
369,EMEA,UK,-,Mobile & Tablet,2024-08-21,419.3,Aug,2024,0.0,0.0,0.0,0.0,0.0,0.0,0.0,0.0,0.0,0.0,419.3,0.0,0.0,0.0,0.0,0.0,0.0,0.0,1,21.9,0.85
370,EMEA,UK,-,Mobile & Tablet,2024-08-22,324.29999999999995,Aug,2024,0.0,0.0,0.0,0.0,0.0,0.0,0.0,0.0,0.0,0.0,324.29999999999995,0.0,0.0,0.0,0.0,0.0,0.0,0.0,1,21.9,0.85
371,EMEA,UK,-,Mobile & Tablet,2024-08-23,242.69000000000003,Aug,2024,0.0,0.0,0.0,0.0,0.0,0.0,0.0,0.0,0.0,0.0,242.69000000000003,0.0,0.0,0.0,0.0,0.0,0.0,0.0,1,21.9,0.85
372,EMEA,UK,-,Mobile & Tablet,2024-08-24,167.11,Aug,2024,0.0,0.0,0.0,0.0,0.0,0.0,0.0,0.0,0.0,0.0,167.11,0.0,0.0,0.0,0.0,0.0,0.0,0.0,1,21.9,0.85
373,EMEA,UK,-,Mobile & Tablet,2024-08-25,171.05999999999997,Aug,2024,0.0,0.0,0.0,0.0,0.0,0.0,0.0,0.0,0.0,0.0,171.05999999999997,0.0,0.0,0.0,0.0,0.0,0.0,0.0,1,21.9,0.85
374,EMEA,UK,-,Mobile & Tablet,2024-08-26,326.49000000000007,Aug,2024,0.0,0.0,0.0,0.0,0.0,0.0,0.0,0.0,0.0,0.0,326.49000000000007,0.0,0.0,0.0,0.0,0.0,0.0,0.0,0,21.9,0.85
375,EMEA,UK,-,Mobile & Tablet,2024-08-27,743.0400000000001,Aug,2024,0.0,0.0,0.0,0.0,0.0,0.0,0.0,0.0,0.0,0.0,743.0400000000001,0.0,0.0,0.0,0.0,0.0,0.0,0.0,0,21.9,0.85
376,EMEA,UK,-,Mobile & Tablet,2024-08-28,745.0800000000002,Aug,2024,0.0,0.0,0.0,0.0,0.0,0.0,0.0,0.0,0.0,0.0,745.0800000000002,0.0,0.0,0.0,0.0,0.0,0.0,0.0,1,21.9,0.85
377,EMEA,UK,-,Mobile & Tablet,2024-08-29,550.08,Aug,2024,0.0,0.0,0.0,0.0,0.0,0.0,0.0,0.0,0.0,0.0,550.08,0.0,0.0,0.0,0.0,0.0,0.0,0.0,1,21.9,0.85
378,EMEA,UK,-,Mobile & Tablet,2024-08-30,545.96,Aug,2024,0.0,0.0,0.0,0.0,0.0,0.0,0.0,0.0,0.0,0.0,545.96,0.0,0.0,0.0,0.0,0.0,0.0,0.0,1,21.9,0.85
379,EMEA,UK,-,Mobile & Tablet,2024-08-31,215.55999999999997,Aug,2024,0.0,0.0,0.0,0.0,0.0,0.0,0.0,0.0,0.0,0.0,215.55999999999997,0.0,0.0,0.0,0.0,0.0,0.0,0.0,1,21.9,0.85
380,EMEA,UK,-,Mobile & Tablet,2024-09-01,189.97000000000003,Sep,2024,0.0,0.0,0.0,0.0,0.0,0.0,0.0,0.0,0.0,0.0,0.0,0.0,0.0,0.0,0.0,0.0,0.0,189.97000000000003,1,21.9,0.85
381,EMEA,UK,-,Mobile & Tablet,2024-09-02,459.46000000000004,Sep,2024,0.0,0.0,0.0,0.0,0.0,0.0,0.0,0.0,0.0,0.0,0.0,0.0,0.0,0.0,0.0,0.0,0.0,459.46000000000004,0,21.9,0.85
382,EMEA,UK,-,Mobile & Tablet,2024-09-03,513.92,Sep,2024,0.0,0.0,0.0,0.0,0.0,0.0,0.0,0.0,0.0,0.0,0.0,0.0,0.0,0.0,0.0,0.0,0.0,513.92,0,21.9,0.85
383,EMEA,UK,-,Mobile & Tablet,2024-09-04,485.26,Sep,2024,0.0,0.0,0.0,0.0,0.0,0.0,0.0,0.0,0.0,0.0,0.0,0.0,0.0,0.0,0.0,0.0,0.0,485.26,1,21.9,0.85
384,EMEA,UK,-,Mobile & Tablet,2024-09-05,328.45000000000005,Sep,2024,0.0,0.0,0.0,0.0,0.0,0.0,0.0,0.0,0.0,0.0,0.0,0.0,0.0,0.0,0.0,0.0,0.0,328.45000000000005,1,21.9,0.85
385,EMEA,UK,-,Mobile & Tablet,2024-09-06,326.71,Sep,2024,0.0,0.0,0.0,0.0,0.0,0.0,0.0,0.0,0.0,0.0,0.0,0.0,0.0,0.0,0.0,0.0,0.0,326.71,1,21.9,0.85
386,EMEA,UK,-,Mobile & Tablet,2024-09-07,197.55999999999997,Sep,2024,0.0,0.0,0.0,0.0,0.0,0.0,0.0,0.0,0.0,0.0,0.0,0.0,0.0,0.0,0.0,0.0,0.0,197.55999999999997,1,21.9,0.85
387,EMEA,UK,-,Mobile & Tablet,2024-09-08,237.21000000000004,Sep,2024,0.0,0.0,0.0,0.0,0.0,0.0,0.0,0.0,0.0,0.0,0.0,0.0,0.0,0.0,0.0,0.0,0.0,237.21000000000004,1,21.9,0.85
388,EMEA,UK,-,Mobile & Tablet,2024-09-09,692.3599999999999,Sep,2024,0.0,0.0,0.0,0.0,0.0,0.0,0.0,0.0,0.0,0.0,0.0,0.0,0.0,0.0,0.0,0.0,0.0,692.3599999999999,0,21.9,0.85
389,EMEA,UK,-,Mobile & Tablet,2024-09-10,625.41,Sep,2024,0.0,0.0,0.0,0.0,0.0,0.0,0.0,0.0,0.0,0.0,0.0,0.0,0.0,0.0,0.0,0.0,0.0,625.41,0,21.9,0.85
390,EMEA,UK,-,Mobile & Tablet,2024-09-11,509.92,Sep,2024,0.0,0.0,0.0,0.0,0.0,0.0,0.0,0.0,0.0,0.0,0.0,0.0,0.0,0.0,0.0,0.0,0.0,509.92,1,21.9,0.85
391,EMEA,UK,-,Mobile & Tablet,2024-09-12,478.1599999999999,Sep,2024,0.0,0.0,0.0,0.0,0.0,0.0,0.0,0.0,0.0,0.0,0.0,0.0,0.0,0.0,0.0,0.0,0.0,478.1599999999999,1,21.9,0.85
392,EMEA,UK,-,Mobile & Tablet,2024-09-13,412.12,Sep,2024,0.0,0.0,0.0,0.0,0.0,0.0,0.0,0.0,0.0,0.0,0.0,0.0,0.0,0.0,0.0,0.0,0.0,412.12,1,21.9,0.85
393,EMEA,UK,-,Mobile & Tablet,2024-09-14,236.84999999999997,Sep,2024,0.0,0.0,0.0,0.0,0.0,0.0,0.0,0.0,0.0,0.0,0.0,0.0,0.0,0.0,0.0,0.0,0.0,236.84999999999997,1,21.9,0.85
394,EMEA,UK,-,Mobile & Tablet,2024-09-15,325.6,Sep,2024,0.0,0.0,0.0,0.0,0.0,0.0,0.0,0.0,0.0,0.0,0.0,0.0,0.0,0.0,0.0,0.0,0.0,325.6,1,21.9,0.85
395,EMEA,UK,-,Mobile & Tablet,2024-09-16,642.1400000000001,Sep,2024,0.0,0.0,0.0,0.0,0.0,0.0,0.0,0.0,0.0,0.0,0.0,0.0,0.0,0.0,0.0,0.0,0.0,642.1400000000001,0,21.9,0.85
396,EMEA,UK,-,Mobile & Tablet,2024-09-17,679.0,Sep,2024,0.0,0.0,0.0,0.0,0.0,0.0,0.0,0.0,0.0,0.0,0.0,0.0,0.0,0.0,0.0,0.0,0.0,679.0,0,21.9,0.85
397,EMEA,UK,-,Mobile & Tablet,2024-09-18,600.0899999999999,Sep,2024,0.0,0.0,0.0,0.0,0.0,0.0,0.0,0.0,0.0,0.0,0.0,0.0,0.0,0.0,0.0,0.0,0.0,600.0899999999999,1,21.9,0.85
398,EMEA,UK,-,Mobile & Tablet,2024-09-19,513.64,Sep,2024,0.0,0.0,0.0,0.0,0.0,0.0,0.0,0.0,0.0,0.0,0.0,0.0,0.0,0.0,0.0,0.0,0.0,513.64,1,21.9,0.85
399,EMEA,UK,-,Mobile & Tablet,2024-09-20,492.7399999999999,Sep,2024,0.0,0.0,0.0,0.0,0.0,0.0,0.0,0.0,0.0,0.0,0.0,0.0,0.0,0.0,0.0,0.0,0.0,492.7399999999999,1,21.9,0.85
400,EMEA,UK,-,Mobile & Tablet,2024-09-21,362.96000000000004,Sep,2024,0.0,0.0,0.0,0.0,0.0,0.0,0.0,0.0,0.0,0.0,0.0,0.0,0.0,0.0,0.0,0.0,0.0,362.96000000000004,1,21.9,0.85
401,EMEA,UK,-,Mobile & Tablet,2024-09-22,293.17999999999995,Sep,2024,0.0,0.0,0.0,0.0,0.0,0.0,0.0,0.0,0.0,0.0,0.0,0.0,0.0,0.0,0.0,0.0,0.0,293.17999999999995,1,21.9,0.85
402,EMEA,UK,-,Mobile & Tablet,2024-09-23,615.6999999999999,Sep,2024,0.0,0.0,0.0,0.0,0.0,0.0,0.0,0.0,0.0,0.0,0.0,0.0,0.0,0.0,0.0,0.0,0.0,615.6999999999999,0,21.9,0.85
403,EMEA,UK,-,Mobile & Tablet,2024-09-24,588.32,Sep,2024,0.0,0.0,0.0,0.0,0.0,0.0,0.0,0.0,0.0,0.0,0.0,0.0,0.0,0.0,0.0,0.0,0.0,588.32,0,21.9,0.85
404,EMEA,UK,-,Mobile & Tablet,2024-09-25,568.1,Sep,2024,0.0,0.0,0.0,0.0,0.0,0.0,0.0,0.0,0.0,0.0,0.0,0.0,0.0,0.0,0.0,0.0,0.0,568.1,1,21.9,0.85
405,EMEA,UK,-,Mobile & Tablet,2024-09-26,764.17,Sep,2024,0.0,0.0,0.0,0.0,0.0,0.0,0.0,0.0,0.0,0.0,0.0,0.0,0.0,0.0,0.0,0.0,0.0,764.17,1,21.9,0.85
406,EMEA,UK,-,Mobile & Tablet,2024-09-27,623.66,Sep,2024,0.0,0.0,0.0,0.0,0.0,0.0,0.0,0.0,0.0,0.0,0.0,0.0,0.0,0.0,0.0,0.0,0.0,623.66,1,21.9,0.85
407,EMEA,UK,-,Mobile & Tablet,2024-09-28,16.48,Sep,2024,0.0,0.0,0.0,0.0,0.0,0.0,0.0,0.0,0.0,0.0,0.0,0.0,0.0,0.0,0.0,0.0,0.0,16.48,1,21.9,0.85
408,EMEA,UK,-,Mobile & Tablet,2024-09-29,629.2599999999999,Sep,2024,0.0,0.0,0.0,0.0,0.0,0.0,0.0,0.0,0.0,0.0,0.0,0.0,0.0,0.0,0.0,0.0,0.0,629.2599999999999,1,21.9,0.85
409,EMEA,UK,-,Mobile & Tablet,2024-09-30,1230.9199999999998,Sep,2024,0.0,0.0,0.0,0.0,0.0,0.0,0.0,0.0,0.0,0.0,0.0,0.0,0.0,0.0,0.0,0.0,0.0,1230.9199999999998,0,21.9,0.85
410,EMEA,UK,-,Mobile & Tablet,2024-10-01,1271.6299999999999,Oct,2024,0.0,0.0,0.0,0.0,0.0,0.0,0.0,0.0,0.0,0.0,0.0,0.0,0.0,0.0,0.0,0.0,1271.6299999999999,0.0,0,21.9,0.85
411,EMEA,UK,-,Mobile & Tablet,2024-10-02,1340.1399999999999,Oct,2024,0.0,0.0,0.0,0.0,0.0,0.0,0.0,0.0,0.0,0.0,0.0,0.0,0.0,0.0,0.0,0.0,1340.1399999999999,0.0,1,21.9,0.85
412,EMEA,UK,-,Mobile & Tablet,2024-10-03,977.8699999999999,Oct,2024,0.0,0.0,0.0,0.0,0.0,0.0,0.0,0.0,0.0,0.0,0.0,0.0,0.0,0.0,0.0,0.0,977.8699999999999,0.0,1,21.9,0.85
413,EMEA,UK,-,Mobile & Tablet,2024-10-04,965.4300000000001,Oct,2024,0.0,0.0,0.0,0.0,0.0,0.0,0.0,0.0,0.0,0.0,0.0,0.0,0.0,0.0,0.0,0.0,965.4300000000001,0.0,1,21.9,0.85
414,EMEA,UK,-,Mobile & Tablet,2024-10-05,703.9300000000001,Oct,2024,0.0,0.0,0.0,0.0,0.0,0.0,0.0,0.0,0.0,0.0,0.0,0.0,0.0,0.0,0.0,0.0,703.9300000000001,0.0,1,21.9,0.85
415,EMEA,UK,-,Mobile & Tablet,2024-10-06,567.14,Oct,2024,0.0,0.0,0.0,0.0,0.0,0.0,0.0,0.0,0.0,0.0,0.0,0.0,0.0,0.0,0.0,0.0,567.14,0.0,1,21.9,0.85
416,EMEA,UK,-,Mobile & Tablet,2024-10-07,958.06,Oct,2024,0.0,0.0,0.0,0.0,0.0,0.0,0.0,0.0,0.0,0.0,0.0,0.0,0.0,0.0,0.0,0.0,958.06,0.0,0,21.9,0.85
417,EMEA,UK,-,Mobile & Tablet,2024-10-08,897.57,Oct,2024,0.0,0.0,0.0,0.0,0.0,0.0,0.0,0.0,0.0,0.0,0.0,0.0,0.0,0.0,0.0,0.0,897.57,0.0,0,21.9,0.85
418,EMEA,UK,-,Mobile & Tablet,2024-10-09,985.7599999999999,Oct,2024,0.0,0.0,0.0,0.0,0.0,0.0,0.0,0.0,0.0,0.0,0.0,0.0,0.0,0.0,0.0,0.0,985.7599999999999,0.0,1,21.9,0.85
419,EMEA,UK,-,Mobile & Tablet,2024-10-10,871.85,Oct,2024,0.0,0.0,0.0,0.0,0.0,0.0,0.0,0.0,0.0,0.0,0.0,0.0,0.0,0.0,0.0,0.0,871.85,0.0,1,21.9,0.85
420,EMEA,UK,-,Mobile & Tablet,2024-10-11,764.6600000000001,Oct,2024,0.0,0.0,0.0,0.0,0.0,0.0,0.0,0.0,0.0,0.0,0.0,0.0,0.0,0.0,0.0,0.0,764.6600000000001,0.0,1,21.9,0.85
421,EMEA,UK,-,Mobile & Tablet,2024-10-12,598.4,Oct,2024,0.0,0.0,0.0,0.0,0.0,0.0,0.0,0.0,0.0,0.0,0.0,0.0,0.0,0.0,0.0,0.0,598.4,0.0,1,21.9,0.85
422,EMEA,UK,-,Mobile & Tablet,2024-10-13,576.4300000000001,Oct,2024,0.0,0.0,0.0,0.0,0.0,0.0,0.0,0.0,0.0,0.0,0.0,0.0,0.0,0.0,0.0,0.0,576.4300000000001,0.0,1,21.9,0.85
423,EMEA,UK,-,Mobile & Tablet,2024-10-14,881.1800000000002,Oct,2024,0.0,0.0,0.0,0.0,0.0,0.0,0.0,0.0,0.0,0.0,0.0,0.0,0.0,0.0,0.0,0.0,881.1800000000002,0.0,0,21.9,0.85
424,EMEA,UK,-,Mobile & Tablet,2024-10-15,771.04,Oct,2024,0.0,0.0,0.0,0.0,0.0,0.0,0.0,0.0,0.0,0.0,0.0,0.0,0.0,0.0,0.0,0.0,771.04,0.0,0,21.9,0.85
425,EMEA,UK,-,Mobile & Tablet,2024-10-16,671.3000000000001,Oct,2024,0.0,0.0,0.0,0.0,0.0,0.0,0.0,0.0,0.0,0.0,0.0,0.0,0.0,0.0,0.0,0.0,671.3000000000001,0.0,1,21.9,0.85
426,EMEA,UK,-,Mobile & Tablet,2024-10-17,576.9399999999999,Oct,2024,0.0,0.0,0.0,0.0,0.0,0.0,0.0,0.0,0.0,0.0,0.0,0.0,0.0,0.0,0.0,0.0,576.9399999999999,0.0,1,21.9,0.85
427,EMEA,UK,-,Mobile & Tablet,2024-10-18,604.55,Oct,2024,0.0,0.0,0.0,0.0,0.0,0.0,0.0,0.0,0.0,0.0,0.0,0.0,0.0,0.0,0.0,0.0,604.55,0.0,1,21.9,0.85
428,EMEA,UK,-,Mobile & Tablet,2024-10-19,418.99,Oct,2024,0.0,0.0,0.0,0.0,0.0,0.0,0.0,0.0,0.0,0.0,0.0,0.0,0.0,0.0,0.0,0.0,418.99,0.0,1,21.9,0.85
429,EMEA,UK,-,Mobile & Tablet,2024-10-20,392.90000000000003,Oct,2024,0.0,0.0,0.0,0.0,0.0,0.0,0.0,0.0,0.0,0.0,0.0,0.0,0.0,0.0,0.0,0.0,392.90000000000003,0.0,1,21.9,0.85
430,EMEA,UK,-,Mobile & Tablet,2024-10-21,725.4599999999999,Oct,2024,0.0,0.0,0.0,0.0,0.0,0.0,0.0,0.0,0.0,0.0,0.0,0.0,0.0,0.0,0.0,0.0,725.4599999999999,0.0,0,21.9,0.85
431,EMEA,UK,-,Mobile & Tablet,2024-10-22,629.98,Oct,2024,0.0,0.0,0.0,0.0,0.0,0.0,0.0,0.0,0.0,0.0,0.0,0.0,0.0,0.0,0.0,0.0,629.98,0.0,0,21.9,0.85
432,EMEA,UK,-,Mobile & Tablet,2024-10-23,653.51,Oct,2024,0.0,0.0,0.0,0.0,0.0,0.0,0.0,0.0,0.0,0.0,0.0,0.0,0.0,0.0,0.0,0.0,653.51,0.0,1,21.9,0.85
433,EMEA,UK,-,Mobile & Tablet,2024-10-24,597.8500000000001,Oct,2024,0.0,0.0,0.0,0.0,0.0,0.0,0.0,0.0,0.0,0.0,0.0,0.0,0.0,0.0,0.0,0.0,597.8500000000001,0.0,1,21.9,0.85
434,EMEA,UK,-,Mobile & Tablet,2024-10-25,521.21,Oct,2024,0.0,0.0,0.0,0.0,0.0,0.0,0.0,0.0,0.0,0.0,0.0,0.0,0.0,0.0,0.0,0.0,521.21,0.0,1,21.9,0.85
435,EMEA,UK,-,Mobile & Tablet,2024-10-26,462.28,Oct,2024,0.0,0.0,0.0,0.0,0.0,0.0,0.0,0.0,0.0,0.0,0.0,0.0,0.0,0.0,0.0,0.0,462.28,0.0,1,21.9,0.85
436,EMEA,UK,-,Mobile & Tablet,2024-10-27,451.15000000000003,Oct,2024,0.0,0.0,0.0,0.0,0.0,0.0,0.0,0.0,0.0,0.0,0.0,0.0,0.0,0.0,0.0,0.0,451.15000000000003,0.0,1,21.9,0.85
437,EMEA,UK,-,Mobile & Tablet,2024-10-28,978.8499999999998,Oct,2024,0.0,0.0,0.0,0.0,0.0,0.0,0.0,0.0,0.0,0.0,0.0,0.0,0.0,0.0,0.0,0.0,978.8499999999998,0.0,0,21.9,0.85
438,EMEA,UK,-,Mobile & Tablet,2024-10-29,856.44,Oct,2024,0.0,0.0,0.0,0.0,0.0,0.0,0.0,0.0,0.0,0.0,0.0,0.0,0.0,0.0,0.0,0.0,856.44,0.0,0,21.9,0.85
439,EMEA,UK,-,Mobile & Tablet,2024-10-30,842.9200000000001,Oct,2024,0.0,0.0,0.0,0.0,0.0,0.0,0.0,0.0,0.0,0.0,0.0,0.0,0.0,0.0,0.0,0.0,842.9200000000001,0.0,1,21.9,0.85
440,EMEA,UK,-,Mobile & Tablet,2024-10-31,672.89,Oct,2024,0.0,0.0,0.0,0.0,0.0,0.0,0.0,0.0,0.0,0.0,0.0,0.0,0.0,0.0,0.0,0.0,672.89,0.0,1,21.9,0.85
441,EMEA,UK,-,Mobile & Tablet,2024-11-01,545.5600000000001,Nov,2024,0.0,0.0,0.0,0.0,0.0,0.0,0.0,0.0,0.0,0.0,0.0,0.0,0.0,0.0,0.0,545.5600000000001,0.0,0.0,1,21.9,0.85
442,EMEA,UK,-,Mobile & Tablet,2024-11-02,437.65,Nov,2024,0.0,0.0,0.0,0.0,0.0,0.0,0.0,0.0,0.0,0.0,0.0,0.0,0.0,0.0,0.0,437.65,0.0,0.0,1,21.9,0.85
443,EMEA,UK,-,Mobile & Tablet,2024-11-03,508.90999999999997,Nov,2024,0.0,0.0,0.0,0.0,0.0,0.0,0.0,0.0,0.0,0.0,0.0,0.0,0.0,0.0,0.0,508.90999999999997,0.0,0.0,1,21.9,0.85
444,EMEA,UK,-,Mobile & Tablet,2024-11-04,1108.5900000000001,Nov,2024,0.0,0.0,0.0,0.0,0.0,0.0,0.0,0.0,0.0,0.0,0.0,0.0,0.0,0.0,0.0,1108.5900000000001,0.0,0.0,0,21.9,0.85
445,EMEA,UK,-,Mobile & Tablet,2024-11-05,983.9700000000001,Nov,2024,0.0,0.0,0.0,0.0,0.0,0.0,0.0,0.0,0.0,0.0,0.0,0.0,0.0,0.0,0.0,983.9700000000001,0.0,0.0,0,21.9,0.85
446,EMEA,UK,-,Mobile & Tablet,2024-11-06,1162.8400000000001,Nov,2024,0.0,0.0,0.0,0.0,0.0,0.0,0.0,0.0,0.0,0.0,0.0,0.0,0.0,0.0,0.0,1162.8400000000001,0.0,0.0,1,21.9,0.85
447,EMEA,UK,-,Mobile & Tablet,2024-11-07,966.12,Nov,2024,0.0,0.0,0.0,0.0,0.0,0.0,0.0,0.0,0.0,0.0,0.0,0.0,0.0,0.0,0.0,966.12,0.0,0.0,1,21.9,0.85
448,EMEA,UK,-,Mobile & Tablet,2024-11-08,1923.7099999999998,Nov,2024,0.0,0.0,0.0,0.0,0.0,0.0,0.0,0.0,0.0,0.0,0.0,0.0,0.0,0.0,0.0,1923.7099999999998,0.0,0.0,1,21.9,0.85
449,EMEA,UK,-,Mobile & Tablet,2024-11-09,1973.84,Nov,2024,0.0,0.0,0.0,0.0,0.0,0.0,0.0,0.0,0.0,0.0,0.0,0.0,0.0,0.0,0.0,1973.84,0.0,0.0,1,21.9,0.85
450,EMEA,UK,-,Mobile & Tablet,2024-11-10,2184.2,Nov,2024,0.0,0.0,0.0,0.0,0.0,0.0,0.0,0.0,0.0,0.0,0.0,0.0,0.0,0.0,0.0,2184.2,0.0,0.0,1,21.9,0.85
451,EMEA,UK,-,Mobile & Tablet,2024-11-11,2824.64,Nov,2024,0.0,0.0,0.0,0.0,0.0,0.0,0.0,0.0,0.0,0.0,0.0,0.0,0.0,0.0,0.0,2824.64,0.0,0.0,0,21.9,0.85
452,EMEA,UK,-,Mobile & Tablet,2024-11-12,2674.26,Nov,2024,0.0,0.0,0.0,0.0,0.0,0.0,0.0,0.0,0.0,0.0,0.0,0.0,0.0,0.0,0.0,2674.26,0.0,0.0,0,21.9,0.85
453,EMEA,UK,-,Mobile & Tablet,2024-11-13,3558.9,Nov,2024,0.0,0.0,0.0,0.0,0.0,0.0,0.0,0.0,0.0,0.0,0.0,0.0,0.0,0.0,0.0,3558.9,0.0,0.0,1,21.9,0.85
454,EMEA,UK,-,Mobile & Tablet,2024-11-14,3582.5,Nov,2024,0.0,0.0,0.0,0.0,0.0,0.0,0.0,0.0,0.0,0.0,0.0,0.0,0.0,0.0,0.0,3582.5,0.0,0.0,1,21.9,0.85
455,EMEA,UK,-,Mobile & Tablet,2024-11-15,3060.0399999999995,Nov,2024,0.0,0.0,0.0,0.0,0.0,0.0,0.0,0.0,0.0,0.0,0.0,0.0,0.0,0.0,0.0,3060.0399999999995,0.0,0.0,1,21.9,0.85
456,EMEA,UK,-,Mobile & Tablet,2024-11-16,2912.69,Nov,2024,0.0,0.0,0.0,0.0,0.0,0.0,0.0,0.0,0.0,0.0,0.0,0.0,0.0,0.0,0.0,2912.69,0.0,0.0,1,21.9,0.85
457,EMEA,UK,-,Mobile & Tablet,2024-11-17,2964.3,Nov,2024,0.0,0.0,0.0,0.0,0.0,0.0,0.0,0.0,0.0,0.0,0.0,0.0,0.0,0.0,0.0,2964.3,0.0,0.0,1,21.9,0.85
458,EMEA,UK,-,Mobile & Tablet,2024-11-18,4063.7000000000003,Nov,2024,0.0,0.0,0.0,0.0,0.0,0.0,0.0,0.0,0.0,0.0,0.0,0.0,0.0,0.0,0.0,4063.7000000000003,0.0,0.0,0,21.9,0.85
459,EMEA,UK,-,Mobile & Tablet,2024-11-19,3686.0699999999997,Nov,2024,0.0,0.0,0.0,0.0,0.0,0.0,0.0,0.0,0.0,0.0,0.0,0.0,0.0,0.0,0.0,3686.0699999999997,0.0,0.0,0,21.9,0.85
460,EMEA,UK,-,Mobile & Tablet,2024-11-20,3878.7600000000007,Nov,2024,0.0,0.0,0.0,0.0,0.0,0.0,0.0,0.0,0.0,0.0,0.0,0.0,0.0,0.0,0.0,3878.7600000000007,0.0,0.0,1,21.9,0.85
461,EMEA,UK,-,Mobile & Tablet,2024-11-21,3803.4400000000005,Nov,2024,0.0,0.0,0.0,0.0,0.0,0.0,0.0,0.0,0.0,0.0,0.0,0.0,0.0,0.0,0.0,3803.4400000000005,0.0,0.0,1,21.9,0.85
462,EMEA,UK,-,Mobile & Tablet,2024-11-22,3301.3200000000006,Nov,2024,0.0,0.0,0.0,0.0,0.0,0.0,0.0,0.0,0.0,0.0,0.0,0.0,0.0,0.0,0.0,3301.3200000000006,0.0,0.0,1,21.9,0.85
463,EMEA,UK,-,Mobile & Tablet,2024-11-23,2896.3199999999993,Nov,2024,0.0,0.0,0.0,0.0,0.0,0.0,0.0,0.0,0.0,0.0,0.0,0.0,0.0,0.0,0.0,2896.3199999999993,0.0,0.0,1,21.9,0.85
464,EMEA,UK,-,Mobile & Tablet,2024-11-24,2705.32,Nov,2024,0.0,0.0,0.0,0.0,0.0,0.0,0.0,0.0,0.0,0.0,0.0,0.0,0.0,0.0,0.0,2705.32,0.0,0.0,1,21.9,0.85
465,EMEA,UK,-,Mobile & Tablet,2024-11-25,3953.9800000000005,Nov,2024,0.0,0.0,0.0,0.0,0.0,0.0,0.0,0.0,0.0,0.0,0.0,0.0,0.0,0.0,0.0,3953.9800000000005,0.0,0.0,0,21.9,0.85
466,EMEA,UK,-,Mobile & Tablet,2024-11-26,3317.4799999999996,Nov,2024,0.0,0.0,0.0,0.0,0.0,0.0,0.0,0.0,0.0,0.0,0.0,0.0,0.0,0.0,0.0,3317.4799999999996,0.0,0.0,0,21.9,0.85
467,EMEA,UK,-,Mobile & Tablet,2024-11-27,3041.3199999999997,Nov,2024,0.0,0.0,0.0,0.0,0.0,0.0,0.0,0.0,0.0,0.0,0.0,0.0,0.0,0.0,0.0,3041.3199999999997,0.0,0.0,1,21.9,0.85
468,EMEA,UK,-,Mobile & Tablet,2024-11-28,1909.89,Nov,2024,0.0,0.0,0.0,0.0,0.0,0.0,0.0,0.0,0.0,0.0,0.0,0.0,0.0,0.0,0.0,1909.89,0.0,0.0,1,21.9,0.85
469,EMEA,UK,-,Mobile & Tablet,2024-11-29,2928.67,Nov,2024,0.0,0.0,0.0,0.0,0.0,0.0,0.0,0.0,0.0,0.0,0.0,0.0,0.0,0.0,0.0,2928.67,0.0,0.0,1,21.9,0.85
470,EMEA,UK,-,Mobile & Tablet,2024-11-30,2427.58,Nov,2024,0.0,0.0,0.0,0.0,0.0,0.0,0.0,0.0,0.0,0.0,0.0,0.0,0.0,0.0,0.0,2427.58,0.0,0.0,1,21.9,0.85
471,EMEA,UK,-,Mobile & Tablet,2024-12-01,2726.33,Dec,2024,0.0,0.0,0.0,0.0,0.0,0.0,0.0,0.0,0.0,0.0,0.0,2726.33,0.0,0.0,0.0,0.0,0.0,0.0,1,21.9,0.85
472,EMEA,UK,-,Mobile & Tablet,2024-12-02,3798.9500000000003,Dec,2024,0.0,0.0,0.0,0.0,0.0,0.0,0.0,0.0,0.0,0.0,0.0,3798.9500000000003,0.0,0.0,0.0,0.0,0.0,0.0,0,21.9,0.85
473,EMEA,UK,-,Mobile & Tablet,2024-12-03,2877.54,Dec,2024,0.0,0.0,0.0,0.0,0.0,0.0,0.0,0.0,0.0,0.0,0.0,2877.54,0.0,0.0,0.0,0.0,0.0,0.0,0,21.9,0.85
474,EMEA,UK,-,Mobile & Tablet,2024-12-04,2146.54,Dec,2024,0.0,0.0,0.0,0.0,0.0,0.0,0.0,0.0,0.0,0.0,0.0,2146.54,0.0,0.0,0.0,0.0,0.0,0.0,1,21.9,0.85
475,EMEA,UK,-,Mobile & Tablet,2024-12-05,1789.02,Dec,2024,0.0,0.0,0.0,0.0,0.0,0.0,0.0,0.0,0.0,0.0,0.0,1789.02,0.0,0.0,0.0,0.0,0.0,0.0,1,21.9,0.85
476,EMEA,UK,-,Mobile & Tablet,2024-12-06,1695.2800000000002,Dec,2024,0.0,0.0,0.0,0.0,0.0,0.0,0.0,0.0,0.0,0.0,0.0,1695.2800000000002,0.0,0.0,0.0,0.0,0.0,0.0,1,21.9,0.85
477,EMEA,UK,-,Mobile & Tablet,2024-12-07,1128.31,Dec,2024,0.0,0.0,0.0,0.0,0.0,0.0,0.0,0.0,0.0,0.0,0.0,1128.31,0.0,0.0,0.0,0.0,0.0,0.0,1,21.9,0.85
478,EMEA,UK,-,Mobile & Tablet,2024-12-08,1161.4900000000002,Dec,2024,0.0,0.0,0.0,0.0,0.0,0.0,0.0,0.0,0.0,0.0,0.0,1161.4900000000002,0.0,0.0,0.0,0.0,0.0,0.0,1,21.9,0.85
479,EMEA,UK,-,Mobile & Tablet,2024-12-09,1977.6200000000003,Dec,2024,0.0,0.0,0.0,0.0,0.0,0.0,0.0,0.0,0.0,0.0,0.0,1977.6200000000003,0.0,0.0,0.0,0.0,0.0,0.0,0,21.9,0.85
480,EMEA,UK,-,Mobile & Tablet,2024-12-10,1787.2,Dec,2024,0.0,0.0,0.0,0.0,0.0,0.0,0.0,0.0,0.0,0.0,0.0,1787.2,0.0,0.0,0.0,0.0,0.0,0.0,0,21.9,0.85
481,EMEA,UK,-,Mobile & Tablet,2024-12-11,1615.8100000000002,Dec,2024,0.0,0.0,0.0,0.0,0.0,0.0,0.0,0.0,0.0,0.0,0.0,1615.8100000000002,0.0,0.0,0.0,0.0,0.0,0.0,1,21.9,0.85
482,EMEA,UK,-,Mobile & Tablet,2024-12-12,1679.7,Dec,2024,0.0,0.0,0.0,0.0,0.0,0.0,0.0,0.0,0.0,0.0,0.0,1679.7,0.0,0.0,0.0,0.0,0.0,0.0,1,21.9,0.85
483,EMEA,UK,-,Mobile & Tablet,2024-12-13,1227.39,Dec,2024,0.0,0.0,0.0,0.0,0.0,0.0,0.0,0.0,0.0,0.0,0.0,1227.39,0.0,0.0,0.0,0.0,0.0,0.0,1,21.9,0.85
484,EMEA,UK,-,Mobile & Tablet,2024-12-14,549.0500000000001,Dec,2024,0.0,0.0,0.0,0.0,0.0,0.0,0.0,0.0,0.0,0.0,0.0,549.0500000000001,0.0,0.0,0.0,0.0,0.0,0.0,1,21.9,0.85
485,EMEA,UK,-,Mobile & Tablet,2024-12-15,536.0800000000002,Dec,2024,0.0,0.0,0.0,0.0,0.0,0.0,0.0,0.0,0.0,0.0,0.0,536.0800000000002,0.0,0.0,0.0,0.0,0.0,0.0,1,21.9,0.85
486,EMEA,UK,-,Mobile & Tablet,2024-12-16,1134.0900000000001,Dec,2024,0.0,0.0,0.0,0.0,0.0,0.0,0.0,0.0,0.0,0.0,0.0,1134.0900000000001,0.0,0.0,0.0,0.0,0.0,0.0,0,21.9,0.85
487,EMEA,UK,-,Mobile & Tablet,2024-12-17,893.1299999999999,Dec,2024,0.0,0.0,0.0,0.0,0.0,0.0,0.0,0.0,0.0,0.0,0.0,893.1299999999999,0.0,0.0,0.0,0.0,0.0,0.0,0,21.9,0.85
488,EMEA,UK,-,Mobile & Tablet,2024-12-18,1549.99,Dec,2024,0.0,0.0,0.0,0.0,0.0,0.0,0.0,0.0,0.0,0.0,0.0,1549.99,0.0,0.0,0.0,0.0,0.0,0.0,1,21.9,0.85
489,EMEA,UK,-,Mobile & Tablet,2024-12-19,1456.3200000000002,Dec,2024,0.0,0.0,0.0,0.0,0.0,0.0,0.0,0.0,0.0,0.0,0.0,1456.3200000000002,0.0,0.0,0.0,0.0,0.0,0.0,1,21.9,0.85
490,EMEA,UK,-,Mobile & Tablet,2024-12-20,1782.4299999999998,Dec,2024,0.0,0.0,0.0,0.0,0.0,0.0,0.0,0.0,0.0,0.0,0.0,1782.4299999999998,0.0,0.0,0.0,0.0,0.0,0.0,1,21.9,0.85
491,EMEA,UK,-,Mobile & Tablet,2024-12-21,256.9,Dec,2024,0.0,0.0,0.0,0.0,0.0,0.0,0.0,0.0,0.0,0.0,0.0,256.9,0.0,0.0,0.0,0.0,0.0,0.0,1,21.9,0.85
492,EMEA,UK,-,Mobile & Tablet,2024-12-22,118.45999999999998,Dec,2024,0.0,0.0,0.0,0.0,0.0,0.0,0.0,0.0,0.0,0.0,0.0,118.45999999999998,0.0,0.0,0.0,0.0,0.0,0.0,1,21.9,0.85
493,EMEA,UK,-,Mobile & Tablet,2024-12-23,915.8019591836735,Dec,2024,0.0,0.0,0.0,0.0,0.0,0.0,0.0,0.0,0.0,0.0,0.0,915.8019591836735,0.0,0.0,0.0,0.0,0.0,0.0,0,21.9,0.85
494,EMEA,UK,-,Mobile & Tablet,2024-12-24,915.8019591836735,Dec,2024,0.0,0.0,0.0,0.0,0.0,0.0,0.0,0.0,0.0,0.0,0.0,915.8019591836735,0.0,0.0,0.0,0.0,0.0,0.0,0,21.9,0.85
495,EMEA,UK,-,Mobile & Tablet,2024-12-25,395.22999999999996,Dec,2024,0.0,0.0,0.0,0.0,0.0,0.0,0.0,0.0,0.0,0.0,0.0,395.22999999999996,0.0,0.0,0.0,0.0,0.0,0.0,1,21.9,0.85
496,EMEA,UK,-,Mobile & Tablet,2024-12-26,915.8019591836735,Dec,2024,0.0,0.0,0.0,0.0,0.0,0.0,0.0,0.0,0.0,0.0,0.0,915.8019591836735,0.0,0.0,0.0,0.0,0.0,0.0,1,21.9,0.85
497,EMEA,UK,-,Mobile & Tablet,2024-12-27,915.8019591836735,Dec,2024,0.0,0.0,0.0,0.0,0.0,0.0,0.0,0.0,0.0,0.0,0.0,915.8019591836735,0.0,0.0,0.0,0.0,0.0,0.0,1,21.9,0.85
498,EMEA,UK,-,Mobile & Tablet,2024-12-28,915.8019591836735,Dec,2024,0.0,0.0,0.0,0.0,0.0,0.0,0.0,0.0,0.0,0.0,0.0,915.8019591836735,0.0,0.0,0.0,0.0,0.0,0.0,1,21.9,0.85
499,EMEA,UK,-,Mobile & Tablet,2024-12-29,915.8019591836735,Dec,2024,0.0,0.0,0.0,0.0,0.0,0.0,0.0,0.0,0.0,0.0,0.0,915.8019591836735,0.0,0.0,0.0,0.0,0.0,0.0,1,21.9,0.85
500,EMEA,UK,-,Mobile & Tablet,2024-12-30,173.22,Dec,2024,0.0,0.0,0.0,0.0,0.0,0.0,0.0,0.0,0.0,0.0,0.0,173.22,0.0,0.0,0.0,0.0,0.0,0.0,0,21.9,0.85
501,EMEA,UK,-,Mobile & Tablet,2024-12-31,531.72,Dec,2024,0.0,0.0,0.0,0.0,0.0,0.0,0.0,0.0,0.0,0.0,0.0,531.72,0.0,0.0,0.0,0.0,0.0,0.0,0,21.9,0.85
