,market,account_type,funnel,ds,region,X,y,key_0
0,US,Desktop,-,2022-01-01,US,18044.17,1407.0,
1,US,Desktop,-,2022-01-02,US,21460.410000000003,3097.0,
2,US,Desktop,-,2022-01-03,US,51050.139999999985,28360.0,
3,US,Desktop,-,2022-01-04,US,43550.340000000004,31224.0,
4,US,Desktop,-,2022-01-05,US,32687.429999999997,30762.0,
5,US,Desktop,-,2022-01-06,US,29611.049999999996,29776.0,
6,US,Desktop,-,2022-01-07,US,26849.52,24992.0,
7,US,Desktop,-,2022-01-08,US,9186.720000000001,3881.0,
8,US,Desktop,-,2022-01-09,US,7520.95,3417.0,
9,US,Desktop,-,2022-01-10,US,38848.49,32034.0,
10,US,Desktop,-,2022-01-11,US,32723.329999999994,30944.0,
11,US,Desktop,-,2022-01-12,US,23199.219999999994,30908.0,
12,US,Desktop,-,2022-01-13,US,24227.270000000004,30566.0,
13,US,Desktop,-,2022-01-14,US,21819.98,26299.0,
14,US,Desktop,-,2022-01-15,US,6796.86,3355.0,
15,US,Desktop,-,2022-01-16,US,5677.93,2612.0,
16,US,Desktop,-,2022-01-17,US,26230.999999999993,23309.0,
17,US,Desktop,-,2022-01-18,US,32641.080000000005,31035.0,
18,US,Desktop,-,2022-01-19,US,28745.480000000003,30989.0,
19,US,Desktop,-,2022-01-20,US,27600.639999999996,28831.0,
20,US,Desktop,-,2022-01-21,US,24320.91,26006.0,
21,US,Desktop,-,2022-01-22,US,7455.74,3057.0,
22,US,Desktop,-,2022-01-23,US,6786.2300000000005,2906.0,
23,US,Desktop,-,2022-01-24,US,32711.96,30778.0,
24,US,Desktop,-,2022-01-25,US,27414.160000000003,31000.0,
25,US,Desktop,-,2022-01-26,US,25292.749999999996,31194.0,
26,US,Desktop,-,2022-01-27,US,28883.120000000003,30602.0,
27,US,Desktop,-,2022-01-28,US,30816.079999999998,26223.0,
28,US,Desktop,-,2022-01-29,US,9720.990000000002,3125.0,
29,US,Desktop,-,2022-01-30,US,7173.32,3133.0,
30,US,Desktop,-,2022-01-31,US,16759.25,27947.0,
31,US,Desktop,-,2022-02-01,US,38876.39000000001,30603.0,
32,US,Desktop,-,2022-02-02,US,24695.309999999998,28791.0,
33,US,Desktop,-,2022-02-03,US,25516.149999999998,26028.0,
34,US,Desktop,-,2022-02-04,US,22563.509999999995,22403.0,
35,US,Desktop,-,2022-02-05,US,7694.799999999998,3073.0,
36,US,Desktop,-,2022-02-06,US,5692.04,3095.0,
37,US,Desktop,-,2022-02-07,US,30834.479999999996,28405.0,
38,US,Desktop,-,2022-02-08,US,29384.72,31170.0,
39,US,Desktop,-,2022-02-09,US,23249.340000000004,31319.0,
40,US,Desktop,-,2022-02-10,US,24674.309999999998,30883.0,
41,US,Desktop,-,2022-02-11,US,21971.059999999998,26558.0,
42,US,Desktop,-,2022-02-12,US,5449.779999999999,2916.0,
43,US,Desktop,-,2022-02-13,US,4461.989999999999,2493.0,
44,US,Desktop,-,2022-02-14,US,24160.46,28981.0,
45,US,Desktop,-,2022-02-15,US,28698.57,30192.0,
46,US,Desktop,-,2022-02-16,US,26023.130000000005,30131.0,
47,US,Desktop,-,2022-02-17,US,24357.24,29244.0,
48,US,Desktop,-,2022-02-18,US,18668.269999999997,26154.0,
49,US,Desktop,-,2022-02-19,US,6344.789999999997,2782.0,
50,US,Desktop,-,2022-02-20,US,3611.64,2253.0,
51,US,Desktop,-,2022-02-21,US,23378.640000000003,24769.0,
52,US,Desktop,-,2022-02-22,US,29406.420000000006,31032.0,
53,US,Desktop,-,2022-02-23,US,29778.020000000004,30705.0,
54,US,Desktop,-,2022-02-24,US,36458.2,28999.0,
55,US,Desktop,-,2022-02-25,US,18110.76,25711.0,
56,US,Desktop,-,2022-02-26,US,7493.740000000001,2912.0,
57,US,Desktop,-,2022-02-27,US,5778.540000000002,2416.0,
58,US,Desktop,-,2022-02-28,US,29267.66,32977.0,
59,US,Desktop,-,2022-03-01,US,26386.980000000003,31664.0,
60,US,Desktop,-,2022-03-02,US,25780.800000000003,31181.0,
61,US,Desktop,-,2022-03-03,US,28526.36,31225.0,
62,US,Desktop,-,2022-03-04,US,35055.829999999994,27675.0,
63,US,Desktop,-,2022-03-05,US,15049.679999999998,2822.0,
64,US,Desktop,-,2022-03-06,US,13390.999999999998,2630.0,
65,US,Desktop,-,2022-03-07,US,29388.010000000002,31790.0,
66,US,Desktop,-,2022-03-08,US,25447.349999999995,32136.0,
67,US,Desktop,-,2022-03-09,US,24353.079999999994,31286.0,
68,US,Desktop,-,2022-03-10,US,25842.87,31495.0,
69,US,Desktop,-,2022-03-11,US,24522.870000000003,27277.0,
70,US,Desktop,-,2022-03-12,US,9535.439999999999,3125.0,
71,US,Desktop,-,2022-03-13,US,8622.6,2697.0,
72,US,Desktop,-,2022-03-14,US,33279.130000000005,33013.0,
73,US,Desktop,-,2022-03-15,US,31556.78,32632.0,
74,US,Desktop,-,2022-03-16,US,24026.349999999995,31640.0,
75,US,Desktop,-,2022-03-17,US,24763.150000000005,29825.0,
76,US,Desktop,-,2022-03-18,US,25247.85,26885.0,
77,US,Desktop,-,2022-03-19,US,9559.649999999998,3439.0,
78,US,Desktop,-,2022-03-20,US,7604.679999999999,2689.0,
79,US,Desktop,-,2022-03-21,US,29966.769999999997,33540.0,
80,US,Desktop,-,2022-03-22,US,23167.910000000003,31413.0,
81,US,Desktop,-,2022-03-23,US,24034.309999999998,32171.0,
82,US,Desktop,-,2022-03-24,US,32910.079999999994,31745.0,
83,US,Desktop,-,2022-03-25,US,33523.149999999994,28706.0,
84,US,Desktop,-,2022-03-26,US,10837.880000000001,3145.0,
85,US,Desktop,-,2022-03-27,US,10593.07,2602.0,
86,US,Desktop,-,2022-03-28,US,53230.68,34138.0,
87,US,Desktop,-,2022-03-29,US,41012.6,34388.0,
88,US,Desktop,-,2022-03-30,US,27588.219999999998,33899.0,
89,US,Desktop,-,2022-03-31,US,25201.41999999999,33039.0,
90,US,Desktop,-,2022-04-01,US,29020.6,28472.0,
91,US,Desktop,-,2022-04-02,US,9943.81,3537.0,
92,US,Desktop,-,2022-04-03,US,8623.300000000001,2714.0,
93,US,Desktop,-,2022-04-04,US,45981.76,34472.0,
94,US,Desktop,-,2022-04-05,US,41423.19,33737.0,
95,US,Desktop,-,2022-04-06,US,29921.520000000004,33198.0,
96,US,Desktop,-,2022-04-07,US,27107.760000000002,33218.0,
97,US,Desktop,-,2022-04-08,US,25433.21,28805.0,
98,US,Desktop,-,2022-04-09,US,7715.17,3130.0,
99,US,Desktop,-,2022-04-10,US,6435.02,2926.0,
100,US,Desktop,-,2022-04-11,US,34616.14000000001,34520.0,
101,US,Desktop,-,2022-04-12,US,24099.61,33299.0,
102,US,Desktop,-,2022-04-13,US,22878.95,33947.0,
103,US,Desktop,-,2022-04-14,US,25590.42,32570.0,
104,US,Desktop,-,2022-04-15,US,20620.87,21505.0,
105,US,Desktop,-,2022-04-16,US,10325.31,2652.0,
106,US,Desktop,-,2022-04-17,US,8071.350000000001,1941.0,
107,US,Desktop,-,2022-04-18,US,32061.55,29888.0,
108,US,Desktop,-,2022-04-19,US,30207.449999999997,31486.0,
109,US,Desktop,-,2022-04-20,US,30428.519999999993,31239.0,
110,US,Desktop,-,2022-04-21,US,28601.510000000002,30636.0,
111,US,Desktop,-,2022-04-22,US,23285.35,26062.0,
112,US,Desktop,-,2022-04-23,US,10884.95,2861.0,
113,US,Desktop,-,2022-04-24,US,10650.489999999998,2397.0,
114,US,Desktop,-,2022-04-25,US,27641.80999999999,31400.0,
115,US,Desktop,-,2022-04-26,US,30153.160000000003,32105.0,
116,US,Desktop,-,2022-04-27,US,22639.639999999996,31319.0,
117,US,Desktop,-,2022-04-28,US,27198.809999999998,30701.0,
118,US,Desktop,-,2022-04-29,US,26188.559999999994,26313.0,
119,US,Desktop,-,2022-04-30,US,11694.919999999998,2853.0,
120,US,Desktop,-,2022-05-01,US,11804.589999999998,2431.0,
121,US,Desktop,-,2022-05-02,US,27669.850000000006,31382.0,
122,US,Desktop,-,2022-05-03,US,27746.000000000004,30877.0,
123,US,Desktop,-,2022-05-04,US,28791.710000000003,30851.0,
124,US,Desktop,-,2022-05-05,US,25140.929999999997,30512.0,
125,US,Desktop,-,2022-05-06,US,24711.49,25565.0,
126,US,Desktop,-,2022-05-07,US,12777.539999999999,2492.0,
127,US,Desktop,-,2022-05-08,US,10903.940000000004,1811.0,
128,US,Desktop,-,2022-05-09,US,25770.339999999997,31156.0,
129,US,Desktop,-,2022-05-10,US,27106.070000000003,31313.0,
130,US,Desktop,-,2022-05-11,US,26365.13000000001,30576.0,
131,US,Desktop,-,2022-05-12,US,27804.310000000005,29941.0,
132,US,Desktop,-,2022-05-13,US,24274.55,25931.0,
133,US,Desktop,-,2022-05-14,US,9728.089999999997,2485.0,
134,US,Desktop,-,2022-05-15,US,9451.65,2305.0,
135,US,Desktop,-,2022-05-16,US,38552.79,31121.0,
136,US,Desktop,-,2022-05-17,US,22359.489999999998,30646.0,
137,US,Desktop,-,2022-05-18,US,23403.75,29843.0,
138,US,Desktop,-,2022-05-19,US,24494.489999999998,30183.0,
139,US,Desktop,-,2022-05-20,US,23609.500000000004,25786.0,
140,US,Desktop,-,2022-05-21,US,12224.589999999998,2542.0,
141,US,Desktop,-,2022-05-22,US,11733.739999999998,2330.0,
142,US,Desktop,-,2022-05-23,US,39849.799999999996,31717.0,
143,US,Desktop,-,2022-05-24,US,29641.44,31869.0,
144,US,Desktop,-,2022-05-25,US,21293.359999999997,31688.0,
145,US,Desktop,-,2022-05-26,US,25702.020000000004,30809.0,
146,US,Desktop,-,2022-05-27,US,24481.979999999996,24202.0,
147,US,Desktop,-,2022-05-28,US,0.0,1596.0,
148,US,Desktop,-,2022-05-29,US,0.0,891.0,
149,US,Desktop,-,2022-05-30,US,0.0,2709.0,
150,US,Desktop,-,2022-05-31,US,25294.409999999996,32304.0,
151,US,Desktop,-,2022-06-01,US,25883.909999999993,32665.0,
152,US,Desktop,-,2022-06-02,US,31593.270000000004,30773.0,
153,US,Desktop,-,2022-06-03,US,32837.82,26289.0,
154,US,Desktop,-,2022-06-04,US,17443.98,2632.0,
155,US,Desktop,-,2022-06-05,US,15331.79,2169.0,
156,US,Desktop,-,2022-06-06,US,28841.269999999997,30419.0,
157,US,Desktop,-,2022-06-07,US,29314.410000000007,32095.0,
158,US,Desktop,-,2022-06-08,US,28258.660000000003,30704.0,
159,US,Desktop,-,2022-06-09,US,27810.420000000006,29426.0,
160,US,Desktop,-,2022-06-10,US,24594.450000000008,25144.0,
161,US,Desktop,-,2022-06-11,US,11680.73,2473.0,
162,US,Desktop,-,2022-06-12,US,10482.56,2012.0,
163,US,Desktop,-,2022-06-13,US,37928.97,30675.0,
164,US,Desktop,-,2022-06-14,US,24350.71,30994.0,
165,US,Desktop,-,2022-06-15,US,26931.56,31324.0,
166,US,Desktop,-,2022-06-16,US,27587.689999999995,30482.0,
167,US,Desktop,-,2022-06-17,US,25615.690000000002,25807.0,
168,US,Desktop,-,2022-06-18,US,12958.52,2505.0,
169,US,Desktop,-,2022-06-19,US,11638.250000000002,1667.0,
170,US,Desktop,-,2022-06-20,US,34293.350000000006,27461.0,
171,US,Desktop,-,2022-06-21,US,24079.44,30079.0,
172,US,Desktop,-,2022-06-22,US,21389.8,30143.0,
173,US,Desktop,-,2022-06-23,US,28748.809999999994,29270.0,
174,US,Desktop,-,2022-06-24,US,25645.930000000004,24768.0,
175,US,Desktop,-,2022-06-25,US,10091.5,2450.0,
176,US,Desktop,-,2022-06-26,US,9306.45,1828.0,
177,US,Desktop,-,2022-06-27,US,33269.50000000001,30361.0,
178,US,Desktop,-,2022-06-28,US,28483.72,30601.0,
179,US,Desktop,-,2022-06-29,US,21843.290000000005,30369.0,
180,US,Desktop,-,2022-06-30,US,20671.629999999997,29962.0,
181,US,Desktop,-,2022-07-01,US,24340.87,24177.0,
182,US,Desktop,-,2022-07-02,US,2.0500000000000003,1596.0,
183,US,Desktop,-,2022-07-03,US,0.0,564.0,
184,US,Desktop,-,2022-07-04,US,0.0,1425.0,
185,US,Desktop,-,2022-07-05,US,35438.54,29503.0,
186,US,Desktop,-,2022-07-06,US,34981.619999999995,31509.0,
187,US,Desktop,-,2022-07-07,US,31101.49,30574.0,
188,US,Desktop,-,2022-07-08,US,27690.570000000003,26372.0,
189,US,Desktop,-,2022-07-09,US,8473.210000000001,2516.0,
190,US,Desktop,-,2022-07-10,US,8473.49,2021.0,
191,US,Desktop,-,2022-07-11,US,44278.8,31118.0,
192,US,Desktop,-,2022-07-12,US,41667.38999999999,31057.0,
193,US,Desktop,-,2022-07-13,US,31631.629999999994,30305.0,
194,US,Desktop,-,2022-07-14,US,32983.15,29549.0,
195,US,Desktop,-,2022-07-15,US,32676.27,24693.0,
196,US,Desktop,-,2022-07-16,US,14192.019999999999,2342.0,
197,US,Desktop,-,2022-07-17,US,13351.79,2004.0,
198,US,Desktop,-,2022-07-18,US,28538.51,29720.0,
199,US,Desktop,-,2022-07-19,US,29798.68,30019.0,
200,US,Desktop,-,2022-07-20,US,31415.589999999997,29379.0,
201,US,Desktop,-,2022-07-21,US,34557.11,27896.0,
202,US,Desktop,-,2022-07-22,US,33024.27,23969.0,
203,US,Desktop,-,2022-07-23,US,10889.03,2364.0,
204,US,Desktop,-,2022-07-24,US,9383.439999999999,1927.0,
205,US,Desktop,-,2022-07-25,US,35739.2,29092.0,
206,US,Desktop,-,2022-07-26,US,34540.20999999999,29216.0,
207,US,Desktop,-,2022-07-27,US,29586.39,29099.0,
208,US,Desktop,-,2022-07-28,US,33031.48,27553.0,
209,US,Desktop,-,2022-07-29,US,24656.93,23790.0,
210,US,Desktop,-,2022-07-30,US,11561.75,2428.0,
211,US,Desktop,-,2022-07-31,US,8831.77,1981.0,
212,US,Desktop,-,2022-08-01,US,25464.74,27938.0,
213,US,Desktop,-,2022-08-02,US,27811.739999999998,28315.0,
214,US,Desktop,-,2022-08-03,US,29783.54,28800.0,
215,US,Desktop,-,2022-08-04,US,30023.340000000004,28328.0,
216,US,Desktop,-,2022-08-05,US,28771.519999999993,24480.0,
217,US,Desktop,-,2022-08-06,US,9204.99,2273.0,
218,US,Desktop,-,2022-08-07,US,8436.74,2060.0,
219,US,Desktop,-,2022-08-08,US,35933.74,29331.0,
220,US,Desktop,-,2022-08-09,US,28962.66,29413.0,
221,US,Desktop,-,2022-08-10,US,27339.78,28955.0,
222,US,Desktop,-,2022-08-11,US,29893.800000000003,28502.0,
223,US,Desktop,-,2022-08-12,US,25413.380000000005,24200.0,
224,US,Desktop,-,2022-08-13,US,6695.379999999999,2426.0,
225,US,Desktop,-,2022-08-14,US,6589.349999999999,2058.0,
226,US,Desktop,-,2022-08-15,US,37832.72,29993.0,
227,US,Desktop,-,2022-08-16,US,33179.700000000004,29211.0,
228,US,Desktop,-,2022-08-17,US,29292.319999999992,29000.0,
229,US,Desktop,-,2022-08-18,US,31536.000000000004,28890.0,
230,US,Desktop,-,2022-08-19,US,26313.88,24789.0,
231,US,Desktop,-,2022-08-20,US,8503.92,2495.0,
232,US,Desktop,-,2022-08-21,US,8256.1,1997.0,
233,US,Desktop,-,2022-08-22,US,31109.079999999994,29591.0,
234,US,Desktop,-,2022-08-23,US,32605.230000000003,30015.0,
235,US,Desktop,-,2022-08-24,US,30179.19,29750.0,
236,US,Desktop,-,2022-08-25,US,30431.4,28601.0,
237,US,Desktop,-,2022-08-26,US,28751.68,24511.0,
238,US,Desktop,-,2022-08-27,US,7796.629999999999,2627.0,
239,US,Desktop,-,2022-08-28,US,7375.6,2239.0,
240,US,Desktop,-,2022-08-29,US,37569.060000000005,30497.0,
241,US,Desktop,-,2022-08-30,US,28441.690000000006,30244.0,
242,US,Desktop,-,2022-08-31,US,27112.159999999996,30145.0,
243,US,Desktop,-,2022-09-01,US,28901.39,29042.0,
244,US,Desktop,-,2022-09-02,US,26247.479999999992,22714.0,
245,US,Desktop,-,2022-09-03,US,0.0,1206.0,
246,US,Desktop,-,2022-09-04,US,0.0,758.0,
247,US,Desktop,-,2022-09-05,US,0.0,2396.0,
248,US,Desktop,-,2022-09-06,US,33504.409999999996,30330.0,
249,US,Desktop,-,2022-09-07,US,33195.21,30153.0,
250,US,Desktop,-,2022-09-08,US,34886.34999999999,28720.0,
251,US,Desktop,-,2022-09-09,US,31721.86,24774.0,
252,US,Desktop,-,2022-09-10,US,8545.84,2178.0,
253,US,Desktop,-,2022-09-11,US,8855.06,2149.0,
254,US,Desktop,-,2022-09-12,US,44656.12,29161.0,
255,US,Desktop,-,2022-09-13,US,35352.54,30185.0,
256,US,Desktop,-,2022-09-14,US,25739.37,29271.0,
257,US,Desktop,-,2022-09-15,US,21002.710000000003,27303.0,
258,US,Desktop,-,2022-09-16,US,23835.630000000005,23709.0,
259,US,Desktop,-,2022-09-17,US,9737.830000000002,2731.0,
260,US,Desktop,-,2022-09-18,US,11205.160000000002,2034.0,
261,US,Desktop,-,2022-09-19,US,40825.85,29750.0,
262,US,Desktop,-,2022-09-20,US,35514.49,28772.0,
263,US,Desktop,-,2022-09-21,US,32948.82,28339.0,
264,US,Desktop,-,2022-09-22,US,28288.040000000005,26497.0,
265,US,Desktop,-,2022-09-23,US,33138.13,23728.0,
266,US,Desktop,-,2022-09-24,US,11870.639999999998,2239.0,
267,US,Desktop,-,2022-09-25,US,9017.91,2056.0,
268,US,Desktop,-,2022-09-26,US,33756.69,28279.0,
269,US,Desktop,-,2022-09-27,US,34350.200000000004,28753.0,
270,US,Desktop,-,2022-09-28,US,34423.270000000004,29726.0,
271,US,Desktop,-,2022-09-29,US,36158.07,29306.0,
272,US,Desktop,-,2022-09-30,US,28564.29,26347.0,
273,US,Desktop,-,2022-10-01,US,8876.07,2690.0,
274,US,Desktop,-,2022-10-02,US,8881.39,2909.0,
275,US,Desktop,-,2022-10-03,US,39573.54,32847.0,
276,US,Desktop,-,2022-10-04,US,37642.93000000001,33177.0,
277,US,Desktop,-,2022-10-05,US,34926.840000000004,31332.0,
278,US,Desktop,-,2022-10-06,US,33134.26,31162.0,
279,US,Desktop,-,2022-10-07,US,31101.04,27014.0,
280,US,Desktop,-,2022-10-08,US,11740.350000000002,2800.0,
281,US,Desktop,-,2022-10-09,US,11857.470000000003,2250.0,
282,US,Desktop,-,2022-10-10,US,44802.55000000002,29699.0,
283,US,Desktop,-,2022-10-11,US,44513.58000000001,31848.0,
284,US,Desktop,-,2022-10-12,US,37562.42,62023.0,
285,US,Desktop,-,2022-10-13,US,30042.15,30726.0,
286,US,Desktop,-,2022-10-14,US,26674.059999999994,25997.0,
287,US,Desktop,-,2022-10-15,US,7051.700000000001,2534.0,
288,US,Desktop,-,2022-10-16,US,6182.9,2254.0,
289,US,Desktop,-,2022-10-17,US,35769.159999999996,32863.0,
290,US,Desktop,-,2022-10-18,US,37420.399999999994,31277.0,
291,US,Desktop,-,2022-10-19,US,36752.520000000004,31951.0,
292,US,Desktop,-,2022-10-20,US,34268.29,31170.0,
293,US,Desktop,-,2022-10-21,US,25871.11,26698.0,
294,US,Desktop,-,2022-10-22,US,7001.690000000001,2608.0,
295,US,Desktop,-,2022-10-23,US,6353.400000000001,2603.0,
296,US,Desktop,-,2022-10-24,US,36610.22,33342.0,
297,US,Desktop,-,2022-10-25,US,35215.55,32795.0,
298,US,Desktop,-,2022-10-26,US,32070.01,32805.0,
299,US,Desktop,-,2022-10-27,US,30325.019999999997,31156.0,
300,US,Desktop,-,2022-10-28,US,24468.489999999998,27047.0,
301,US,Desktop,-,2022-10-29,US,6204.39,2438.0,
302,US,Desktop,-,2022-10-30,US,6189.320000000001,2052.0,
303,US,Desktop,-,2022-10-31,US,35818.06,29681.0,
304,US,Desktop,-,2022-12-01,US,45811.630000000005,29341.0,
305,US,Desktop,-,2022-12-02,US,30693.179999999993,25717.0,
306,US,Desktop,-,2022-12-03,US,5707.070000000001,3636.0,
307,US,Desktop,-,2022-12-04,US,5223.530000000001,4155.0,
308,US,Desktop,-,2022-12-05,US,26231.769999999997,33782.0,
309,US,Desktop,-,2022-12-06,US,31904.420000000006,33053.0,
310,US,Desktop,-,2022-12-07,US,36539.770000000004,33276.0,
311,US,Desktop,-,2022-12-08,US,32858.950000000004,34116.0,
312,US,Desktop,-,2022-12-09,US,26528.19,29685.0,
313,US,Desktop,-,2022-12-10,US,6974.829999999999,6102.0,
314,US,Desktop,-,2022-12-11,US,6388.56,5892.0,
315,US,Desktop,-,2022-12-12,US,38360.53999999999,40634.0,
316,US,Desktop,-,2022-12-13,US,40838.36,39627.0,
317,US,Desktop,-,2022-12-14,US,40024.25,38338.0,
318,US,Desktop,-,2022-12-15,US,33342.37,38112.0,
319,US,Desktop,-,2022-12-16,US,32221.119999999995,34485.0,
320,US,Desktop,-,2022-12-17,US,7312.219999999999,7332.0,
321,US,Desktop,-,2022-12-18,US,6021.46,6013.0,
322,US,Desktop,-,2022-12-19,US,36795.1,44182.0,
323,US,Desktop,-,2022-12-20,US,45680.15000000001,39494.0,
324,US,Desktop,-,2022-12-21,US,36217.34,33381.0,
325,US,Desktop,-,2022-12-22,US,27184.270000000004,25563.0,
326,US,Desktop,-,2022-12-23,US,16871.239999999998,11393.0,
327,US,Desktop,-,2022-12-24,US,0.0,796.0,
328,US,Desktop,-,2022-12-25,US,0.0,313.0,
329,US,Desktop,-,2022-12-26,US,13224.420000000002,5500.0,
330,US,Desktop,-,2022-12-27,US,35439.020000000004,23224.0,
331,US,Desktop,-,2022-12-28,US,32872.520000000004,23382.0,
332,US,Desktop,-,2022-12-29,US,28942.25,21511.0,
333,US,Desktop,-,2022-12-30,US,21398.09,15811.0,
334,US,Desktop,-,2022-12-31,US,0.0,1343.0,
335,US,Desktop,-,2023-01-01,US,0.0,615.0,
336,US,Desktop,-,2023-01-02,US,14958.67,7515.0,
337,US,Desktop,-,2023-01-03,US,40893.59999999999,28999.0,
338,US,Desktop,-,2023-01-04,US,30287.2,28394.0,
339,US,Desktop,-,2023-01-05,US,22344.04,27400.0,
340,US,Desktop,-,2023-01-06,US,20966.700000000008,24812.0,
341,US,Desktop,-,2023-01-07,US,4027.0700000000006,2958.0,
342,US,Desktop,-,2023-01-08,US,3461.1600000000008,2522.0,
343,US,Desktop,-,2023-01-09,US,31279.300000000003,29059.0,
344,US,Desktop,-,2023-01-10,US,30517.239999999998,27632.0,
345,US,Desktop,-,2023-01-11,US,20628.949999999997,26966.0,
346,US,Desktop,-,2023-01-12,US,22150.999999999996,25976.0,
347,US,Desktop,-,2023-01-13,US,20236.49,23316.0,
348,US,Desktop,-,2023-01-14,US,3606.55,2684.0,
349,US,Desktop,-,2023-01-15,US,4295.349999999999,2148.0,
350,US,Desktop,-,2023-01-16,US,39072.25,21559.0,
351,US,Desktop,-,2023-01-17,US,41841.15999999999,27369.0,
352,US,Desktop,-,2023-01-18,US,38919.979999999996,26326.0,
353,US,Desktop,-,2023-01-19,US,30047.68,25434.0,
354,US,Desktop,-,2023-01-20,US,24810.729999999996,22531.0,
355,US,Desktop,-,2023-01-21,US,6230.110000000001,2594.0,
356,US,Desktop,-,2023-01-22,US,4647.819999999999,1962.0,
357,US,Desktop,-,2023-01-23,US,39828.35999999999,27472.0,
358,US,Desktop,-,2023-01-24,US,42246.820000000014,27759.0,
359,US,Desktop,-,2023-01-25,US,33873.51,26005.0,
360,US,Desktop,-,2023-01-26,US,23425.730000000003,25722.0,
361,US,Desktop,-,2023-01-27,US,17532.909999999996,22849.0,
362,US,Desktop,-,2023-01-28,US,5002.469999999999,2463.0,
363,US,Desktop,-,2023-01-29,US,3879.5699999999997,2062.0,
364,US,Desktop,-,2023-01-30,US,23077.85,27118.0,
365,US,Desktop,-,2023-01-31,US,22436.940000000002,26106.0,
366,US,Desktop,-,2023-02-01,US,21128.44,25479.0,
367,US,Desktop,-,2023-02-02,US,18990.96,25638.0,
368,US,Desktop,-,2023-02-03,US,19293.5,22997.0,
369,US,Desktop,-,2023-02-04,US,4985.7699999999995,2454.0,
370,US,Desktop,-,2023-02-05,US,4502.95,2492.0,
371,US,Desktop,-,2023-02-06,US,39397.719999999994,27763.0,
372,US,Desktop,-,2023-02-07,US,47768.67,27573.0,
373,US,Desktop,-,2023-02-08,US,36336.399999999994,27189.0,
374,US,Desktop,-,2023-02-09,US,31242.539999999994,26622.0,
375,US,Desktop,-,2023-02-10,US,22242.4,23376.0,
376,US,Desktop,-,2023-02-11,US,5919.33,2628.0,
377,US,Desktop,-,2023-02-12,US,5526.78,2194.0,
378,US,Desktop,-,2023-02-13,US,35442.94999999999,27559.0,
379,US,Desktop,-,2023-02-14,US,31018.729999999996,25685.0,
380,US,Desktop,-,2023-02-15,US,26440.689999999995,24662.0,
381,US,Desktop,-,2023-02-16,US,24709.870000000003,22707.0,
382,US,Desktop,-,2023-02-17,US,19760.84,19541.0,
383,US,Desktop,-,2023-02-18,US,4163.55,1965.0,
384,US,Desktop,-,2023-02-19,US,3726.4900000000002,1349.0,
385,US,Desktop,-,2023-02-20,US,19210.860000000004,18907.0,
386,US,Desktop,-,2023-02-21,US,22562.620000000003,23073.0,
387,US,Desktop,-,2023-02-22,US,23645.389999999996,22559.0,
388,US,Desktop,-,2023-02-23,US,20914.529999999995,21621.0,
389,US,Desktop,-,2023-02-24,US,23516.840000000004,20907.0,
390,US,Desktop,-,2023-02-25,US,6449.089999999999,2639.0,
391,US,Desktop,-,2023-02-26,US,6279.89,2142.0,
392,US,Desktop,-,2023-02-27,US,39122.119999999995,26866.0,
393,US,Desktop,-,2023-02-28,US,33919.23,26173.0,
394,US,Desktop,-,2023-03-01,US,26879.330000000005,25851.0,
395,US,Desktop,-,2023-03-02,US,24312.61,25748.0,
396,US,Desktop,-,2023-03-03,US,23180.36,22492.0,
397,US,Desktop,-,2023-03-04,US,6036.3099999999995,2369.0,
398,US,Desktop,-,2023-03-05,US,5833.200000000001,2239.0,
399,US,Desktop,-,2023-03-06,US,34256.189999999995,27233.0,
400,US,Desktop,-,2023-03-07,US,29083.36,26620.0,
401,US,Desktop,-,2023-03-08,US,26277.96,26917.0,
402,US,Desktop,-,2023-03-09,US,25291.770000000004,26766.0,
403,US,Desktop,-,2023-03-10,US,22746.42,23725.0,
404,US,Desktop,-,2023-03-11,US,7402.75,2829.0,
405,US,Desktop,-,2023-03-12,US,6932.800000000001,2317.0,
406,US,Desktop,-,2023-03-13,US,47752.060000000005,32341.0,
407,US,Desktop,-,2023-03-14,US,22353.109999999997,30374.0,
408,US,Desktop,-,2023-03-15,US,21820.49,31038.0,
409,US,Desktop,-,2023-03-16,US,24822.34999999999,28487.0,
410,US,Desktop,-,2023-03-17,US,19253.700000000004,24943.0,
411,US,Desktop,-,2023-03-18,US,4765.099999999999,2630.0,
412,US,Desktop,-,2023-03-19,US,4176.85,2234.0,
413,US,Desktop,-,2023-03-20,US,27136.460000000003,33060.0,
414,US,Desktop,-,2023-03-21,US,30160.41,31879.0,
415,US,Desktop,-,2023-03-22,US,25891.119999999988,31174.0,
416,US,Desktop,-,2023-03-23,US,22372.819999999996,30444.0,
417,US,Desktop,-,2023-03-24,US,19535.43,27489.0,
418,US,Desktop,-,2023-03-25,US,4641.42,2734.0,
419,US,Desktop,-,2023-03-26,US,5070.379999999999,2722.0,
420,US,Desktop,-,2023-03-27,US,33148.76,34369.0,
421,US,Desktop,-,2023-03-28,US,33840.01,32792.0,
422,US,Desktop,-,2023-03-29,US,30978.329999999998,32232.0,
423,US,Desktop,-,2023-03-30,US,30426.589999999993,31943.0,
424,US,Desktop,-,2023-03-31,US,25219.06,26975.0,
425,US,Desktop,-,2023-04-01,US,9182.070000000002,2948.0,
426,US,Desktop,-,2023-04-02,US,9121.429999999998,2743.0,
427,US,Desktop,-,2023-04-03,US,44977.56999999999,34234.0,
428,US,Desktop,-,2023-04-04,US,29532.059999999998,32420.0,
429,US,Desktop,-,2023-04-05,US,25225.52,30993.0,
430,US,Desktop,-,2023-04-06,US,28451.549999999996,29651.0,
431,US,Desktop,-,2023-04-07,US,19876.03,19776.0,
432,US,Desktop,-,2023-04-08,US,6460.339999999999,2314.0,
433,US,Desktop,-,2023-04-09,US,5232.55,1556.0,
434,US,Desktop,-,2023-04-10,US,30469.760000000002,30738.0,
435,US,Desktop,-,2023-04-11,US,24869.45,30838.0,
436,US,Desktop,-,2023-04-12,US,24588.8,29710.0,
437,US,Desktop,-,2023-04-13,US,25567.609999999997,27402.0,
438,US,Desktop,-,2023-04-14,US,24329.559999999998,22694.0,
439,US,Desktop,-,2023-04-15,US,5682.9900000000025,2338.0,
440,US,Desktop,-,2023-04-16,US,5891.81,2325.0,
441,US,Desktop,-,2023-04-17,US,31696.760000000013,27437.0,
442,US,Desktop,-,2023-04-18,US,26143.280000000006,27132.0,
443,US,Desktop,-,2023-04-19,US,25075.14,26343.0,
444,US,Desktop,-,2023-04-20,US,23488.97,25839.0,
445,US,Desktop,-,2023-04-21,US,20929.42,22153.0,
446,US,Desktop,-,2023-04-22,US,7186.28,2220.0,
447,US,Desktop,-,2023-04-23,US,6827.04,2133.0,
448,US,Desktop,-,2023-04-24,US,27744.79999999999,26580.0,
449,US,Desktop,-,2023-04-25,US,28331.079999999998,26568.0,
450,US,Desktop,-,2023-04-26,US,26796.749999999996,26513.0,
451,US,Desktop,-,2023-04-27,US,25976.920000000002,25379.0,
452,US,Desktop,-,2023-04-28,US,23411.510000000002,22494.0,
453,US,Desktop,-,2023-04-29,US,6996.969999999999,2505.0,
454,US,Desktop,-,2023-04-30,US,8139.869999999999,2675.0,
455,US,Desktop,-,2023-05-01,US,26123.46,27766.0,
456,US,Desktop,-,2023-05-02,US,28756.079999999998,26916.0,
457,US,Desktop,-,2023-05-03,US,25835.600000000002,26958.0,
458,US,Desktop,-,2023-05-04,US,25424.489999999998,25852.0,
459,US,Desktop,-,2023-05-05,US,24372.350000000002,21936.0,
460,US,Desktop,-,2023-05-06,US,7458.59,2166.0,
461,US,Desktop,-,2023-05-07,US,7454.580000000002,2075.0,
462,US,Desktop,-,2023-05-08,US,33485.469999999994,27391.0,
463,US,Desktop,-,2023-05-09,US,28182.260000000006,27270.0,
464,US,Desktop,-,2023-05-10,US,19870.56,26454.0,
465,US,Desktop,-,2023-05-11,US,21046.49,26157.0,
466,US,Desktop,-,2023-05-12,US,20290.120000000003,22208.0,
467,US,Desktop,-,2023-05-13,US,8700.479999999998,2335.0,
468,US,Desktop,-,2023-05-14,US,9095.130000000001,1658.0,
469,US,Desktop,-,2023-05-15,US,24613.519999999997,26861.0,
470,US,Desktop,-,2023-05-16,US,23711.070000000003,26834.0,
471,US,Desktop,-,2023-05-17,US,20653.17,26110.0,
472,US,Desktop,-,2023-05-18,US,21385.260000000002,25960.0,
473,US,Desktop,-,2023-05-19,US,19654.740000000005,21785.0,
474,US,Desktop,-,2023-05-20,US,8503.07,2006.0,
475,US,Desktop,-,2023-05-21,US,8095.45,1961.0,
476,US,Desktop,-,2023-05-22,US,26908.82,27452.0,
477,US,Desktop,-,2023-05-23,US,23918.81,27333.0,
478,US,Desktop,-,2023-05-24,US,21292.87,26651.0,
479,US,Desktop,-,2023-05-25,US,23521.699999999997,25807.0,
480,US,Desktop,-,2023-05-26,US,22674.329999999998,19655.0,
481,US,Desktop,-,2023-05-27,US,45.839999999999996,1261.0,
482,US,Desktop,-,2023-05-28,US,0.58,650.0,
483,US,Desktop,-,2023-05-29,US,8220.35,2902.0,
484,US,Desktop,-,2023-05-30,US,8174.89,23614.0,
485,US,Desktop,-,2023-05-31,US,22960.500000000004,23883.0,
486,US,Desktop,-,2023-06-01,US,37125.47000000001,25111.0,
487,US,Desktop,-,2023-06-02,US,30361.64,21655.0,
488,US,Desktop,-,2023-06-03,US,9015.02,2000.0,
489,US,Desktop,-,2023-06-04,US,8218.59,2053.0,
490,US,Desktop,-,2023-06-05,US,43217.83000000001,25995.0,
491,US,Desktop,-,2023-06-06,US,33713.37,25571.0,
492,US,Desktop,-,2023-06-07,US,27700.610000000004,25156.0,
493,US,Desktop,-,2023-06-08,US,31650.5,25498.0,
494,US,Desktop,-,2023-06-09,US,27618.11,21673.0,
495,US,Desktop,-,2023-06-10,US,7277.120000000001,2237.0,
496,US,Desktop,-,2023-06-11,US,7744.900000000001,1968.0,
497,US,Desktop,-,2023-06-12,US,45046.69,26988.0,
498,US,Desktop,-,2023-06-13,US,32943.81999999999,28470.0,
499,US,Desktop,-,2023-06-14,US,28594.499999999996,26930.0,
500,US,Desktop,-,2023-06-15,US,30382.300000000003,25830.0,
501,US,Desktop,-,2023-06-16,US,26713.959999999995,22513.0,
502,US,Desktop,-,2023-06-17,US,5635.55,2225.0,
503,US,Desktop,-,2023-06-18,US,5254.3099999999995,1421.0,
504,US,Desktop,-,2023-06-19,US,36607.36000000001,23116.0,
505,US,Desktop,-,2023-06-20,US,36457.65,26337.0,
506,US,Desktop,-,2023-06-21,US,23189.91,25931.0,
507,US,Desktop,-,2023-06-22,US,25316.4,25209.0,
508,US,Desktop,-,2023-06-23,US,25699.31,20782.0,
509,US,Desktop,-,2023-06-24,US,8030.669999999999,2240.0,
510,US,Desktop,-,2023-06-25,US,8119.04,1864.0,
511,US,Desktop,-,2023-06-26,US,36544.689999999995,26980.0,
512,US,Desktop,-,2023-06-27,US,34604.81,26674.0,
513,US,Desktop,-,2023-06-28,US,28513.569999999996,26798.0,
514,US,Desktop,-,2023-06-29,US,25646.54,27028.0,
515,US,Desktop,-,2023-06-30,US,22954.579999999998,22939.0,
516,US,Desktop,-,2023-07-01,US,8656.460000000001,2121.0,
517,US,Desktop,-,2023-07-02,US,7474.93,1277.0,
518,US,Desktop,-,2023-07-03,US,30242.019999999997,15115.0,
519,US,Desktop,-,2023-07-04,US,11073.77,2104.0,
520,US,Desktop,-,2023-07-05,US,40181.70999999999,26803.0,
521,US,Desktop,-,2023-07-06,US,29064.319999999996,26592.0,
522,US,Desktop,-,2023-07-07,US,26499.530000000002,22247.0,
523,US,Desktop,-,2023-07-08,US,7075.8099999999995,2435.0,
524,US,Desktop,-,2023-07-09,US,6360.819999999999,2152.0,
525,US,Desktop,-,2023-07-10,US,34736.659999999996,26894.0,
526,US,Desktop,-,2023-07-11,US,33687.310000000005,26577.0,
527,US,Desktop,-,2023-07-12,US,27462.709999999992,25759.0,
528,US,Desktop,-,2023-07-13,US,29953.429999999997,25190.0,
529,US,Desktop,-,2023-07-14,US,31221.920000000002,21607.0,
530,US,Desktop,-,2023-07-15,US,7302.270000000001,2055.0,
531,US,Desktop,-,2023-07-16,US,7554.089999999999,1841.0,
532,US,Desktop,-,2023-07-17,US,40545.39,25501.0,
533,US,Desktop,-,2023-07-18,US,33735.59,25193.0,
534,US,Desktop,-,2023-07-19,US,30019.36,24721.0,
535,US,Desktop,-,2023-07-20,US,27116.589999999993,23904.0,
536,US,Desktop,-,2023-07-21,US,23484.810000000005,20522.0,
537,US,Desktop,-,2023-07-22,US,5848.089999999998,1812.0,
538,US,Desktop,-,2023-07-23,US,5801.769999999999,1711.0,
539,US,Desktop,-,2023-07-24,US,38749.53999999999,24112.0,
540,US,Desktop,-,2023-07-25,US,29755.83,24731.0,
541,US,Desktop,-,2023-07-26,US,28195.390000000003,24805.0,
542,US,Desktop,-,2023-07-27,US,28877.100000000002,23850.0,
543,US,Desktop,-,2023-07-28,US,26230.56,19945.0,
544,US,Desktop,-,2023-07-29,US,7153.49,1774.0,
545,US,Desktop,-,2023-07-30,US,7531.89,1344.0,
546,US,Desktop,-,2023-07-31,US,38271.939999999995,23730.0,
547,US,Desktop,-,2023-08-01,US,34270.99,23356.0,
548,US,Desktop,-,2023-08-02,US,33083.06,23105.0,
549,US,Desktop,-,2023-08-03,US,33224.39000000001,22747.0,
550,US,Desktop,-,2023-08-04,US,27303.81,19283.0,
551,US,Desktop,-,2023-08-05,US,6970.240000000001,1927.0,
552,US,Desktop,-,2023-08-06,US,6433.909999999998,1623.0,
553,US,Desktop,-,2023-08-07,US,39714.759999999995,23700.0,
554,US,Desktop,-,2023-08-08,US,35198.659999999996,23703.0,
555,US,Desktop,-,2023-08-09,US,32648.25,23814.0,
556,US,Desktop,-,2023-08-10,US,30825.71,23568.0,
557,US,Desktop,-,2023-08-11,US,29664.68,19776.0,
558,US,Desktop,-,2023-08-12,US,7626.88,1768.0,
559,US,Desktop,-,2023-08-13,US,8530.039999999999,1550.0,
560,US,Desktop,-,2023-08-14,US,40986.03999999999,23899.0,
561,US,Desktop,-,2023-08-15,US,32894.090000000004,24152.0,
562,US,Desktop,-,2023-08-16,US,31586.319999999996,23849.0,
563,US,Desktop,-,2023-08-17,US,31143.730000000003,23587.0,
564,US,Desktop,-,2023-08-18,US,25351.589999999993,19875.0,
565,US,Desktop,-,2023-08-19,US,6610.619999999999,2073.0,
566,US,Desktop,-,2023-08-20,US,7876.38,1608.0,
567,US,Desktop,-,2023-08-21,US,46047.55,24400.0,
568,US,Desktop,-,2023-08-22,US,27335.059999999998,23842.0,
569,US,Desktop,-,2023-08-23,US,26303.62,23676.0,
570,US,Desktop,-,2023-08-24,US,25170.419999999995,23405.0,
571,US,Desktop,-,2023-08-25,US,23410.77,20513.0,
572,US,Desktop,-,2023-08-26,US,6723.990000000001,2326.0,
573,US,Desktop,-,2023-08-27,US,5826.62,1748.0,
574,US,Desktop,-,2023-08-28,US,38716.9,24666.0,
575,US,Desktop,-,2023-08-29,US,34816.26,24430.0,
576,US,Desktop,-,2023-08-30,US,28707.930000000004,23988.0,
577,US,Desktop,-,2023-08-31,US,26684.620000000003,24314.0,
578,US,Desktop,-,2023-09-01,US,23583.93,19162.0,
579,US,Desktop,-,2023-09-02,US,13.799999999999999,1162.0,
580,US,Desktop,-,2023-09-03,US,0.0,567.0,
581,US,Desktop,-,2023-09-04,US,0.0,1908.0,
582,US,Desktop,-,2023-09-05,US,32905.36,25310.0,
583,US,Desktop,-,2023-09-06,US,35897.82,24849.0,
584,US,Desktop,-,2023-09-07,US,32227.329999999998,24348.0,
585,US,Desktop,-,2023-09-08,US,30117.769999999997,20917.0,
586,US,Desktop,-,2023-09-09,US,7186.049999999997,2137.0,
587,US,Desktop,-,2023-09-10,US,7103.27,1732.0,
588,US,Desktop,-,2023-09-11,US,45006.509999999995,25044.0,
589,US,Desktop,-,2023-09-12,US,43524.32,24709.0,
590,US,Desktop,-,2023-09-13,US,37582.89000000001,24557.0,
591,US,Desktop,-,2023-09-14,US,39197.49,23638.0,
592,US,Desktop,-,2023-09-15,US,33916.79,20279.0,
593,US,Desktop,-,2023-09-16,US,7668.469999999999,2009.0,
594,US,Desktop,-,2023-09-17,US,5819.37,1607.0,
595,US,Desktop,-,2023-09-18,US,42143.08,24529.0,
596,US,Desktop,-,2023-09-19,US,48885.42000000001,25170.0,
597,US,Desktop,-,2023-09-20,US,43922.79,24831.0,
598,US,Desktop,-,2023-09-21,US,40184.43,24113.0,
599,US,Desktop,-,2023-09-22,US,32713.090000000004,20657.0,
600,US,Desktop,-,2023-09-23,US,6785.23,2241.0,
601,US,Desktop,-,2023-09-24,US,6116.470000000001,1653.0,
602,US,Desktop,-,2023-09-25,US,44660.87999999999,24043.0,
603,US,Desktop,-,2023-09-26,US,50044.1,24952.0,
604,US,Desktop,-,2023-09-27,US,44000.25000000001,24334.0,
605,US,Desktop,-,2023-09-28,US,41781.780000000006,24277.0,
606,US,Desktop,-,2023-09-29,US,31413.579999999998,20388.0,
607,US,Desktop,-,2023-09-30,US,651.87,1400.0,
608,US,Desktop,-,2023-10-01,US,5533.510000000001,1602.0,
609,US,Desktop,-,2023-10-02,US,41891.88,24070.0,
610,US,Desktop,-,2023-10-03,US,44346.529999999984,24018.0,
611,US,Desktop,-,2023-10-04,US,39331.18,23745.0,
612,US,Desktop,-,2023-10-05,US,36860.89000000001,23571.0,
613,US,Desktop,-,2023-10-06,US,32639.820000000003,19908.0,
614,US,Desktop,-,2023-10-07,US,6472.32,1873.0,
615,US,Desktop,-,2023-10-08,US,4847.530000000002,1446.0,
616,US,Desktop,-,2023-10-09,US,36733.43000000001,21115.0,
617,US,Desktop,-,2023-10-10,US,44004.380000000005,24302.0,
618,US,Desktop,-,2023-10-11,US,36039.51,24387.0,
619,US,Desktop,-,2023-10-12,US,38811.22,23436.0,
620,US,Desktop,-,2023-10-13,US,29714.629999999997,20324.0,
621,US,Desktop,-,2023-10-14,US,5460.239999999998,1879.0,
622,US,Desktop,-,2023-10-15,US,4225.2,1543.0,
623,US,Desktop,-,2023-10-16,US,30281.420000000002,22832.0,
624,US,Desktop,-,2023-10-17,US,37886.38,22635.0,
625,US,Desktop,-,2023-10-18,US,36616.3,23042.0,
626,US,Desktop,-,2023-10-19,US,29900.05,22314.0,
627,US,Desktop,-,2023-10-20,US,26163.07,18304.0,
628,US,Desktop,-,2023-10-21,US,4705.85,1892.0,
629,US,Desktop,-,2023-10-22,US,3786.83,1401.0,
630,US,Desktop,-,2023-10-23,US,29912.949999999997,22149.0,
631,US,Desktop,-,2023-10-24,US,32696.84,22914.0,
632,US,Desktop,-,2023-10-25,US,33861.87,22930.0,
633,US,Desktop,-,2023-10-26,US,35316.3,22481.0,
634,US,Desktop,-,2023-10-27,US,35206.549999999996,18953.0,
635,US,Desktop,-,2023-10-28,US,7661.09,1690.0,
636,US,Desktop,-,2023-10-29,US,7908.37,1896.0,
637,US,Desktop,-,2023-10-30,US,57753.57000000001,23019.0,
638,US,Desktop,-,2023-10-31,US,63199.53,22978.0,
639,US,Desktop,-,2023-11-01,US,59375.86000000001,22005.0,
640,US,Desktop,-,2023-11-02,US,48356.81,23015.0,
641,US,Desktop,-,2023-11-03,US,49339.42,19602.0,
642,US,Desktop,-,2023-11-04,US,11399.0,1976.0,
643,US,Desktop,-,2023-11-05,US,10925.92,1928.0,
644,US,Desktop,-,2023-11-06,US,68076.85,24148.0,
645,US,Desktop,-,2023-11-07,US,76123.12999999999,24062.0,
646,US,Desktop,-,2023-11-08,US,74495.86,23913.0,
647,US,Desktop,-,2023-11-09,US,61451.28000000001,23831.0,
648,US,Desktop,-,2023-11-10,US,49372.89000000001,18528.0,
649,US,Desktop,-,2023-11-11,US,10767.05,2178.0,
650,US,Desktop,-,2023-11-12,US,9607.350000000002,1850.0,
651,US,Desktop,-,2023-11-13,US,59753.55,24412.0,
652,US,Desktop,-,2023-11-14,US,67594.63,24016.0,
653,US,Desktop,-,2023-11-15,US,66367.39,24621.0,
654,US,Desktop,-,2023-11-16,US,58590.69,24465.0,
655,US,Desktop,-,2023-11-17,US,54228.57000000001,21533.0,
656,US,Desktop,-,2023-11-18,US,12728.39,2361.0,
657,US,Desktop,-,2023-11-19,US,12329.18,2130.0,
658,US,Desktop,-,2023-11-20,US,79723.20000000001,26066.0,
659,US,Desktop,-,2023-11-21,US,69220.31,26054.0,
660,US,Desktop,-,2023-11-22,US,53332.36,19415.0,
661,US,Desktop,-,2023-11-23,US,59.89,671.0,
662,US,Desktop,-,2023-11-24,US,27169.840000000004,6271.0,
663,US,Desktop,-,2023-11-25,US,16551.74,2415.0,
664,US,Desktop,-,2023-11-26,US,16509.170000000002,3014.0,
665,US,Desktop,-,2023-11-27,US,89540.88999999998,28114.0,
666,US,Desktop,-,2023-11-28,US,73628.25,27688.0,
667,US,Desktop,-,2023-11-29,US,62274.48,26280.0,
668,US,Desktop,-,2023-11-30,US,66103.53,26175.0,
669,US,Desktop,-,2023-12-01,US,59463.189999999995,22340.0,
670,US,Desktop,-,2023-12-02,US,17063.74,3191.0,
671,US,Desktop,-,2023-12-03,US,15428.960000000001,3198.0,
672,US,Desktop,-,2023-12-04,US,81906.71,27733.0,
673,US,Desktop,-,2023-12-05,US,74282.45,28135.0,
674,US,Desktop,-,2023-12-06,US,64362.70000000001,28303.0,
675,US,Desktop,-,2023-12-07,US,59225.29999999999,28285.0,
676,US,Desktop,-,2023-12-08,US,51483.99999999999,24636.0,
677,US,Desktop,-,2023-12-09,US,13014.61,3881.0,
678,US,Desktop,-,2023-12-10,US,13914.349999999997,3978.0,
679,US,Desktop,-,2023-12-11,US,64225.600000000006,31853.0,
680,US,Desktop,-,2023-12-12,US,56658.04,32121.0,
681,US,Desktop,-,2023-12-13,US,57612.200000000004,32507.0,
682,US,Desktop,-,2023-12-14,US,53357.82000000001,32296.0,
683,US,Desktop,-,2023-12-15,US,33905.20999999999,28764.0,
684,US,Desktop,-,2023-12-16,US,8843.859999999999,5273.0,
685,US,Desktop,-,2023-12-17,US,8040.6,4637.0,
686,US,Desktop,-,2023-12-18,US,29569.78,34117.0,
687,US,Desktop,-,2023-12-19,US,22073.310000000012,29505.0,
688,US,Desktop,-,2023-12-20,US,19895.9,27308.0,
689,US,Desktop,-,2023-12-21,US,19268.459999999995,23053.0,
690,US,Desktop,-,2023-12-22,US,15656.539999999999,14450.0,
691,US,Desktop,-,2023-12-23,US,5823.53,2009.0,
692,US,Desktop,-,2023-12-24,US,13.810000000000002,317.0,
693,US,Desktop,-,2023-12-25,US,0.0,348.0,
694,US,Desktop,-,2023-12-26,US,18068.340000000004,11629.0,
695,US,Desktop,-,2023-12-27,US,20213.19,16422.0,
696,US,Desktop,-,2023-12-28,US,8213.74,14259.0,
697,US,Desktop,-,2023-12-29,US,0.0,9547.0,
698,US,Desktop,-,2023-12-30,US,0.0,1097.0,
699,US,Desktop,-,2023-12-31,US,0.0,329.0,
700,US,Desktop,-,2024-01-01,US,2866.7999999999997,1143.0,
701,US,Desktop,-,2024-01-02,US,9646.35,15781.0,
702,US,Desktop,-,2024-01-03,US,18243.48,17753.0,
703,US,Desktop,-,2024-01-04,US,25900.689999999995,18173.0,
704,US,Desktop,-,2024-01-05,US,32383.38,16376.0,
705,US,Desktop,-,2024-01-06,US,9791.679999999998,1881.0,
706,US,Desktop,-,2024-01-07,US,10297.79,1523.0,
707,US,Desktop,-,2024-01-08,US,48947.67,18104.0,
708,US,Desktop,-,2024-01-09,US,45319.14,17762.0,
709,US,Desktop,-,2024-01-10,US,37897.97,18760.0,
710,US,Desktop,-,2024-01-11,US,34884.81,18750.0,
711,US,Desktop,-,2024-01-12,US,29623.27,15921.0,
712,US,Desktop,-,2024-01-13,US,9072.49,1710.0,
713,US,Desktop,-,2024-01-14,US,7920.1,1115.0,
714,US,Desktop,-,2024-01-15,US,28218.21,11442.0,
715,US,Desktop,-,2024-01-16,US,32151.119999999995,16752.0,
716,US,Desktop,-,2024-01-17,US,35569.59,17514.0,
717,US,Desktop,-,2024-01-18,US,36761.97,18288.0,
718,US,Desktop,-,2024-01-19,US,25745.98,15105.0,
719,US,Desktop,-,2024-01-20,US,6451.54,1927.0,
720,US,Desktop,-,2024-01-21,US,6694.79,1710.0,
721,US,Desktop,-,2024-01-22,US,30322.43,18962.0,
722,US,Desktop,-,2024-01-23,US,34258.259999999995,19357.0,
723,US,Desktop,-,2024-01-24,US,36126.93,19835.0,
724,US,Desktop,-,2024-01-25,US,29329.550000000003,20524.0,
725,US,Desktop,-,2024-01-26,US,19377.050000000003,18254.0,
726,US,Desktop,-,2024-01-27,US,2956.11,1654.0,
727,US,Desktop,-,2024-01-28,US,8212.310000000001,1599.0,
728,US,Desktop,-,2024-01-29,US,39824.92,22281.0,
729,US,Desktop,-,2024-01-30,US,18430.41,20228.0,
730,US,Desktop,-,2024-01-31,US,19332.460000000003,21773.0,
731,US,Desktop,-,2024-02-01,US,25513.8,22064.0,
732,US,Desktop,-,2024-02-02,US,24641.619999999995,19803.0,
733,US,Desktop,-,2024-02-03,US,5426.5,1878.0,
734,US,Desktop,-,2024-02-04,US,5874.2599999999975,1660.0,
735,US,Desktop,-,2024-02-05,US,28120.41,23458.0,
736,US,Desktop,-,2024-02-06,US,23072.199999999997,23148.0,
737,US,Desktop,-,2024-02-07,US,22520.72,23269.0,
738,US,Desktop,-,2024-02-08,US,24050.75,22830.0,
739,US,Desktop,-,2024-02-09,US,19977.27,19512.0,
740,US,Desktop,-,2024-02-10,US,5238.099999999999,1935.0,
741,US,Desktop,-,2024-02-11,US,4803.14,1421.0,
742,US,Desktop,-,2024-02-12,US,27178.0,22455.0,
743,US,Desktop,-,2024-02-13,US,26097.89,20514.0,
744,US,Desktop,-,2024-02-14,US,24927.730000000003,21606.0,
745,US,Desktop,-,2024-02-15,US,23526.55,21711.0,
746,US,Desktop,-,2024-02-16,US,23955.719999999998,19705.0,
747,US,Desktop,-,2024-02-17,US,5946.9800000000005,1763.0,
748,US,Desktop,-,2024-02-18,US,5631.549999999999,1521.0,
749,US,Desktop,-,2024-02-19,US,27585.48,18184.0,
750,US,Desktop,-,2024-02-20,US,33139.39000000001,23203.0,
751,US,Desktop,-,2024-02-21,US,31924.45,22719.0,
752,US,Desktop,-,2024-02-22,US,27405.559999999998,22122.0,
753,US,Desktop,-,2024-02-23,US,22165.029999999995,19791.0,
754,US,Desktop,-,2024-02-24,US,5097.07,1820.0,
755,US,Desktop,-,2024-02-25,US,4064.3299999999995,1528.0,
756,US,Desktop,-,2024-02-26,US,28294.03,23013.0,
757,US,Desktop,-,2024-02-27,US,28701.2,22024.0,
758,US,Desktop,-,2024-02-28,US,24034.7,21615.0,
759,US,Desktop,-,2024-02-29,US,9786.880000000001,19484.0,
760,US,Desktop,-,2024-03-01,US,21175.579999999994,17971.0,
761,US,Desktop,-,2024-03-02,US,5731.38,1804.0,
762,US,Desktop,-,2024-03-03,US,5382.699999999999,1622.0,
763,US,Desktop,-,2024-03-04,US,38456.88,22367.0,
764,US,Desktop,-,2024-03-05,US,44343.86,22705.0,
765,US,Desktop,-,2024-03-06,US,37402.969999999994,22107.0,
766,US,Desktop,-,2024-03-07,US,33573.99,21667.0,
767,US,Desktop,-,2024-03-08,US,27426.52,18983.0,
768,US,Desktop,-,2024-03-09,US,5929.24,2026.0,
769,US,Desktop,-,2024-03-10,US,5535.870000000001,1438.0,
770,US,Desktop,-,2024-03-11,US,40287.29999999999,22391.0,
771,US,Desktop,-,2024-03-12,US,39064.5,22882.0,
772,US,Desktop,-,2024-03-13,US,33601.15,21369.0,
773,US,Desktop,-,2024-03-14,US,32561.690000000006,20641.0,
774,US,Desktop,-,2024-03-15,US,25688.51,18032.0,
775,US,Desktop,-,2024-03-16,US,5884.929999999999,1720.0,
776,US,Desktop,-,2024-03-17,US,5208.8899999999985,1604.0,
777,US,Desktop,-,2024-03-18,US,32465.490000000005,22217.0,
778,US,Desktop,-,2024-03-19,US,39580.37999999999,22456.0,
779,US,Desktop,-,2024-03-20,US,37708.33,22044.0,
780,US,Desktop,-,2024-03-21,US,32139.88,21614.0,
781,US,Desktop,-,2024-03-22,US,31061.58,18606.0,
782,US,Desktop,-,2024-03-23,US,7637.67,2089.0,
783,US,Desktop,-,2024-03-24,US,6993.55,1584.0,
784,US,Desktop,-,2024-03-25,US,46603.13,22948.0,
785,US,Desktop,-,2024-03-26,US,51978.60999999999,22639.0,
786,US,Desktop,-,2024-03-27,US,33289.08,21699.0,
787,US,Desktop,-,2024-03-28,US,24266.73,19691.0,
788,US,Desktop,-,2024-03-29,US,17293.559999999998,13518.0,
789,US,Desktop,-,2024-03-30,US,5890.450000000001,1547.0,
790,US,Desktop,-,2024-03-31,US,5050.639999999999,886.0,
791,US,Desktop,-,2024-04-01,US,29523.659999999996,19157.0,
792,US,Desktop,-,2024-04-02,US,28624.03,20825.0,
793,US,Desktop,-,2024-04-03,US,28266.95,20172.0,
794,US,Desktop,-,2024-04-04,US,29210.569999999992,20337.0,
795,US,Desktop,-,2024-04-05,US,27540.640000000003,16943.0,
796,US,Desktop,-,2024-04-06,US,8886.869999999999,1766.0,
797,US,Desktop,-,2024-04-07,US,7556.1,1534.0,
798,US,Desktop,-,2024-04-08,US,34695.47,18874.0,
799,US,Desktop,-,2024-04-09,US,36539.1,19986.0,
800,US,Desktop,-,2024-04-10,US,31897.349999999995,19863.0,
801,US,Desktop,-,2024-04-11,US,27740.9,19834.0,
802,US,Desktop,-,2024-04-12,US,22310.87,17012.0,
803,US,Desktop,-,2024-04-13,US,6645.599999999999,1859.0,
804,US,Desktop,-,2024-04-14,US,5739.729999999999,1551.0,
805,US,Desktop,-,2024-04-15,US,27748.329999999994,19716.0,
806,US,Desktop,-,2024-04-16,US,28282.65,19273.0,
807,US,Desktop,-,2024-04-17,US,26322.289999999997,19107.0,
808,US,Desktop,-,2024-04-18,US,26485.61,19103.0,
809,US,Desktop,-,2024-04-19,US,22094.86999999999,16780.0,
810,US,Desktop,-,2024-04-20,US,6536.429999999999,1569.0,
811,US,Desktop,-,2024-04-21,US,6544.33,1374.0,
812,US,Desktop,-,2024-04-22,US,32066.210000000003,20859.0,
813,US,Desktop,-,2024-04-23,US,32940.84,20302.0,
814,US,Desktop,-,2024-04-24,US,29548.210000000003,20082.0,
815,US,Desktop,-,2024-04-25,US,26760.79,20215.0,
816,US,Desktop,-,2024-04-26,US,23997.87,17362.0,
817,US,Desktop,-,2024-04-27,US,6448.829999999999,1861.0,
818,US,Desktop,-,2024-04-28,US,5964.529999999999,1851.0,
819,US,Desktop,-,2024-04-29,US,32094.92,20508.0,
820,US,Desktop,-,2024-04-30,US,33758.79,20621.0,
821,US,Mobile & Tablet,-,2022-01-01,US,1713.1000000000001,110.0,
822,US,Mobile & Tablet,-,2022-01-02,US,1725.3600000000001,189.0,
823,US,Mobile & Tablet,-,2022-01-03,US,3513.2999999999997,439.0,
824,US,Mobile & Tablet,-,2022-01-04,US,3839.929999999999,422.0,
825,US,Mobile & Tablet,-,2022-01-05,US,4333.570000000001,431.0,
826,US,Mobile & Tablet,-,2022-01-06,US,4446.610000000001,362.0,
827,US,Mobile & Tablet,-,2022-01-07,US,4483.95,383.0,
828,US,Mobile & Tablet,-,2022-01-08,US,3519.3600000000006,241.0,
829,US,Mobile & Tablet,-,2022-01-09,US,2917.43,285.0,
830,US,Mobile & Tablet,-,2022-01-10,US,1308.8699999999997,182.0,
831,US,Mobile & Tablet,-,2022-01-11,US,0.0,123.0,
832,US,Mobile & Tablet,-,2022-01-12,US,0.0,71.0,
833,US,Mobile & Tablet,-,2022-01-13,US,0.0,96.0,
834,US,Mobile & Tablet,-,2022-01-14,US,0.0,58.0,
835,US,Mobile & Tablet,-,2022-01-15,US,0.0,44.0,
836,US,Mobile & Tablet,-,2022-01-16,US,0.0,27.0,
837,US,Mobile & Tablet,-,2022-01-17,US,0.0,73.0,
838,US,Mobile & Tablet,-,2022-01-18,US,685.48,93.0,
839,US,Mobile & Tablet,-,2022-01-19,US,827.7800000000001,117.0,
840,US,Mobile & Tablet,-,2022-01-20,US,727.0600000000001,134.0,
841,US,Mobile & Tablet,-,2022-01-21,US,739.6800000000001,82.0,
842,US,Mobile & Tablet,-,2022-01-22,US,668.5300000000001,48.0,
843,US,Mobile & Tablet,-,2022-01-23,US,480.62999999999994,73.0,
844,US,Mobile & Tablet,-,2022-01-24,US,813.9499999999999,162.0,
845,US,Mobile & Tablet,-,2022-01-25,US,714.61,88.0,
846,US,Mobile & Tablet,-,2022-01-26,US,700.8400000000001,99.0,
847,US,Mobile & Tablet,-,2022-01-27,US,880.6400000000001,77.0,
848,US,Mobile & Tablet,-,2022-01-28,US,839.71,98.0,
849,US,Mobile & Tablet,-,2022-01-29,US,664.1899999999999,57.0,
850,US,Mobile & Tablet,-,2022-01-30,US,479.18000000000006,103.0,
851,US,Mobile & Tablet,-,2022-01-31,US,245.07,132.0,
852,US,Mobile & Tablet,-,2022-02-01,US,811.3899999999999,96.0,
853,US,Mobile & Tablet,-,2022-02-02,US,698.02,83.0,
854,US,Mobile & Tablet,-,2022-02-03,US,861.8699999999999,83.0,
855,US,Mobile & Tablet,-,2022-02-04,US,999.8799999999999,85.0,
856,US,Mobile & Tablet,-,2022-02-05,US,775.12,64.0,
857,US,Mobile & Tablet,-,2022-02-06,US,553.4399999999999,67.0,
858,US,Mobile & Tablet,-,2022-02-07,US,1034.7900000000002,113.0,
859,US,Mobile & Tablet,-,2022-02-08,US,990.7199999999999,104.0,
860,US,Mobile & Tablet,-,2022-02-09,US,865.9099999999999,99.0,
861,US,Mobile & Tablet,-,2022-02-10,US,733.08,84.0,
862,US,Mobile & Tablet,-,2022-02-11,US,676.2399999999999,96.0,
863,US,Mobile & Tablet,-,2022-02-12,US,496.81,34.0,
864,US,Mobile & Tablet,-,2022-02-13,US,356.83000000000004,53.0,
865,US,Mobile & Tablet,-,2022-02-14,US,730.18,90.0,
866,US,Mobile & Tablet,-,2022-02-15,US,681.36,115.0,
867,US,Mobile & Tablet,-,2022-02-16,US,574.8499999999999,108.0,
868,US,Mobile & Tablet,-,2022-02-17,US,557.63,128.0,
869,US,Mobile & Tablet,-,2022-02-18,US,503.07,78.0,
870,US,Mobile & Tablet,-,2022-02-19,US,451.44,43.0,
871,US,Mobile & Tablet,-,2022-02-20,US,355.69,33.0,
872,US,Mobile & Tablet,-,2022-02-21,US,750.17,100.0,
873,US,Mobile & Tablet,-,2022-02-22,US,778.12,85.0,
874,US,Mobile & Tablet,-,2022-02-23,US,592.76,81.0,
875,US,Mobile & Tablet,-,2022-02-24,US,646.81,86.0,
876,US,Mobile & Tablet,-,2022-02-25,US,733.1800000000001,112.0,
877,US,Mobile & Tablet,-,2022-02-26,US,741.18,54.0,
878,US,Mobile & Tablet,-,2022-02-27,US,500.1600000000001,46.0,
879,US,Mobile & Tablet,-,2022-02-28,US,1033.1199999999997,98.0,
880,US,Mobile & Tablet,-,2022-03-01,US,839.72,81.0,
881,US,Mobile & Tablet,-,2022-03-02,US,681.5200000000001,89.0,
882,US,Mobile & Tablet,-,2022-03-03,US,755.59,90.0,
883,US,Mobile & Tablet,-,2022-03-04,US,916.45,99.0,
884,US,Mobile & Tablet,-,2022-03-05,US,776.72,47.0,
885,US,Mobile & Tablet,-,2022-03-06,US,575.47,55.0,
886,US,Mobile & Tablet,-,2022-03-07,US,1087.12,113.0,
887,US,Mobile & Tablet,-,2022-03-08,US,903.17,116.0,
888,US,Mobile & Tablet,-,2022-03-09,US,752.3000000000001,93.0,
889,US,Mobile & Tablet,-,2022-03-10,US,756.4200000000001,81.0,
890,US,Mobile & Tablet,-,2022-03-11,US,861.46,73.0,
891,US,Mobile & Tablet,-,2022-03-12,US,688.6300000000001,49.0,
892,US,Mobile & Tablet,-,2022-03-13,US,518.7900000000001,51.0,
893,US,Mobile & Tablet,-,2022-03-14,US,850.76,119.0,
894,US,Mobile & Tablet,-,2022-03-15,US,697.99,89.0,
895,US,Mobile & Tablet,-,2022-03-16,US,612.5600000000001,88.0,
896,US,Mobile & Tablet,-,2022-03-17,US,581.47,92.0,
897,US,Mobile & Tablet,-,2022-03-18,US,513.0,86.0,
898,US,Mobile & Tablet,-,2022-03-19,US,362.29,53.0,
899,US,Mobile & Tablet,-,2022-03-20,US,267.78000000000003,45.0,
900,US,Mobile & Tablet,-,2022-03-21,US,490.05000000000007,119.0,
901,US,Mobile & Tablet,-,2022-03-22,US,472.38000000000005,111.0,
902,US,Mobile & Tablet,-,2022-03-23,US,467.96000000000004,94.0,
903,US,Mobile & Tablet,-,2022-03-24,US,476.13999999999993,88.0,
904,US,Mobile & Tablet,-,2022-03-25,US,490.83000000000004,107.0,
905,US,Mobile & Tablet,-,2022-03-26,US,379.58000000000004,56.0,
906,US,Mobile & Tablet,-,2022-03-27,US,314.43000000000006,69.0,
907,US,Mobile & Tablet,-,2022-03-28,US,826.09,108.0,
908,US,Mobile & Tablet,-,2022-03-29,US,591.94,93.0,
909,US,Mobile & Tablet,-,2022-03-30,US,484.09000000000003,106.0,
910,US,Mobile & Tablet,-,2022-03-31,US,558.58,120.0,
911,US,Mobile & Tablet,-,2022-04-01,US,757.8100000000001,115.0,
912,US,Mobile & Tablet,-,2022-04-02,US,494.74,61.0,
913,US,Mobile & Tablet,-,2022-04-03,US,388.83000000000004,58.0,
914,US,Mobile & Tablet,-,2022-04-04,US,840.6800000000001,92.0,
915,US,Mobile & Tablet,-,2022-04-05,US,736.56,131.0,
916,US,Mobile & Tablet,-,2022-04-06,US,503.63,89.0,
917,US,Mobile & Tablet,-,2022-04-07,US,614.41,83.0,
918,US,Mobile & Tablet,-,2022-04-08,US,609.4100000000001,89.0,
919,US,Mobile & Tablet,-,2022-04-09,US,495.02000000000004,44.0,
920,US,Mobile & Tablet,-,2022-04-10,US,405.69000000000005,52.0,
921,US,Mobile & Tablet,-,2022-04-11,US,769.07,134.0,
922,US,Mobile & Tablet,-,2022-04-12,US,792.9300000000001,84.0,
923,US,Mobile & Tablet,-,2022-04-13,US,547.04,97.0,
924,US,Mobile & Tablet,-,2022-04-14,US,600.82,77.0,
925,US,Mobile & Tablet,-,2022-04-15,US,594.76,67.0,
926,US,Mobile & Tablet,-,2022-04-16,US,470.4100000000001,49.0,
927,US,Mobile & Tablet,-,2022-04-17,US,345.09000000000003,49.0,
928,US,Mobile & Tablet,-,2022-04-18,US,952.0500000000001,123.0,
929,US,Mobile & Tablet,-,2022-04-19,US,890.25,134.0,
930,US,Mobile & Tablet,-,2022-04-20,US,597.7499999999999,82.0,
931,US,Mobile & Tablet,-,2022-04-21,US,699.5000000000001,86.0,
932,US,Mobile & Tablet,-,2022-04-22,US,613.37,68.0,
933,US,Mobile & Tablet,-,2022-04-23,US,395.56999999999994,34.0,
934,US,Mobile & Tablet,-,2022-04-24,US,351.95,41.0,
935,US,Mobile & Tablet,-,2022-04-25,US,677.94,81.0,
936,US,Mobile & Tablet,-,2022-04-26,US,728.37,105.0,
937,US,Mobile & Tablet,-,2022-04-27,US,568.57,84.0,
938,US,Mobile & Tablet,-,2022-04-28,US,606.16,79.0,
939,US,Mobile & Tablet,-,2022-04-29,US,586.78,65.0,
940,US,Mobile & Tablet,-,2022-04-30,US,386.44,40.0,
941,US,Mobile & Tablet,-,2022-05-01,US,340.11,40.0,
942,US,Mobile & Tablet,-,2022-05-02,US,699.3499999999999,104.0,
943,US,Mobile & Tablet,-,2022-05-03,US,635.21,94.0,
944,US,Mobile & Tablet,-,2022-05-04,US,781.0600000000001,75.0,
945,US,Mobile & Tablet,-,2022-05-05,US,553.89,83.0,
946,US,Mobile & Tablet,-,2022-05-06,US,510.91,55.0,
947,US,Mobile & Tablet,-,2022-05-07,US,638.2199999999999,52.0,
948,US,Mobile & Tablet,-,2022-05-08,US,397.41,30.0,
949,US,Mobile & Tablet,-,2022-05-09,US,693.22,83.0,
950,US,Mobile & Tablet,-,2022-05-10,US,589.4300000000001,75.0,
951,US,Mobile & Tablet,-,2022-05-11,US,493.51,96.0,
952,US,Mobile & Tablet,-,2022-05-12,US,528.33,75.0,
953,US,Mobile & Tablet,-,2022-05-13,US,530.6500000000001,64.0,
954,US,Mobile & Tablet,-,2022-05-14,US,488.16,29.0,
955,US,Mobile & Tablet,-,2022-05-15,US,444.99999999999994,37.0,
956,US,Mobile & Tablet,-,2022-05-16,US,674.6700000000001,121.0,
957,US,Mobile & Tablet,-,2022-05-17,US,158.38000000000002,94.0,
958,US,Mobile & Tablet,-,2022-05-18,US,177.78,76.0,
959,US,Mobile & Tablet,-,2022-05-19,US,205.96,87.0,
960,US,Mobile & Tablet,-,2022-05-20,US,335.75000000000006,69.0,
961,US,Mobile & Tablet,-,2022-05-21,US,850.35,46.0,
962,US,Mobile & Tablet,-,2022-05-22,US,766.9,34.0,
963,US,Mobile & Tablet,-,2022-05-23,US,531.0099999999999,108.0,
964,US,Mobile & Tablet,-,2022-05-24,US,139.37,98.0,
965,US,Mobile & Tablet,-,2022-05-25,US,35.14,59.0,
966,US,Mobile & Tablet,-,2022-05-26,US,76.07000000000001,70.0,
967,US,Mobile & Tablet,-,2022-05-27,US,104.56,68.0,
968,US,Mobile & Tablet,-,2022-05-28,US,0.0,16.0,
969,US,Mobile & Tablet,-,2022-05-29,US,0.0,9.0,
970,US,Mobile & Tablet,-,2022-05-30,US,0.0,10.0,
971,US,Mobile & Tablet,-,2022-05-31,US,94.56000000000002,71.0,
972,US,Mobile & Tablet,-,2022-06-01,US,260.42999999999995,62.0,
973,US,Mobile & Tablet,-,2022-06-02,US,322.11,59.0,
974,US,Mobile & Tablet,-,2022-06-03,US,250.70999999999998,47.0,
975,US,Mobile & Tablet,-,2022-06-04,US,767.8,23.0,
976,US,Mobile & Tablet,-,2022-06-05,US,871.77,31.0,
977,US,Mobile & Tablet,-,2022-06-06,US,271.91,81.0,
978,US,Mobile & Tablet,-,2022-06-07,US,264.4,69.0,
979,US,Mobile & Tablet,-,2022-06-08,US,87.23,57.0,
980,US,Mobile & Tablet,-,2022-06-09,US,160.77999999999997,69.0,
981,US,Mobile & Tablet,-,2022-06-10,US,184.53,59.0,
982,US,Mobile & Tablet,-,2022-06-11,US,267.59,28.0,
983,US,Mobile & Tablet,-,2022-06-12,US,288.73,45.0,
984,US,Mobile & Tablet,-,2022-06-13,US,262.96999999999997,116.0,
985,US,Mobile & Tablet,-,2022-06-14,US,81.47,76.0,
986,US,Mobile & Tablet,-,2022-06-15,US,263.87,73.0,
987,US,Mobile & Tablet,-,2022-06-16,US,203.58999999999997,69.0,
988,US,Mobile & Tablet,-,2022-06-17,US,277.41,79.0,
989,US,Mobile & Tablet,-,2022-06-18,US,524.9200000000001,40.0,
990,US,Mobile & Tablet,-,2022-06-19,US,437.07,31.0,
991,US,Mobile & Tablet,-,2022-06-20,US,745.05,100.0,
992,US,Mobile & Tablet,-,2022-06-21,US,301.67,78.0,
993,US,Mobile & Tablet,-,2022-06-22,US,508.38,77.0,
994,US,Mobile & Tablet,-,2022-06-23,US,702.6300000000001,101.0,
995,US,Mobile & Tablet,-,2022-06-24,US,669.54,63.0,
996,US,Mobile & Tablet,-,2022-06-25,US,994.0,23.0,
997,US,Mobile & Tablet,-,2022-06-26,US,815.84,42.0,
998,US,Mobile & Tablet,-,2022-06-27,US,1168.3300000000002,98.0,
999,US,Mobile & Tablet,-,2022-06-28,US,962.7900000000001,115.0,
1000,US,Mobile & Tablet,-,2022-06-29,US,655.84,94.0,
1001,US,Mobile & Tablet,-,2022-06-30,US,795.02,73.0,
1002,US,Mobile & Tablet,-,2022-07-01,US,762.3000000000001,75.0,
1003,US,Mobile & Tablet,-,2022-07-02,US,0.0,26.0,
1004,US,Mobile & Tablet,-,2022-07-03,US,0.0,12.0,
1005,US,Mobile & Tablet,-,2022-07-04,US,0.0,17.0,
1006,US,Mobile & Tablet,-,2022-07-05,US,1055.32,85.0,
1007,US,Mobile & Tablet,-,2022-07-06,US,889.86,113.0,
1008,US,Mobile & Tablet,-,2022-07-07,US,902.5699999999999,88.0,
1009,US,Mobile & Tablet,-,2022-07-08,US,992.92,86.0,
1010,US,Mobile & Tablet,-,2022-07-09,US,1001.48,46.0,
1011,US,Mobile & Tablet,-,2022-07-10,US,827.4899999999999,34.0,
1012,US,Mobile & Tablet,-,2022-07-11,US,1100.0000000000002,85.0,
1013,US,Mobile & Tablet,-,2022-07-12,US,1071.47,104.0,
1014,US,Mobile & Tablet,-,2022-07-13,US,402.19000000000005,75.0,
1015,US,Mobile & Tablet,-,2022-07-14,US,604.38,80.0,
1016,US,Mobile & Tablet,-,2022-07-15,US,752.3100000000001,77.0,
1017,US,Mobile & Tablet,-,2022-07-16,US,878.2199999999999,50.0,
1018,US,Mobile & Tablet,-,2022-07-17,US,686.47,46.0,
1019,US,Mobile & Tablet,-,2022-07-18,US,352.54999999999995,90.0,
1020,US,Mobile & Tablet,-,2022-07-19,US,355.11,76.0,
1021,US,Mobile & Tablet,-,2022-07-20,US,501.85,79.0,
1022,US,Mobile & Tablet,-,2022-07-21,US,677.0400000000001,88.0,
1023,US,Mobile & Tablet,-,2022-07-22,US,799.28,58.0,
1024,US,Mobile & Tablet,-,2022-07-23,US,1194.8599999999997,45.0,
1025,US,Mobile & Tablet,-,2022-07-24,US,919.0599999999998,33.0,
1026,US,Mobile & Tablet,-,2022-07-25,US,581.36,101.0,
1027,US,Mobile & Tablet,-,2022-07-26,US,629.95,103.0,
1028,US,Mobile & Tablet,-,2022-07-27,US,479.41,87.0,
1029,US,Mobile & Tablet,-,2022-07-28,US,551.5,85.0,
1030,US,Mobile & Tablet,-,2022-07-29,US,657.52,76.0,
1031,US,Mobile & Tablet,-,2022-07-30,US,780.27,59.0,
1032,US,Mobile & Tablet,-,2022-07-31,US,529.15,32.0,
1033,US,Mobile & Tablet,-,2022-08-01,US,808.62,97.0,
1034,US,Mobile & Tablet,-,2022-08-02,US,972.59,81.0,
1035,US,Mobile & Tablet,-,2022-08-03,US,994.6700000000001,84.0,
1036,US,Mobile & Tablet,-,2022-08-04,US,932.15,66.0,
1037,US,Mobile & Tablet,-,2022-08-05,US,1013.05,57.0,
1038,US,Mobile & Tablet,-,2022-08-06,US,1009.1400000000001,42.0,
1039,US,Mobile & Tablet,-,2022-08-07,US,990.99,29.0,
1040,US,Mobile & Tablet,-,2022-08-08,US,1050.0800000000002,80.0,
1041,US,Mobile & Tablet,-,2022-08-09,US,968.07,92.0,
1042,US,Mobile & Tablet,-,2022-08-10,US,870.72,78.0,
1043,US,Mobile & Tablet,-,2022-08-11,US,947.02,69.0,
1044,US,Mobile & Tablet,-,2022-08-12,US,755.72,68.0,
1045,US,Mobile & Tablet,-,2022-08-13,US,785.64,32.0,
1046,US,Mobile & Tablet,-,2022-08-14,US,655.2400000000001,40.0,
1047,US,Mobile & Tablet,-,2022-08-15,US,1140.8600000000001,98.0,
1048,US,Mobile & Tablet,-,2022-08-16,US,1267.22,109.0,
1049,US,Mobile & Tablet,-,2022-08-17,US,1193.8899999999999,84.0,
1050,US,Mobile & Tablet,-,2022-08-18,US,1237.5800000000002,90.0,
1051,US,Mobile & Tablet,-,2022-08-19,US,1025.67,62.0,
1052,US,Mobile & Tablet,-,2022-08-20,US,916.83,38.0,
1053,US,Mobile & Tablet,-,2022-08-21,US,758.8400000000001,48.0,
1054,US,Mobile & Tablet,-,2022-08-22,US,1074.02,103.0,
1055,US,Mobile & Tablet,-,2022-08-23,US,1099.96,92.0,
1056,US,Mobile & Tablet,-,2022-08-24,US,1192.38,88.0,
1057,US,Mobile & Tablet,-,2022-08-25,US,1140.12,73.0,
1058,US,Mobile & Tablet,-,2022-08-26,US,1268.6799999999998,81.0,
1059,US,Mobile & Tablet,-,2022-08-27,US,901.61,31.0,
1060,US,Mobile & Tablet,-,2022-08-28,US,740.5200000000001,43.0,
1061,US,Mobile & Tablet,-,2022-08-29,US,1142.9699999999998,75.0,
1062,US,Mobile & Tablet,-,2022-08-30,US,1043.61,89.0,
1063,US,Mobile & Tablet,-,2022-08-31,US,1050.5299999999997,98.0,
1064,US,Mobile & Tablet,-,2022-09-01,US,1224.29,92.0,
1065,US,Mobile & Tablet,-,2022-09-02,US,1167.5,89.0,
1066,US,Mobile & Tablet,-,2022-09-03,US,0.0,22.0,
1067,US,Mobile & Tablet,-,2022-09-04,US,0.0,16.0,
1068,US,Mobile & Tablet,-,2022-09-05,US,0.0,30.0,
1069,US,Mobile & Tablet,-,2022-09-06,US,1304.42,73.0,
1070,US,Mobile & Tablet,-,2022-09-07,US,1339.5,112.0,
1071,US,Mobile & Tablet,-,2022-09-08,US,1428.59,75.0,
1072,US,Mobile & Tablet,-,2022-09-09,US,1482.59,78.0,
1073,US,Mobile & Tablet,-,2022-09-10,US,1159.16,27.0,
1074,US,Mobile & Tablet,-,2022-09-11,US,972.23,62.0,
1075,US,Mobile & Tablet,-,2022-09-12,US,1669.42,107.0,
1076,US,Mobile & Tablet,-,2022-09-13,US,821.7499999999999,84.0,
1077,US,Mobile & Tablet,-,2022-09-14,US,800.26,64.0,
1078,US,Mobile & Tablet,-,2022-09-15,US,830.0999999999999,75.0,
1079,US,Mobile & Tablet,-,2022-09-16,US,1003.4899999999999,88.0,
1080,US,Mobile & Tablet,-,2022-09-17,US,1007.39,43.0,
1081,US,Mobile & Tablet,-,2022-09-18,US,1225.03,38.0,
1082,US,Mobile & Tablet,-,2022-09-19,US,2083.39,94.0,
1083,US,Mobile & Tablet,-,2022-09-20,US,1947.23,113.0,
1084,US,Mobile & Tablet,-,2022-09-21,US,1976.03,109.0,
1085,US,Mobile & Tablet,-,2022-09-22,US,1641.4,49.0,
1086,US,Mobile & Tablet,-,2022-09-23,US,1805.8999999999999,57.0,
1087,US,Mobile & Tablet,-,2022-09-24,US,1787.28,40.0,
1088,US,Mobile & Tablet,-,2022-09-25,US,1083.93,48.0,
1089,US,Mobile & Tablet,-,2022-09-26,US,919.92,96.0,
1090,US,Mobile & Tablet,-,2022-09-27,US,956.1999999999999,98.0,
1091,US,Mobile & Tablet,-,2022-09-28,US,1090.05,78.0,
1092,US,Mobile & Tablet,-,2022-09-29,US,909.3699999999999,78.0,
1093,US,Mobile & Tablet,-,2022-09-30,US,880.7800000000001,67.0,
1094,US,Mobile & Tablet,-,2022-10-01,US,795.5799999999999,40.0,
1095,US,Mobile & Tablet,-,2022-10-02,US,734.5400000000001,28.0,
1096,US,Mobile & Tablet,-,2022-10-03,US,1024.79,97.0,
1097,US,Mobile & Tablet,-,2022-10-04,US,942.2000000000002,103.0,
1098,US,Mobile & Tablet,-,2022-10-05,US,1010.62,88.0,
1099,US,Mobile & Tablet,-,2022-10-06,US,1111.12,105.0,
1100,US,Mobile & Tablet,-,2022-10-07,US,1183.2499999999998,74.0,
1101,US,Mobile & Tablet,-,2022-10-08,US,1487.43,44.0,
1102,US,Mobile & Tablet,-,2022-10-09,US,1450.5,48.0,
1103,US,Mobile & Tablet,-,2022-10-10,US,1678.06,80.0,
1104,US,Mobile & Tablet,-,2022-10-11,US,1978.42,84.0,
1105,US,Mobile & Tablet,-,2022-10-12,US,1710.8,187.0,
1106,US,Mobile & Tablet,-,2022-10-13,US,1135.6200000000001,97.0,
1107,US,Mobile & Tablet,-,2022-10-14,US,3834.0899999999997,145.0,
1108,US,Mobile & Tablet,-,2022-10-15,US,3859.6100000000006,164.0,
1109,US,Mobile & Tablet,-,2022-10-16,US,2446.67,151.0,
1110,US,Mobile & Tablet,-,2022-10-17,US,4070.6299999999997,295.0,
1111,US,Mobile & Tablet,-,2022-10-18,US,6071.089999999999,309.0,
1112,US,Mobile & Tablet,-,2022-10-19,US,8692.72,412.0,
1113,US,Mobile & Tablet,-,2022-10-20,US,8907.289999999999,407.0,
1114,US,Mobile & Tablet,-,2022-10-21,US,8897.910000000002,384.0,
1115,US,Mobile & Tablet,-,2022-10-22,US,6213.220000000001,209.0,
1116,US,Mobile & Tablet,-,2022-10-23,US,4443.21,261.0,
1117,US,Mobile & Tablet,-,2022-10-24,US,10189.470000000001,520.0,
1118,US,Mobile & Tablet,-,2022-10-25,US,10296.12,546.0,
1119,US,Mobile & Tablet,-,2022-10-26,US,10229.28,456.0,
1120,US,Mobile & Tablet,-,2022-10-27,US,8977.369999999997,434.0,
1121,US,Mobile & Tablet,-,2022-10-28,US,6233.9400000000005,345.0,
1122,US,Mobile & Tablet,-,2022-10-29,US,3900.2400000000002,143.0,
1123,US,Mobile & Tablet,-,2022-10-30,US,3712.7999999999997,200.0,
1124,US,Mobile & Tablet,-,2022-10-31,US,8112.099999999999,405.0,
1125,US,Mobile & Tablet,-,2022-12-01,US,2479.3500000000004,344.0,
1126,US,Mobile & Tablet,-,2022-12-02,US,940.4799999999999,348.0,
1127,US,Mobile & Tablet,-,2022-12-03,US,511.69999999999993,213.0,
1128,US,Mobile & Tablet,-,2022-12-04,US,410.48999999999995,227.0,
1129,US,Mobile & Tablet,-,2022-12-05,US,804.4499999999999,438.0,
1130,US,Mobile & Tablet,-,2022-12-06,US,844.6000000000001,411.0,
1131,US,Mobile & Tablet,-,2022-12-07,US,1081.6,450.0,
1132,US,Mobile & Tablet,-,2022-12-08,US,670.0800000000002,498.0,
1133,US,Mobile & Tablet,-,2022-12-09,US,654.57,435.0,
1134,US,Mobile & Tablet,-,2022-12-10,US,582.0099999999999,332.0,
1135,US,Mobile & Tablet,-,2022-12-11,US,496.04,322.0,
1136,US,Mobile & Tablet,-,2022-12-12,US,892.34,742.0,
1137,US,Mobile & Tablet,-,2022-12-13,US,1049.7,659.0,
1138,US,Mobile & Tablet,-,2022-12-14,US,1030.63,624.0,
1139,US,Mobile & Tablet,-,2022-12-15,US,989.8700000000001,695.0,
1140,US,Mobile & Tablet,-,2022-12-16,US,710.5499999999997,618.0,
1141,US,Mobile & Tablet,-,2022-12-17,US,631.4399999999999,587.0,
1142,US,Mobile & Tablet,-,2022-12-18,US,560.7700000000001,512.0,
1143,US,Mobile & Tablet,-,2022-12-19,US,1120.0300000000002,925.0,
1144,US,Mobile & Tablet,-,2022-12-20,US,1892.6499999999999,971.0,
1145,US,Mobile & Tablet,-,2022-12-21,US,1784.18,713.0,
1146,US,Mobile & Tablet,-,2022-12-22,US,1359.6999999999998,557.0,
1147,US,Mobile & Tablet,-,2022-12-23,US,962.7800000000004,364.0,
1148,US,Mobile & Tablet,-,2022-12-24,US,0.0,40.0,
1149,US,Mobile & Tablet,-,2022-12-25,US,0.0,13.0,
1150,US,Mobile & Tablet,-,2022-12-26,US,1024.57,259.0,
1151,US,Mobile & Tablet,-,2022-12-27,US,1682.7499999999995,384.0,
1152,US,Mobile & Tablet,-,2022-12-28,US,1476.0600000000006,363.0,
1153,US,Mobile & Tablet,-,2022-12-29,US,1511.1200000000003,373.0,
1154,US,Mobile & Tablet,-,2022-12-30,US,1277.78,354.0,
1155,US,Mobile & Tablet,-,2022-12-31,US,0.0,64.0,
1156,US,Mobile & Tablet,-,2023-01-01,US,0.0,28.0,
1157,US,Mobile & Tablet,-,2023-01-02,US,1068.25,269.0,
1158,US,Mobile & Tablet,-,2023-01-03,US,1333.13,407.0,
1159,US,Mobile & Tablet,-,2023-01-04,US,979.2600000000001,388.0,
1160,US,Mobile & Tablet,-,2023-01-05,US,780.0299999999999,382.0,
1161,US,Mobile & Tablet,-,2023-01-06,US,657.87,312.0,
1162,US,Mobile & Tablet,-,2023-01-07,US,400.39,222.0,
1163,US,Mobile & Tablet,-,2023-01-08,US,370.94,221.0,
1164,US,Mobile & Tablet,-,2023-01-09,US,774.0399999999998,404.0,
1165,US,Mobile & Tablet,-,2023-01-10,US,829.46,395.0,
1166,US,Mobile & Tablet,-,2023-01-11,US,522.0500000000001,367.0,
1167,US,Mobile & Tablet,-,2023-01-12,US,533.44,338.0,
1168,US,Mobile & Tablet,-,2023-01-13,US,568.8000000000002,345.0,
1169,US,Mobile & Tablet,-,2023-01-14,US,361.7399999999999,182.0,
1170,US,Mobile & Tablet,-,2023-01-15,US,644.7499999999998,187.0,
1171,US,Mobile & Tablet,-,2023-01-16,US,1842.9699999999996,497.0,
1172,US,Mobile & Tablet,-,2023-01-17,US,2230.7699999999995,494.0,
1173,US,Mobile & Tablet,-,2023-01-18,US,2042.7300000000002,460.0,
1174,US,Mobile & Tablet,-,2023-01-19,US,1238.27,346.0,
1175,US,Mobile & Tablet,-,2023-01-20,US,1166.9800000000002,305.0,
1176,US,Mobile & Tablet,-,2023-01-21,US,891.7299999999998,216.0,
1177,US,Mobile & Tablet,-,2023-01-22,US,796.4999999999999,207.0,
1178,US,Mobile & Tablet,-,2023-01-23,US,2212.3099999999995,467.0,
1179,US,Mobile & Tablet,-,2023-01-24,US,3718.4800000000005,452.0,
1180,US,Mobile & Tablet,-,2023-01-25,US,3375.3700000000003,409.0,
1181,US,Mobile & Tablet,-,2023-01-26,US,2843.7400000000002,437.0,
1182,US,Mobile & Tablet,-,2023-01-27,US,1797.9199999999996,294.0,
1183,US,Mobile & Tablet,-,2023-01-28,US,1444.18,241.0,
1184,US,Mobile & Tablet,-,2023-01-29,US,704.14,193.0,
1185,US,Mobile & Tablet,-,2023-01-30,US,1261.4200000000003,390.0,
1186,US,Mobile & Tablet,-,2023-01-31,US,1473.1399999999999,370.0,
1187,US,Mobile & Tablet,-,2023-02-01,US,1496.8700000000001,353.0,
1188,US,Mobile & Tablet,-,2023-02-02,US,816.23,353.0,
1189,US,Mobile & Tablet,-,2023-02-03,US,812.94,298.0,
1190,US,Mobile & Tablet,-,2023-02-04,US,821.7800000000001,174.0,
1191,US,Mobile & Tablet,-,2023-02-05,US,803.83,191.0,
1192,US,Mobile & Tablet,-,2023-02-06,US,1736.13,410.0,
1193,US,Mobile & Tablet,-,2023-02-07,US,2247.23,373.0,
1194,US,Mobile & Tablet,-,2023-02-08,US,2474.6100000000006,401.0,
1195,US,Mobile & Tablet,-,2023-02-09,US,1981.7600000000002,417.0,
1196,US,Mobile & Tablet,-,2023-02-10,US,1557.5899999999997,335.0,
1197,US,Mobile & Tablet,-,2023-02-11,US,1361.5900000000006,232.0,
1198,US,Mobile & Tablet,-,2023-02-12,US,1341.38,185.0,
1199,US,Mobile & Tablet,-,2023-02-13,US,3022.62,508.0,
1200,US,Mobile & Tablet,-,2023-02-14,US,3178.93,431.0,
1201,US,Mobile & Tablet,-,2023-02-15,US,2452.38,404.0,
1202,US,Mobile & Tablet,-,2023-02-16,US,1772.6,283.0,
1203,US,Mobile & Tablet,-,2023-02-17,US,1265.52,270.0,
1204,US,Mobile & Tablet,-,2023-02-18,US,1145.6800000000003,156.0,
1205,US,Mobile & Tablet,-,2023-02-19,US,1069.71,140.0,
1206,US,Mobile & Tablet,-,2023-02-20,US,1625.5300000000002,330.0,
1207,US,Mobile & Tablet,-,2023-02-21,US,1599.0000000000002,295.0,
1208,US,Mobile & Tablet,-,2023-02-22,US,1663.1200000000001,280.0,
1209,US,Mobile & Tablet,-,2023-02-23,US,1326.76,321.0,
1210,US,Mobile & Tablet,-,2023-02-24,US,1456.3300000000004,280.0,
1211,US,Mobile & Tablet,-,2023-02-25,US,1182.0800000000002,187.0,
1212,US,Mobile & Tablet,-,2023-02-26,US,1280.9799999999998,211.0,
1213,US,Mobile & Tablet,-,2023-02-27,US,1889.42,395.0,
1214,US,Mobile & Tablet,-,2023-02-28,US,2201.06,385.0,
1215,US,Mobile & Tablet,-,2023-03-01,US,2399.59,414.0,
1216,US,Mobile & Tablet,-,2023-03-02,US,1970.1399999999996,351.0,
1217,US,Mobile & Tablet,-,2023-03-03,US,1741.86,327.0,
1218,US,Mobile & Tablet,-,2023-03-04,US,1237.0600000000002,182.0,
1219,US,Mobile & Tablet,-,2023-03-05,US,1302.02,218.0,
1220,US,Mobile & Tablet,-,2023-03-06,US,2383.2400000000002,436.0,
1221,US,Mobile & Tablet,-,2023-03-07,US,1595.2100000000003,411.0,
1222,US,Mobile & Tablet,-,2023-03-08,US,1704.49,373.0,
1223,US,Mobile & Tablet,-,2023-03-09,US,2261.5499999999997,324.0,
1224,US,Mobile & Tablet,-,2023-03-10,US,2631.8500000000004,368.0,
1225,US,Mobile & Tablet,-,2023-03-11,US,2020.74,177.0,
1226,US,Mobile & Tablet,-,2023-03-12,US,2143.08,195.0,
1227,US,Mobile & Tablet,-,2023-03-13,US,2505.8700000000003,446.0,
1228,US,Mobile & Tablet,-,2023-03-14,US,1437.01,323.0,
1229,US,Mobile & Tablet,-,2023-03-15,US,936.5699999999999,359.0,
1230,US,Mobile & Tablet,-,2023-03-16,US,1418.9399999999998,315.0,
1231,US,Mobile & Tablet,-,2023-03-17,US,1331.9799999999998,307.0,
1232,US,Mobile & Tablet,-,2023-03-18,US,839.7199999999999,176.0,
1233,US,Mobile & Tablet,-,2023-03-19,US,782.3299999999999,183.0,
1234,US,Mobile & Tablet,-,2023-03-20,US,1271.7699999999998,428.0,
1235,US,Mobile & Tablet,-,2023-03-21,US,1589.8299999999997,356.0,
1236,US,Mobile & Tablet,-,2023-03-22,US,1654.44,342.0,
1237,US,Mobile & Tablet,-,2023-03-23,US,1576.1599999999999,353.0,
1238,US,Mobile & Tablet,-,2023-03-24,US,1243.6399999999999,357.0,
1239,US,Mobile & Tablet,-,2023-03-25,US,945.94,191.0,
1240,US,Mobile & Tablet,-,2023-03-26,US,1038.13,209.0,
1241,US,Mobile & Tablet,-,2023-03-27,US,2519.51,480.0,
1242,US,Mobile & Tablet,-,2023-03-28,US,3105.399999999999,452.0,
1243,US,Mobile & Tablet,-,2023-03-29,US,3763.86,461.0,
1244,US,Mobile & Tablet,-,2023-03-30,US,3151.7599999999993,445.0,
1245,US,Mobile & Tablet,-,2023-03-31,US,3125.9999999999995,357.0,
1246,US,Mobile & Tablet,-,2023-04-01,US,3199.249999999999,207.0,
1247,US,Mobile & Tablet,-,2023-04-02,US,2802.4299999999994,236.0,
1248,US,Mobile & Tablet,-,2023-04-03,US,5604.289999999999,559.0,
1249,US,Mobile & Tablet,-,2023-04-04,US,2053.19,381.0,
1250,US,Mobile & Tablet,-,2023-04-05,US,2055.4599999999996,355.0,
1251,US,Mobile & Tablet,-,2023-04-06,US,1412.18,311.0,
1252,US,Mobile & Tablet,-,2023-04-07,US,2672.2799999999997,291.0,
1253,US,Mobile & Tablet,-,2023-04-08,US,2668.9700000000007,180.0,
1254,US,Mobile & Tablet,-,2023-04-09,US,1298.6,127.0,
1255,US,Mobile & Tablet,-,2023-04-10,US,2857.3900000000003,411.0,
1256,US,Mobile & Tablet,-,2023-04-11,US,1623.7499999999998,333.0,
1257,US,Mobile & Tablet,-,2023-04-12,US,1772.7400000000005,341.0,
1258,US,Mobile & Tablet,-,2023-04-13,US,1664.6000000000004,342.0,
1259,US,Mobile & Tablet,-,2023-04-14,US,1690.6000000000004,331.0,
1260,US,Mobile & Tablet,-,2023-04-15,US,1745.0699999999993,159.0,
1261,US,Mobile & Tablet,-,2023-04-16,US,1985.69,173.0,
1262,US,Mobile & Tablet,-,2023-04-17,US,2861.71,426.0,
1263,US,Mobile & Tablet,-,2023-04-18,US,1189.93,315.0,
1264,US,Mobile & Tablet,-,2023-04-19,US,1564.9500000000003,312.0,
1265,US,Mobile & Tablet,-,2023-04-20,US,1482.1100000000001,321.0,
1266,US,Mobile & Tablet,-,2023-04-21,US,1991.6,294.0,
1267,US,Mobile & Tablet,-,2023-04-22,US,3945.450000000001,203.0,
1268,US,Mobile & Tablet,-,2023-04-23,US,3095.5100000000007,178.0,
1269,US,Mobile & Tablet,-,2023-04-24,US,1170.98,364.0,
1270,US,Mobile & Tablet,-,2023-04-25,US,999.24,313.0,
1271,US,Mobile & Tablet,-,2023-04-26,US,1462.47,288.0,
1272,US,Mobile & Tablet,-,2023-04-27,US,861.67,317.0,
1273,US,Mobile & Tablet,-,2023-04-28,US,1082.7799999999995,241.0,
1274,US,Mobile & Tablet,-,2023-04-29,US,2321.9900000000007,183.0,
1275,US,Mobile & Tablet,-,2023-04-30,US,2311.0899999999997,190.0,
1276,US,Mobile & Tablet,-,2023-05-01,US,941.2299999999999,331.0,
1277,US,Mobile & Tablet,-,2023-05-02,US,992.4300000000002,279.0,
1278,US,Mobile & Tablet,-,2023-05-03,US,1215.83,329.0,
1279,US,Mobile & Tablet,-,2023-05-04,US,1005.0200000000001,288.0,
1280,US,Mobile & Tablet,-,2023-05-05,US,1239.9400000000003,285.0,
1281,US,Mobile & Tablet,-,2023-05-06,US,1337.75,147.0,
1282,US,Mobile & Tablet,-,2023-05-07,US,1564.5,181.0,
1283,US,Mobile & Tablet,-,2023-05-08,US,1490.6599999999999,422.0,
1284,US,Mobile & Tablet,-,2023-05-09,US,842.0100000000001,256.0,
1285,US,Mobile & Tablet,-,2023-05-10,US,665.99,295.0,
1286,US,Mobile & Tablet,-,2023-05-11,US,1148.8899999999999,335.0,
1287,US,Mobile & Tablet,-,2023-05-12,US,1052.17,288.0,
1288,US,Mobile & Tablet,-,2023-05-13,US,2155.4500000000003,186.0,
1289,US,Mobile & Tablet,-,2023-05-14,US,2750.17,148.0,
1290,US,Mobile & Tablet,-,2023-05-15,US,653.8899999999998,365.0,
1291,US,Mobile & Tablet,-,2023-05-16,US,542.21,259.0,
1292,US,Mobile & Tablet,-,2023-05-17,US,584.7300000000002,295.0,
1293,US,Mobile & Tablet,-,2023-05-18,US,880.35,293.0,
1294,US,Mobile & Tablet,-,2023-05-19,US,838.4200000000001,229.0,
1295,US,Mobile & Tablet,-,2023-05-20,US,1726.0799999999997,148.0,
1296,US,Mobile & Tablet,-,2023-05-21,US,1673.4199999999998,157.0,
1297,US,Mobile & Tablet,-,2023-05-22,US,789.9099999999999,290.0,
1298,US,Mobile & Tablet,-,2023-05-23,US,480.13999999999993,229.0,
1299,US,Mobile & Tablet,-,2023-05-24,US,574.1999999999999,226.0,
1300,US,Mobile & Tablet,-,2023-05-25,US,639.6100000000001,188.0,
1301,US,Mobile & Tablet,-,2023-05-26,US,548.7899999999998,168.0,
1302,US,Mobile & Tablet,-,2023-05-27,US,0.1,29.0,
1303,US,Mobile & Tablet,-,2023-05-28,US,0.0,23.0,
1304,US,Mobile & Tablet,-,2023-05-29,US,644.7199999999999,73.0,
1305,US,Mobile & Tablet,-,2023-05-30,US,130.01000000000002,146.0,
1306,US,Mobile & Tablet,-,2023-05-31,US,1106.4299999999998,192.0,
1307,US,Mobile & Tablet,-,2023-06-01,US,992.2999999999998,242.0,
1308,US,Mobile & Tablet,-,2023-06-02,US,2179.93,262.0,
1309,US,Mobile & Tablet,-,2023-06-03,US,2247.7300000000005,166.0,
1310,US,Mobile & Tablet,-,2023-06-04,US,1862.5499999999997,183.0,
1311,US,Mobile & Tablet,-,2023-06-05,US,3401.3499999999995,470.0,
1312,US,Mobile & Tablet,-,2023-06-06,US,1048.6899999999998,281.0,
1313,US,Mobile & Tablet,-,2023-06-07,US,2108.7999999999997,344.0,
1314,US,Mobile & Tablet,-,2023-06-08,US,2323.4299999999994,327.0,
1315,US,Mobile & Tablet,-,2023-06-09,US,2380.61,285.0,
1316,US,Mobile & Tablet,-,2023-06-10,US,2051.0299999999997,150.0,
1317,US,Mobile & Tablet,-,2023-06-11,US,1799.18,154.0,
1318,US,Mobile & Tablet,-,2023-06-12,US,1737.8300000000002,327.0,
1319,US,Mobile & Tablet,-,2023-06-13,US,942.92,334.0,
1320,US,Mobile & Tablet,-,2023-06-14,US,1672.2300000000002,339.0,
1321,US,Mobile & Tablet,-,2023-06-15,US,1412.9899999999998,330.0,
1322,US,Mobile & Tablet,-,2023-06-16,US,1954.3499999999997,325.0,
1323,US,Mobile & Tablet,-,2023-06-17,US,1177.2699999999998,153.0,
1324,US,Mobile & Tablet,-,2023-06-18,US,1260.25,126.0,
1325,US,Mobile & Tablet,-,2023-06-19,US,2895.7200000000003,377.0,
1326,US,Mobile & Tablet,-,2023-06-20,US,3795.06,438.0,
1327,US,Mobile & Tablet,-,2023-06-21,US,1273.38,294.0,
1328,US,Mobile & Tablet,-,2023-06-22,US,1214.95,365.0,
1329,US,Mobile & Tablet,-,2023-06-23,US,1657.8799999999999,375.0,
1330,US,Mobile & Tablet,-,2023-06-24,US,2519.93,244.0,
1331,US,Mobile & Tablet,-,2023-06-25,US,2343.8400000000006,181.0,
1332,US,Mobile & Tablet,-,2023-06-26,US,1774.9099999999999,414.0,
1333,US,Mobile & Tablet,-,2023-06-27,US,1066.9699999999998,350.0,
1334,US,Mobile & Tablet,-,2023-06-28,US,1298.37,408.0,
1335,US,Mobile & Tablet,-,2023-06-29,US,836.2800000000001,297.0,
1336,US,Mobile & Tablet,-,2023-06-30,US,2133.0500000000006,324.0,
1337,US,Mobile & Tablet,-,2023-07-01,US,2449.6400000000003,174.0,
1338,US,Mobile & Tablet,-,2023-07-02,US,2231.25,141.0,
1339,US,Mobile & Tablet,-,2023-07-03,US,5100.22,366.0,
1340,US,Mobile & Tablet,-,2023-07-04,US,2762.5299999999997,139.0,
1341,US,Mobile & Tablet,-,2023-07-05,US,4846.11,397.0,
1342,US,Mobile & Tablet,-,2023-07-06,US,1787.1799999999998,327.0,
1343,US,Mobile & Tablet,-,2023-07-07,US,2230.7200000000003,309.0,
1344,US,Mobile & Tablet,-,2023-07-08,US,1545.97,153.0,
1345,US,Mobile & Tablet,-,2023-07-09,US,1398.1000000000001,154.0,
1346,US,Mobile & Tablet,-,2023-07-10,US,3071.3900000000003,368.0,
1347,US,Mobile & Tablet,-,2023-07-11,US,2567.5200000000004,339.0,
1348,US,Mobile & Tablet,-,2023-07-12,US,1778.21,272.0,
1349,US,Mobile & Tablet,-,2023-07-13,US,2242.59,327.0,
1350,US,Mobile & Tablet,-,2023-07-14,US,2605.809999999999,278.0,
1351,US,Mobile & Tablet,-,2023-07-15,US,1499.1700000000005,147.0,
1352,US,Mobile & Tablet,-,2023-07-16,US,1309.9799999999998,130.0,
1353,US,Mobile & Tablet,-,2023-07-17,US,2882.43,328.0,
1354,US,Mobile & Tablet,-,2023-07-18,US,1071.9199999999998,274.0,
1355,US,Mobile & Tablet,-,2023-07-19,US,1409.7099999999998,237.0,
1356,US,Mobile & Tablet,-,2023-07-20,US,1616.52,243.0,
1357,US,Mobile & Tablet,-,2023-07-21,US,1526.9,217.0,
1358,US,Mobile & Tablet,-,2023-07-22,US,1014.3399999999998,124.0,
1359,US,Mobile & Tablet,-,2023-07-23,US,870.57,92.0,
1360,US,Mobile & Tablet,-,2023-07-24,US,1811.7500000000002,241.0,
1361,US,Mobile & Tablet,-,2023-07-25,US,561.75,198.0,
1362,US,Mobile & Tablet,-,2023-07-26,US,1071.0299999999997,204.0,
1363,US,Mobile & Tablet,-,2023-07-27,US,2014.38,225.0,
1364,US,Mobile & Tablet,-,2023-07-28,US,1669.1499999999999,227.0,
1365,US,Mobile & Tablet,-,2023-07-29,US,1235.37,136.0,
1366,US,Mobile & Tablet,-,2023-07-30,US,1071.81,87.0,
1367,US,Mobile & Tablet,-,2023-07-31,US,2273.63,328.0,
1368,US,Mobile & Tablet,-,2023-08-01,US,1657.2199999999998,221.0,
1369,US,Mobile & Tablet,-,2023-08-02,US,2123.62,275.0,
1370,US,Mobile & Tablet,-,2023-08-03,US,2249.95,236.0,
1371,US,Mobile & Tablet,-,2023-08-04,US,1758.9299999999998,225.0,
1372,US,Mobile & Tablet,-,2023-08-05,US,1139.8499999999997,94.0,
1373,US,Mobile & Tablet,-,2023-08-06,US,1022.74,102.0,
1374,US,Mobile & Tablet,-,2023-08-07,US,2166.93,243.0,
1375,US,Mobile & Tablet,-,2023-08-08,US,1266.04,244.0,
1376,US,Mobile & Tablet,-,2023-08-09,US,924.33,200.0,
1377,US,Mobile & Tablet,-,2023-08-10,US,1183.4400000000005,207.0,
1378,US,Mobile & Tablet,-,2023-08-11,US,1339.4200000000003,186.0,
1379,US,Mobile & Tablet,-,2023-08-12,US,1076.0499999999997,93.0,
1380,US,Mobile & Tablet,-,2023-08-13,US,1472.9999999999998,111.0,
1381,US,Mobile & Tablet,-,2023-08-14,US,2107.95,314.0,
1382,US,Mobile & Tablet,-,2023-08-15,US,788.5600000000001,250.0,
1383,US,Mobile & Tablet,-,2023-08-16,US,994.5,227.0,
1384,US,Mobile & Tablet,-,2023-08-17,US,1217.1899999999998,232.0,
1385,US,Mobile & Tablet,-,2023-08-18,US,885.2299999999998,199.0,
1386,US,Mobile & Tablet,-,2023-08-19,US,758.95,93.0,
1387,US,Mobile & Tablet,-,2023-08-20,US,999.1700000000001,109.0,
1388,US,Mobile & Tablet,-,2023-08-21,US,2091.34,281.0,
1389,US,Mobile & Tablet,-,2023-08-22,US,497.33000000000004,200.0,
1390,US,Mobile & Tablet,-,2023-08-23,US,595.2,215.0,
1391,US,Mobile & Tablet,-,2023-08-24,US,865.8199999999997,275.0,
1392,US,Mobile & Tablet,-,2023-08-25,US,778.8900000000001,240.0,
1393,US,Mobile & Tablet,-,2023-08-26,US,828.2700000000001,163.0,
1394,US,Mobile & Tablet,-,2023-08-27,US,851.58,145.0,
1395,US,Mobile & Tablet,-,2023-08-28,US,1694.22,278.0,
1396,US,Mobile & Tablet,-,2023-08-29,US,1653.07,338.0,
1397,US,Mobile & Tablet,-,2023-08-30,US,1473.0599999999993,307.0,
1398,US,Mobile & Tablet,-,2023-08-31,US,633.7299999999999,266.0,
1399,US,Mobile & Tablet,-,2023-09-01,US,1023.1300000000001,213.0,
1400,US,Mobile & Tablet,-,2023-09-02,US,0.0,40.0,
1401,US,Mobile & Tablet,-,2023-09-03,US,0.0,44.0,
1402,US,Mobile & Tablet,-,2023-09-04,US,0.0,49.0,
1403,US,Mobile & Tablet,-,2023-09-05,US,1252.76,319.0,
1404,US,Mobile & Tablet,-,2023-09-06,US,1016.2699999999999,305.0,
1405,US,Mobile & Tablet,-,2023-09-07,US,1311.6200000000001,280.0,
1406,US,Mobile & Tablet,-,2023-09-08,US,1377.2500000000002,265.0,
1407,US,Mobile & Tablet,-,2023-09-09,US,1093.3800000000003,140.0,
1408,US,Mobile & Tablet,-,2023-09-10,US,922.31,114.0,
1409,US,Mobile & Tablet,-,2023-09-11,US,1607.4099999999999,375.0,
1410,US,Mobile & Tablet,-,2023-09-12,US,1225.77,288.0,
1411,US,Mobile & Tablet,-,2023-09-13,US,974.4200000000001,306.0,
1412,US,Mobile & Tablet,-,2023-09-14,US,1180.39,271.0,
1413,US,Mobile & Tablet,-,2023-09-15,US,1132.8400000000001,282.0,
1414,US,Mobile & Tablet,-,2023-09-16,US,881.3500000000001,174.0,
1415,US,Mobile & Tablet,-,2023-09-17,US,621.72,144.0,
1416,US,Mobile & Tablet,-,2023-09-18,US,1159.2899999999997,308.0,
1417,US,Mobile & Tablet,-,2023-09-19,US,1348.8600000000001,319.0,
1418,US,Mobile & Tablet,-,2023-09-20,US,1131.3700000000003,331.0,
1419,US,Mobile & Tablet,-,2023-09-21,US,1319.76,300.0,
1420,US,Mobile & Tablet,-,2023-09-22,US,1219.98,223.0,
1421,US,Mobile & Tablet,-,2023-09-23,US,842.32,117.0,
1422,US,Mobile & Tablet,-,2023-09-24,US,636.48,116.0,
1423,US,Mobile & Tablet,-,2023-09-25,US,1178.66,336.0,
1424,US,Mobile & Tablet,-,2023-09-26,US,1265.5400000000004,321.0,
1425,US,Mobile & Tablet,-,2023-09-27,US,1097.8900000000003,303.0,
1426,US,Mobile & Tablet,-,2023-09-28,US,1081.56,292.0,
1427,US,Mobile & Tablet,-,2023-09-29,US,1029.65,213.0,
1428,US,Mobile & Tablet,-,2023-09-30,US,5.05,46.0,
1429,US,Mobile & Tablet,-,2023-10-01,US,614.94,110.0,
1430,US,Mobile & Tablet,-,2023-10-02,US,1413.46,299.0,
1431,US,Mobile & Tablet,-,2023-10-03,US,1658.0799999999997,303.0,
1432,US,Mobile & Tablet,-,2023-10-04,US,1302.9499999999998,290.0,
1433,US,Mobile & Tablet,-,2023-10-05,US,1437.4799999999998,286.0,
1434,US,Mobile & Tablet,-,2023-10-06,US,1212.65,229.0,
1435,US,Mobile & Tablet,-,2023-10-07,US,705.8,125.0,
1436,US,Mobile & Tablet,-,2023-10-08,US,554.1600000000001,77.0,
1437,US,Mobile & Tablet,-,2023-10-09,US,1277.2300000000002,311.0,
1438,US,Mobile & Tablet,-,2023-10-10,US,1503.16,271.0,
1439,US,Mobile & Tablet,-,2023-10-11,US,1459.7800000000002,258.0,
1440,US,Mobile & Tablet,-,2023-10-12,US,1547.2599999999998,230.0,
1441,US,Mobile & Tablet,-,2023-10-13,US,1424.14,213.0,
1442,US,Mobile & Tablet,-,2023-10-14,US,880.85,129.0,
1443,US,Mobile & Tablet,-,2023-10-15,US,573.78,95.0,
1444,US,Mobile & Tablet,-,2023-10-16,US,1178.3300000000002,266.0,
1445,US,Mobile & Tablet,-,2023-10-17,US,1365.7000000000003,228.0,
1446,US,Mobile & Tablet,-,2023-10-18,US,1295.9099999999999,252.0,
1447,US,Mobile & Tablet,-,2023-10-19,US,882.85,244.0,
1448,US,Mobile & Tablet,-,2023-10-20,US,676.0899999999999,221.0,
1449,US,Mobile & Tablet,-,2023-10-21,US,466.04,120.0,
1450,US,Mobile & Tablet,-,2023-10-22,US,351.5300000000001,105.0,
1451,US,Mobile & Tablet,-,2023-10-23,US,684.3299999999999,290.0,
1452,US,Mobile & Tablet,-,2023-10-24,US,841.5000000000001,212.0,
1453,US,Mobile & Tablet,-,2023-10-25,US,947.11,233.0,
1454,US,Mobile & Tablet,-,2023-10-26,US,962.73,220.0,
1455,US,Mobile & Tablet,-,2023-10-27,US,938.26,183.0,
1456,US,Mobile & Tablet,-,2023-10-28,US,557.4599999999999,100.0,
1457,US,Mobile & Tablet,-,2023-10-29,US,714.3,74.0,
1458,US,Mobile & Tablet,-,2023-10-30,US,1581.75,239.0,
1459,US,Mobile & Tablet,-,2023-10-31,US,1595.8,186.0,
1460,US,Mobile & Tablet,-,2023-11-01,US,1529.0500000000002,222.0,
1461,US,Mobile & Tablet,-,2023-11-02,US,970.82,194.0,
1462,US,Mobile & Tablet,-,2023-11-03,US,1112.95,237.0,
1463,US,Mobile & Tablet,-,2023-11-04,US,807.8899999999998,130.0,
1464,US,Mobile & Tablet,-,2023-11-05,US,705.09,98.0,
1465,US,Mobile & Tablet,-,2023-11-06,US,1697.4,265.0,
1466,US,Mobile & Tablet,-,2023-11-07,US,2117.8099999999995,251.0,
1467,US,Mobile & Tablet,-,2023-11-08,US,2569.2799999999993,239.0,
1468,US,Mobile & Tablet,-,2023-11-09,US,2190.0899999999997,272.0,
1469,US,Mobile & Tablet,-,2023-11-10,US,2098.1300000000006,285.0,
1470,US,Mobile & Tablet,-,2023-11-11,US,1118.12,126.0,
1471,US,Mobile & Tablet,-,2023-11-12,US,1038.02,85.0,
1472,US,Mobile & Tablet,-,2023-11-13,US,2423.02,340.0,
1473,US,Mobile & Tablet,-,2023-11-14,US,2311.4399999999996,324.0,
1474,US,Mobile & Tablet,-,2023-11-15,US,2559.3,279.0,
1475,US,Mobile & Tablet,-,2023-11-16,US,2294.6200000000003,232.0,
1476,US,Mobile & Tablet,-,2023-11-17,US,3115.5,280.0,
1477,US,Mobile & Tablet,-,2023-11-18,US,1740.45,163.0,
1478,US,Mobile & Tablet,-,2023-11-19,US,1370.88,135.0,
1479,US,Mobile & Tablet,-,2023-11-20,US,4179.1,333.0,
1480,US,Mobile & Tablet,-,2023-11-21,US,3813.6599999999994,283.0,
1481,US,Mobile & Tablet,-,2023-11-22,US,3503.9300000000003,216.0,
1482,US,Mobile & Tablet,-,2023-11-23,US,1.29,15.0,
1483,US,Mobile & Tablet,-,2023-11-24,US,3844.1899999999996,208.0,
1484,US,Mobile & Tablet,-,2023-11-25,US,2787.7,157.0,
1485,US,Mobile & Tablet,-,2023-11-26,US,2579.5199999999995,200.0,
1486,US,Mobile & Tablet,-,2023-11-27,US,5753.92,419.0,
1487,US,Mobile & Tablet,-,2023-11-28,US,4970.899999999999,376.0,
1488,US,Mobile & Tablet,-,2023-11-29,US,5040.22,451.0,
1489,US,Mobile & Tablet,-,2023-11-30,US,5341.84,395.0,
1490,US,Mobile & Tablet,-,2023-12-01,US,4627.599999999999,431.0,
1491,US,Mobile & Tablet,-,2023-12-02,US,3579.67,282.0,
1492,US,Mobile & Tablet,-,2023-12-03,US,3246.09,287.0,
1493,US,Mobile & Tablet,-,2023-12-04,US,8493.75,585.0,
1494,US,Mobile & Tablet,-,2023-12-05,US,6931.31,515.0,
1495,US,Mobile & Tablet,-,2023-12-06,US,6663.08,572.0,
1496,US,Mobile & Tablet,-,2023-12-07,US,5475.549999999999,499.0,
1497,US,Mobile & Tablet,-,2023-12-08,US,4940.76,485.0,
1498,US,Mobile & Tablet,-,2023-12-09,US,3795.91,358.0,
1499,US,Mobile & Tablet,-,2023-12-10,US,3624.4900000000007,357.0,
1500,US,Mobile & Tablet,-,2023-12-11,US,6004.0,768.0,
1501,US,Mobile & Tablet,-,2023-12-12,US,4584.36,711.0,
1502,US,Mobile & Tablet,-,2023-12-13,US,5120.949999999999,720.0,
1503,US,Mobile & Tablet,-,2023-12-14,US,5532.830000000001,813.0,
1504,US,Mobile & Tablet,-,2023-12-15,US,2096.5299999999997,649.0,
1505,US,Mobile & Tablet,-,2023-12-16,US,2005.16,496.0,
1506,US,Mobile & Tablet,-,2023-12-17,US,2286.09,466.0,
1507,US,Mobile & Tablet,-,2023-12-18,US,2281.62,983.0,
1508,US,Mobile & Tablet,-,2023-12-19,US,922.44,549.0,
1509,US,Mobile & Tablet,-,2023-12-20,US,1200.03,635.0,
1510,US,Mobile & Tablet,-,2023-12-21,US,1234.4299999999998,516.0,
1511,US,Mobile & Tablet,-,2023-12-22,US,1568.6000000000001,344.0,
1512,US,Mobile & Tablet,-,2023-12-23,US,1685.4000000000003,230.0,
1513,US,Mobile & Tablet,-,2023-12-24,US,12.52,32.0,
1514,US,Mobile & Tablet,-,2023-12-25,US,0.0,29.0,
1515,US,Mobile & Tablet,-,2023-12-26,US,1804.6399999999999,306.0,
1516,US,Mobile & Tablet,-,2023-12-27,US,1278.2599999999998,322.0,
1517,US,Mobile & Tablet,-,2023-12-28,US,505.46000000000004,211.0,
1518,US,Mobile & Tablet,-,2023-12-29,US,0.0,92.0,
1519,US,Mobile & Tablet,-,2023-12-30,US,0.0,47.0,
1520,US,Mobile & Tablet,-,2023-12-31,US,0.0,32.0,
1521,US,Mobile & Tablet,-,2024-01-01,US,651.5500000000002,68.0,
1522,US,Mobile & Tablet,-,2024-01-02,US,366.44,175.0,
1523,US,Mobile & Tablet,-,2024-01-03,US,1122.9,273.0,
1524,US,Mobile & Tablet,-,2024-01-04,US,1453.6099999999997,289.0,
1525,US,Mobile & Tablet,-,2024-01-05,US,1736.4699999999998,251.0,
1526,US,Mobile & Tablet,-,2024-01-06,US,1835.9299999999996,168.0,
1527,US,Mobile & Tablet,-,2024-01-07,US,2480.32,197.0,
1528,US,Mobile & Tablet,-,2024-01-08,US,3243.04,296.0,
1529,US,Mobile & Tablet,-,2024-01-09,US,2091.9700000000003,255.0,
1530,US,Mobile & Tablet,-,2024-01-10,US,1572.19,254.0,
1531,US,Mobile & Tablet,-,2024-01-11,US,1581.26,272.0,
1532,US,Mobile & Tablet,-,2024-01-12,US,1278.0599999999995,265.0,
1533,US,Mobile & Tablet,-,2024-01-13,US,1965.0299999999997,202.0,
1534,US,Mobile & Tablet,-,2024-01-14,US,1645.01,134.0,
1535,US,Mobile & Tablet,-,2024-01-15,US,1161.29,189.0,
1536,US,Mobile & Tablet,-,2024-01-16,US,898.0200000000001,252.0,
1537,US,Mobile & Tablet,-,2024-01-17,US,881.9700000000003,239.0,
1538,US,Mobile & Tablet,-,2024-01-18,US,1034.92,246.0,
1539,US,Mobile & Tablet,-,2024-01-19,US,609.4599999999999,221.0,
1540,US,Mobile & Tablet,-,2024-01-20,US,843.51,168.0,
1541,US,Mobile & Tablet,-,2024-01-21,US,1069.34,159.0,
1542,US,Mobile & Tablet,-,2024-01-22,US,923.0,316.0,
1543,US,Mobile & Tablet,-,2024-01-23,US,924.8299999999999,267.0,
1544,US,Mobile & Tablet,-,2024-01-24,US,1006.41,274.0,
1545,US,Mobile & Tablet,-,2024-01-25,US,579.8100000000002,255.0,
1546,US,Mobile & Tablet,-,2024-01-26,US,430.52000000000004,242.0,
1547,US,Mobile & Tablet,-,2024-01-27,US,261.84000000000003,155.0,
1548,US,Mobile & Tablet,-,2024-01-28,US,1222.9799999999998,164.0,
1549,US,Mobile & Tablet,-,2024-01-29,US,1119.25,362.0,
1550,US,Mobile & Tablet,-,2024-01-30,US,268.04999999999995,273.0,
1551,US,Mobile & Tablet,-,2024-01-31,US,340.36000000000007,257.0,
1552,US,Mobile & Tablet,-,2024-02-01,US,782.81,240.0,
1553,US,Mobile & Tablet,-,2024-02-02,US,786.02,249.0,
1554,US,Mobile & Tablet,-,2024-02-03,US,1203.5400000000002,205.0,
1555,US,Mobile & Tablet,-,2024-02-04,US,1285.15,162.0,
1556,US,Mobile & Tablet,-,2024-02-05,US,1449.2399999999998,380.0,
1557,US,Mobile & Tablet,-,2024-02-06,US,1599.48,321.0,
1558,US,Mobile & Tablet,-,2024-02-07,US,2228.6600000000008,310.0,
1559,US,Mobile & Tablet,-,2024-02-08,US,855.9399999999998,333.0,
1560,US,Mobile & Tablet,-,2024-02-09,US,641.35,235.0,
1561,US,Mobile & Tablet,-,2024-02-10,US,818.5200000000001,179.0,
1562,US,Mobile & Tablet,-,2024-02-11,US,908.0900000000003,188.0,
1563,US,Mobile & Tablet,-,2024-02-12,US,1136.9799999999998,351.0,
1564,US,Mobile & Tablet,-,2024-02-13,US,962.83,264.0,
1565,US,Mobile & Tablet,-,2024-02-14,US,926.35,334.0,
1566,US,Mobile & Tablet,-,2024-02-15,US,763.3700000000001,296.0,
1567,US,Mobile & Tablet,-,2024-02-16,US,965.9099999999999,276.0,
1568,US,Mobile & Tablet,-,2024-02-17,US,1121.24,223.0,
1569,US,Mobile & Tablet,-,2024-02-18,US,989.9899999999999,185.0,
1570,US,Mobile & Tablet,-,2024-02-19,US,1251.57,383.0,
1571,US,Mobile & Tablet,-,2024-02-20,US,1114.5700000000002,379.0,
1572,US,Mobile & Tablet,-,2024-02-21,US,1440.45,339.0,
1573,US,Mobile & Tablet,-,2024-02-22,US,1098.29,319.0,
1574,US,Mobile & Tablet,-,2024-02-23,US,1011.1599999999999,292.0,
1575,US,Mobile & Tablet,-,2024-02-24,US,806.97,182.0,
1576,US,Mobile & Tablet,-,2024-02-25,US,658.4200000000001,168.0,
1577,US,Mobile & Tablet,-,2024-02-26,US,1011.4499999999999,350.0,
1578,US,Mobile & Tablet,-,2024-02-27,US,1024.8,315.0,
1579,US,Mobile & Tablet,-,2024-02-28,US,618.8599999999999,306.0,
1580,US,Mobile & Tablet,-,2024-02-29,US,180.67,166.0,
1581,US,Mobile & Tablet,-,2024-03-01,US,907.88,238.0,
1582,US,Mobile & Tablet,-,2024-03-02,US,861.3999999999999,184.0,
1583,US,Mobile & Tablet,-,2024-03-03,US,768.4100000000001,186.0,
1584,US,Mobile & Tablet,-,2024-03-04,US,1351.43,387.0,
1585,US,Mobile & Tablet,-,2024-03-05,US,1659.6399999999999,362.0,
1586,US,Mobile & Tablet,-,2024-03-06,US,1746.8500000000001,387.0,
1587,US,Mobile & Tablet,-,2024-03-07,US,1438.8499999999997,365.0,
1588,US,Mobile & Tablet,-,2024-03-08,US,1410.2899999999995,325.0,
1589,US,Mobile & Tablet,-,2024-03-09,US,1055.95,188.0,
1590,US,Mobile & Tablet,-,2024-03-10,US,932.3599999999999,170.0,
1591,US,Mobile & Tablet,-,2024-03-11,US,2030.7799999999997,418.0,
1592,US,Mobile & Tablet,-,2024-03-12,US,1943.0700000000002,416.0,
1593,US,Mobile & Tablet,-,2024-03-13,US,1449.5100000000002,389.0,
1594,US,Mobile & Tablet,-,2024-03-14,US,1708.4699999999998,337.0,
1595,US,Mobile & Tablet,-,2024-03-15,US,811.6,274.0,
1596,US,Mobile & Tablet,-,2024-03-16,US,1047.72,199.0,
1597,US,Mobile & Tablet,-,2024-03-17,US,896.7799999999999,194.0,
1598,US,Mobile & Tablet,-,2024-03-18,US,1665.55,423.0,
1599,US,Mobile & Tablet,-,2024-03-19,US,1895.0300000000002,416.0,
1600,US,Mobile & Tablet,-,2024-03-20,US,2545.7899999999995,400.0,
1601,US,Mobile & Tablet,-,2024-03-21,US,2093.99,404.0,
1602,US,Mobile & Tablet,-,2024-03-22,US,1811.91,339.0,
1603,US,Mobile & Tablet,-,2024-03-23,US,1629.8000000000002,217.0,
1604,US,Mobile & Tablet,-,2024-03-24,US,1401.67,261.0,
1605,US,Mobile & Tablet,-,2024-03-25,US,2643.94,471.0,
1606,US,Mobile & Tablet,-,2024-03-26,US,3288.460000000001,426.0,
1607,US,Mobile & Tablet,-,2024-03-27,US,3116.4999999999995,330.0,
1608,US,Mobile & Tablet,-,2024-03-28,US,2187.1899999999996,221.0,
1609,US,Mobile & Tablet,-,2024-03-29,US,2034.88,304.0,
1610,US,Mobile & Tablet,-,2024-03-30,US,1890.87,196.0,
1611,US,Mobile & Tablet,-,2024-03-31,US,1497.85,164.0,
1612,US,Mobile & Tablet,-,2024-04-01,US,2370.63,334.0,
1613,US,Mobile & Tablet,-,2024-04-02,US,2654.5100000000007,297.0,
1614,US,Mobile & Tablet,-,2024-04-03,US,2370.97,325.0,
1615,US,Mobile & Tablet,-,2024-04-04,US,2632.0599999999995,262.0,
1616,US,Mobile & Tablet,-,2024-04-05,US,2375.99,209.0,
1617,US,Mobile & Tablet,-,2024-04-06,US,2394.5899999999997,147.0,
1618,US,Mobile & Tablet,-,2024-04-07,US,1943.7099999999998,158.0,
1619,US,Mobile & Tablet,-,2024-04-08,US,3039.9700000000007,331.0,
1620,US,Mobile & Tablet,-,2024-04-09,US,2947.35,278.0,
1621,US,Mobile & Tablet,-,2024-04-10,US,2403.4200000000005,259.0,
1622,US,Mobile & Tablet,-,2024-04-11,US,2161.41,264.0,
1623,US,Mobile & Tablet,-,2024-04-12,US,2157.32,220.0,
1624,US,Mobile & Tablet,-,2024-04-13,US,1676.0900000000004,156.0,
1625,US,Mobile & Tablet,-,2024-04-14,US,1316.8999999999999,147.0,
1626,US,Mobile & Tablet,-,2024-04-15,US,2381.7399999999993,335.0,
1627,US,Mobile & Tablet,-,2024-04-16,US,2392.6,277.0,
1628,US,Mobile & Tablet,-,2024-04-17,US,2116.4,312.0,
1629,US,Mobile & Tablet,-,2024-04-18,US,2251.86,290.0,
1630,US,Mobile & Tablet,-,2024-04-19,US,2002.1000000000001,218.0,
1631,US,Mobile & Tablet,-,2024-04-20,US,1752.63,108.0,
1632,US,Mobile & Tablet,-,2024-04-21,US,1600.34,137.0,
1633,US,Mobile & Tablet,-,2024-04-22,US,3090.9,329.0,
1634,US,Mobile & Tablet,-,2024-04-23,US,3075.78,275.0,
1635,US,Mobile & Tablet,-,2024-04-24,US,2266.5899999999997,273.0,
1636,US,Mobile & Tablet,-,2024-04-25,US,2089.96,212.0,
1637,US,Mobile & Tablet,-,2024-04-26,US,1937.7299999999996,189.0,
1638,US,Mobile & Tablet,-,2024-04-27,US,1554.36,136.0,
1639,US,Mobile & Tablet,-,2024-04-28,US,1295.7900000000002,129.0,
1640,US,Mobile & Tablet,-,2024-04-29,US,2342.4100000000003,267.0,
1641,US,Mobile & Tablet,-,2024-04-30,US,2429.85,216.0,
1642,US,Desktop,-,2022-11-01,US,25764.667272727274,21857.272727272728,1.0
1643,US,Desktop,-,2022-11-02,US,21343.571818181816,19092.0,2.0
1644,US,Desktop,-,2022-11-03,US,22669.44727272727,19322.363636363636,3.0
1645,US,Desktop,-,2022-11-04,US,24206.993636363637,19736.363636363636,4.0
1646,US,Desktop,-,2022-11-05,US,23881.49909090909,20415.272727272728,5.0
1647,US,Desktop,-,2022-11-06,US,24990.73363636364,23000.909090909092,6.0
1648,US,Desktop,-,2022-11-07,US,26967.815454545456,25097.18181818182,7.0
1649,US,Desktop,-,2022-11-08,US,24702.232727272727,22713.272727272728,8.0
1650,US,Desktop,-,2022-11-09,US,20360.244545454545,19852.0,9.0
1651,US,Desktop,-,2022-11-10,US,22148.88181818182,20250.0,10.0
1652,US,Desktop,-,2022-11-11,US,25982.64181818182,22896.090909090908,11.0
1653,US,Desktop,-,2022-11-12,US,26202.797272727275,26297.81818181818,12.0
1654,US,Desktop,-,2022-11-13,US,24268.58090909091,23598.0,13.0
1655,US,Desktop,-,2022-11-14,US,24630.815454545453,25414.090909090908,14.0
1656,US,Desktop,-,2022-11-15,US,23269.278181818183,22177.090909090908,15.0
1657,US,Desktop,-,2022-11-16,US,21982.23363636364,20058.090909090908,16.0
1658,US,Desktop,-,2022-11-17,US,20623.74909090909,19518.363636363636,17.0
1659,US,Desktop,-,2022-11-18,US,23609.322727272727,22204.0,18.0
1660,US,Desktop,-,2022-11-19,US,25588.74,23748.81818181818,19.0
1661,US,Desktop,-,2022-11-20,US,25684.615454545456,22688.090909090908,20.0
1662,US,Desktop,-,2022-11-21,US,25492.94,24171.18181818182,21.0
1663,US,Desktop,-,2022-11-22,US,22095.11909090909,21115.0,22.0
1664,US,Desktop,-,2022-11-23,US,21812.649999999998,18157.545454545456,23.0
1665,US,Desktop,-,2022-11-24,US,23278.326363636363,19873.636363636364,24.0
1666,US,Desktop,-,2022-11-25,US,22588.981818181815,22164.727272727272,25.0
1667,US,Desktop,-,2022-11-26,US,22829.91,20209.454545454544,26.0
1668,US,Desktop,-,2022-11-27,US,23922.100909090906,21487.363636363636,27.0
1669,US,Desktop,-,2022-11-28,US,27378.93727272727,24198.454545454544,28.0
1670,US,Desktop,-,2022-11-29,US,23229.614,20262.8,29.0
1671,US,Desktop,-,2022-11-30,US,16328.323,14943.8,30.0
1672,US,Mobile & Tablet,-,2022-11-01,US,981.1545454545455,104.72727272727273,1.0
1673,US,Mobile & Tablet,-,2022-11-02,US,766.9281818181818,105.18181818181819,2.0
1674,US,Mobile & Tablet,-,2022-11-03,US,812.4245454545454,112.63636363636364,3.0
1675,US,Mobile & Tablet,-,2022-11-04,US,948.2399999999999,111.36363636363636,4.0
1676,US,Mobile & Tablet,-,2022-11-05,US,1084.6427272727271,135.0,5.0
1677,US,Mobile & Tablet,-,2022-11-06,US,1092.828181818182,132.0909090909091,6.0
1678,US,Mobile & Tablet,-,2022-11-07,US,1238.2545454545455,142.36363636363637,7.0
1679,US,Mobile & Tablet,-,2022-11-08,US,1103.309090909091,129.0909090909091,8.0
1680,US,Mobile & Tablet,-,2022-11-09,US,1040.1699999999998,124.72727272727273,9.0
1681,US,Mobile & Tablet,-,2022-11-10,US,826.8599999999999,98.54545454545455,10.0
1682,US,Mobile & Tablet,-,2022-11-11,US,778.3254545454546,106.54545454545455,11.0
1683,US,Mobile & Tablet,-,2022-11-12,US,808.6527272727272,142.36363636363637,12.0
1684,US,Mobile & Tablet,-,2022-11-13,US,582.8345454545455,129.45454545454547,13.0
1685,US,Mobile & Tablet,-,2022-11-14,US,879.6354545454545,127.45454545454545,14.0
1686,US,Mobile & Tablet,-,2022-11-15,US,932.339090909091,139.45454545454547,15.0
1687,US,Mobile & Tablet,-,2022-11-16,US,803.8390909090908,134.36363636363637,16.0
1688,US,Mobile & Tablet,-,2022-11-17,US,864.5272727272727,142.72727272727272,17.0
1689,US,Mobile & Tablet,-,2022-11-18,US,1163.9381818181819,139.54545454545453,18.0
1690,US,Mobile & Tablet,-,2022-11-19,US,1495.61,184.9090909090909,19.0
1691,US,Mobile & Tablet,-,2022-11-20,US,1563.1754545454546,188.27272727272728,20.0
1692,US,Mobile & Tablet,-,2022-11-21,US,1629.5836363636365,168.45454545454547,21.0
1693,US,Mobile & Tablet,-,2022-11-22,US,1354.118181818182,127.18181818181819,22.0
1694,US,Mobile & Tablet,-,2022-11-23,US,1152.479090909091,119.0909090909091,23.0
1695,US,Mobile & Tablet,-,2022-11-24,US,1562.359090909091,114.45454545454545,24.0
1696,US,Mobile & Tablet,-,2022-11-25,US,1522.4754545454548,113.72727272727273,25.0
1697,US,Mobile & Tablet,-,2022-11-26,US,1592.207272727273,129.1818181818182,26.0
1698,US,Mobile & Tablet,-,2022-11-27,US,1503.0936363636358,134.1818181818182,27.0
1699,US,Mobile & Tablet,-,2022-11-28,US,1305.449090909091,129.8181818181818,28.0
1700,US,Mobile & Tablet,-,2022-11-29,US,1061.997,106.3,29.0
1701,US,Mobile & Tablet,-,2022-11-30,US,983.997,110.1,30.0
